"../../../Engine/Plugins/2D/Paper2D/Content/PlaceholderTextures/DummySpriteTexture.ubulk" 0
"../../../Engine/Plugins/2D/Paper2D/Content/PlaceholderTextures/DummySpriteTexture.uasset" 1
"../../../Engine/Plugins/2D/Paper2D/Content/PlaceholderTextures/DummySpriteTexture.uexp" 2
"../../../Engine/Plugins/2D/Paper2D/Content/DummySprite.uasset" 3
"../../../Engine/Plugins/2D/Paper2D/Content/DummySprite.uexp" 4
"../../../Engine/Plugins/2D/Paper2D/Content/DefaultPaperTerrainMaterial.uasset" 5
"../../../Engine/Plugins/2D/Paper2D/Content/DefaultPaperTerrainMaterial.uexp" 6
"../../../Engine/Content/Animation/DefaultRecorderBoneCompression.uasset" 7
"../../../Engine/Content/Animation/DefaultRecorderBoneCompression.uexp" 8
"../../../Engine/Content/EngineSounds/Master.uasset" 9
"../../../Engine/Content/EngineSounds/Master.uexp" 10
"../../../Engine/Content/EngineMaterials/DefaultDestructiblePhysicalMaterial.uasset" 11
"../../../Engine/Content/EngineMaterials/DefaultDestructiblePhysicalMaterial.uexp" 12
"../../../Engine/Content/EngineFonts/Faces/DroidSansFallback.uexp" 13
"../../../Engine/Content/EngineFonts/Faces/DroidSansFallback.uasset" 14
"../../../Engine/Content/EngineFonts/Faces/DroidSansFallback.ufont" 15
"../../../Engine/Content/EngineFonts/Faces/RobotoBold.uexp" 16
"../../../Engine/Content/EngineFonts/Faces/RobotoBold.uasset" 17
"../../../Engine/Content/EngineFonts/Faces/RobotoBold.ufont" 18
"../../../Engine/Content/EngineFonts/Faces/RobotoBoldItalic.uexp" 19
"../../../Engine/Content/EngineFonts/Faces/RobotoBoldItalic.uasset" 20
"../../../Engine/Content/EngineFonts/Faces/RobotoBoldItalic.ufont" 21
"../../../Engine/Content/EngineFonts/Faces/RobotoItalic.uexp" 22
"../../../Engine/Content/EngineFonts/Faces/RobotoItalic.uasset" 23
"../../../Engine/Content/EngineFonts/Faces/RobotoItalic.ufont" 24
"../../../Engine/Content/EngineFonts/Faces/RobotoLight.uexp" 25
"../../../Engine/Content/EngineFonts/Faces/RobotoLight.uasset" 26
"../../../Engine/Content/EngineFonts/Faces/RobotoLight.ufont" 27
"../../../Engine/Content/EngineFonts/Faces/RobotoRegular.uexp" 28
"../../../Engine/Content/EngineFonts/Faces/RobotoRegular.uasset" 29
"../../../Engine/Content/EngineFonts/Faces/RobotoRegular.ufont" 30
"../../../Engine/Content/EngineFonts/Roboto.uasset" 31
"../../../Engine/Content/EngineFonts/Roboto.uexp" 32
"../../../Engine/Content/EngineFonts/Faces/DroidSansMono.uexp" 33
"../../../Engine/Content/EngineFonts/Faces/DroidSansMono.uasset" 34
"../../../Engine/Content/EngineFonts/Faces/DroidSansMono.ufont" 35
"../../../Engine/Content/EngineFonts/DroidSansMono.uasset" 36
"../../../Engine/Content/EngineFonts/DroidSansMono.uexp" 37
"../../../Engine/Plugins/Interchange/Runtime/Content/Pipelines/DefaultTexturePipeline.uasset" 38
"../../../Engine/Plugins/Interchange/Runtime/Content/Pipelines/DefaultTexturePipeline.uexp" 39
"../../../Engine/Plugins/Interchange/Runtime/Content/Pipelines/DefaultSceneLevelPipeline.uasset" 40
"../../../Engine/Plugins/Interchange/Runtime/Content/Pipelines/DefaultSceneLevelPipeline.uexp" 41
"../../../Engine/Plugins/Interchange/Runtime/Content/Pipelines/DefaultSceneAssetsPipeline.uasset" 42
"../../../Engine/Plugins/Interchange/Runtime/Content/Pipelines/DefaultSceneAssetsPipeline.uexp" 43
"../../../Engine/Plugins/Interchange/Runtime/Content/Pipelines/DefaultMaterialXPipeline.uasset" 44
"../../../Engine/Plugins/Interchange/Runtime/Content/Pipelines/DefaultMaterialXPipeline.uexp" 45
"../../../Engine/Plugins/Interchange/Runtime/Content/Pipelines/DefaultMaterialPipeline.uasset" 46
"../../../Engine/Plugins/Interchange/Runtime/Content/Pipelines/DefaultMaterialPipeline.uexp" 47
"../../../Engine/Plugins/Interchange/Runtime/Content/Pipelines/DefaultGLTFSceneAssetsPipeline.uasset" 48
"../../../Engine/Plugins/Interchange/Runtime/Content/Pipelines/DefaultGLTFSceneAssetsPipeline.uexp" 49
"../../../Engine/Plugins/Interchange/Runtime/Content/Pipelines/DefaultGLTFPipeline.uasset" 50
"../../../Engine/Plugins/Interchange/Runtime/Content/Pipelines/DefaultGLTFPipeline.uexp" 51
"../../../Engine/Plugins/Interchange/Runtime/Content/Pipelines/DefaultGLTFAssetsPipeline.uasset" 52
"../../../Engine/Plugins/Interchange/Runtime/Content/Pipelines/DefaultGLTFAssetsPipeline.uexp" 53
"../../../Engine/Plugins/Interchange/Runtime/Content/Pipelines/DefaultAssetsPipeline.uasset" 54
"../../../Engine/Plugins/Interchange/Runtime/Content/Pipelines/DefaultAssetsPipeline.uexp" 55
"../../../Engine/Plugins/Animation/ControlRig/Content/Controls/DefaultGizmoLibraryNormalized.uasset" 56
"../../../Engine/Plugins/Animation/ControlRig/Content/Controls/DefaultGizmoLibraryNormalized.uexp" 57
"../../../Engine/Content/MobileResources/HUD/VirtualJoystick_Thumb.uasset" 58
"../../../Engine/Content/MobileResources/HUD/VirtualJoystick_Thumb.uexp" 59
"../../../Engine/Content/MobileResources/HUD/VirtualJoystick_Background.uasset" 60
"../../../Engine/Content/MobileResources/HUD/VirtualJoystick_Background.uexp" 61
"../../../Engine/Content/MobileResources/HUD/DefaultVirtualJoysticks.uasset" 62
"../../../Engine/Content/MobileResources/HUD/DefaultVirtualJoysticks.uexp" 63
"../../../Engine/Content/EngineResources/GradientTexture0.uasset" 64
"../../../Engine/Content/EngineResources/GradientTexture0.uexp" 65
"../../../Engine/Content/EditorResources/S_Actor.ubulk" 66
"../../../Engine/Content/EditorResources/S_Actor.uasset" 67
"../../../Engine/Content/EditorResources/S_Actor.uexp" 68
"../../../Engine/Content/EditorResources/S_Trigger.ubulk" 69
"../../../Engine/Content/EditorResources/S_Trigger.uasset" 70
"../../../Engine/Content/EditorResources/S_Trigger.uexp" 71
"../../../Engine/Content/EditorResources/S_BoxReflectionCapture.uasset" 72
"../../../Engine/Content/EditorResources/S_BoxReflectionCapture.uexp" 73
"../../../Engine/Content/EditorResources/S_TriggerBox.uasset" 74
"../../../Engine/Content/EditorResources/S_TriggerBox.uexp" 75
"../../../Engine/Content/EditorResources/S_TriggerCapsule.uasset" 76
"../../../Engine/Content/EditorResources/S_TriggerCapsule.uexp" 77
"../../../Engine/Content/EditorResources/S_TriggerSphere.uasset" 78
"../../../Engine/Content/EditorResources/S_TriggerSphere.uexp" 79
"../../../Engine/Content/EngineMeshes/Sphere.ubulk" 80
"../../../Engine/Content/EngineMeshes/Sphere.uasset" 81
"../../../Engine/Content/EngineMeshes/Sphere.uexp" 82
"../../../Engine/Content/EngineResources/DefaultTextureCube.uasset" 83
"../../../Engine/Content/EngineResources/DefaultTextureCube.uexp" 84
"../../../Engine/Plugins/2D/Paper2D/Content/DefaultSpriteMaterial.uasset" 85
"../../../Engine/Plugins/2D/Paper2D/Content/DefaultSpriteMaterial.uexp" 86
"../../../Engine/Plugins/2D/Paper2D/Content/OpaqueUnlitSpriteMaterial.uasset" 87
"../../../Engine/Plugins/2D/Paper2D/Content/OpaqueUnlitSpriteMaterial.uexp" 88
"../../../Engine/Plugins/2D/Paper2D/Content/MaskedUnlitSpriteMaterial.uasset" 89
"../../../Engine/Plugins/2D/Paper2D/Content/MaskedUnlitSpriteMaterial.uexp" 90
"../../../Engine/Plugins/NNE/NNEDenoiser/Content/NNE_oidn2-3-0_rt_hdr_calb_cnrm_large__dyn__fp16_opset11_ForwardAlpha.uasset" 91
"../../../Engine/Plugins/NNE/NNEDenoiser/Content/NNE_oidn2-3-0_rt_hdr_calb_cnrm_large__dyn__fp16_opset11_ForwardAlpha.uexp" 92
"../../../Engine/Plugins/NNE/NNEDenoiser/Content/NNE_oidn2-3-0_rt_hdr_calb_cnrm_large__dyn__fp16_opset11_DenoiseAlpha.uasset" 93
"../../../Engine/Plugins/NNE/NNEDenoiser/Content/NNE_oidn2-3-0_rt_hdr_calb_cnrm_large__dyn__fp16_opset11_DenoiseAlpha.uexp" 94
"../../../Engine/Plugins/NNE/NNEDenoiser/Content/NNE_oidn2-3-0_rt_hdr_alb_nrm__dyn__fp16_opset11_ForwardAlpha.uasset" 95
"../../../Engine/Plugins/NNE/NNEDenoiser/Content/NNE_oidn2-3-0_rt_hdr_alb_nrm__dyn__fp16_opset11_ForwardAlpha.uexp" 96
"../../../Engine/Plugins/NNE/NNEDenoiser/Content/NNE_oidn2-3-0_rt_hdr_alb_nrm__dyn__fp16_opset11_DenoiseAlpha.uasset" 97
"../../../Engine/Plugins/NNE/NNEDenoiser/Content/NNE_oidn2-3-0_rt_hdr_alb_nrm__dyn__fp16_opset11_DenoiseAlpha.uexp" 98
"../../../Engine/Plugins/NNE/NNEDenoiser/Content/NNE_oidn2-3-0_rt_hdr_alb_nrm_small__dyn__fp16_opset11_ForwardAlpha.uasset" 99
"../../../Engine/Plugins/NNE/NNEDenoiser/Content/NNE_oidn2-3-0_rt_hdr_alb_nrm_small__dyn__fp16_opset11_ForwardAlpha.uexp" 100
"../../../Engine/Plugins/NNE/NNEDenoiser/Content/NNE_oidn2-3-0_rt_hdr_alb_nrm_small__dyn__fp16_opset11_DenoiseAlpha.uasset" 101
"../../../Engine/Plugins/NNE/NNEDenoiser/Content/NNE_oidn2-3-0_rt_hdr_alb_nrm_small__dyn__fp16_opset11_DenoiseAlpha.uexp" 102
"../../../Engine/Plugins/NNE/NNEDenoiser/Content/NNEDTOM_Output_Default.uasset" 103
"../../../Engine/Plugins/NNE/NNEDenoiser/Content/NNEDTOM_Output_Default.uexp" 104
"../../../Engine/Plugins/NNE/NNEDenoiser/Content/NNEDTOM_Output_Alpha.uasset" 105
"../../../Engine/Plugins/NNE/NNEDenoiser/Content/NNEDTOM_Output_Alpha.uexp" 106
"../../../Engine/Plugins/NNE/NNEDenoiser/Content/NNEDTIM_ColorAlbedoNormal_Default.uasset" 107
"../../../Engine/Plugins/NNE/NNEDenoiser/Content/NNEDTIM_ColorAlbedoNormal_Default.uexp" 108
"../../../Engine/Plugins/NNE/NNEDenoiser/Content/NNEDTIM_ColorAlbedoNormal_Alpha.uasset" 109
"../../../Engine/Plugins/NNE/NNEDenoiser/Content/NNEDTIM_ColorAlbedoNormal_Alpha.uexp" 110
"../../../Engine/Plugins/NNE/NNEDenoiser/Content/NNEDOM_Output_Default.uasset" 111
"../../../Engine/Plugins/NNE/NNEDenoiser/Content/NNEDOM_Output_Default.uexp" 112
"../../../Engine/Plugins/NNE/NNEDenoiser/Content/NNEDOM_Output_Alpha.uasset" 113
"../../../Engine/Plugins/NNE/NNEDenoiser/Content/NNEDOM_Output_Alpha.uexp" 114
"../../../Engine/Plugins/NNE/NNEDenoiser/Content/NNEDIM_HighQuality_Default.uasset" 115
"../../../Engine/Plugins/NNE/NNEDenoiser/Content/NNEDIM_HighQuality_Default.uexp" 116
"../../../Engine/Plugins/NNE/NNEDenoiser/Content/NNEDIM_HighQuality_Alpha.uasset" 117
"../../../Engine/Plugins/NNE/NNEDenoiser/Content/NNEDIM_HighQuality_Alpha.uexp" 118
"../../../Engine/Plugins/NNE/NNEDenoiser/Content/NNEDIM_ColorAlbedoNormal_Default.uasset" 119
"../../../Engine/Plugins/NNE/NNEDenoiser/Content/NNEDIM_ColorAlbedoNormal_Default.uexp" 120
"../../../Engine/Plugins/NNE/NNEDenoiser/Content/NNEDIM_ColorAlbedoNormal_Alpha.uasset" 121
"../../../Engine/Plugins/NNE/NNEDenoiser/Content/NNEDIM_ColorAlbedoNormal_Alpha.uexp" 122
"../../../Engine/Content/EngineMaterials/T_Default_Material_Grid_M.ubulk" 123
"../../../Engine/Content/EngineMaterials/T_Default_Material_Grid_M.uasset" 124
"../../../Engine/Content/EngineMaterials/T_Default_Material_Grid_M.uexp" 125
"../../../Engine/Content/Functions/Engine_MaterialFunctions01/Opacity/CameraDepthFade.uasset" 126
"../../../Engine/Content/Functions/Engine_MaterialFunctions01/Opacity/CameraDepthFade.uexp" 127
"../../../Engine/Content/EngineMaterials/T_Default_Material_Grid_N.ubulk" 128
"../../../Engine/Content/EngineMaterials/T_Default_Material_Grid_N.uasset" 129
"../../../Engine/Content/EngineMaterials/T_Default_Material_Grid_N.uexp" 130
"../../../Engine/Content/EngineMaterials/WorldGridMaterial.uasset" 131
"../../../Engine/Content/EngineMaterials/WorldGridMaterial.uexp" 132
"../../../Engine/Plugins/Media/MediaPlate/Content/SM_MediaPlateScreen.ubulk" 133
"../../../Engine/Plugins/Media/MediaPlate/Content/SM_MediaPlateScreen.uasset" 134
"../../../Engine/Plugins/Media/MediaPlate/Content/SM_MediaPlateScreen.uexp" 135
"../../../Engine/Content/Functions/Engine_MaterialFunctions02/WorldPositionOffset/CameraOffset.uasset" 136
"../../../Engine/Content/Functions/Engine_MaterialFunctions02/WorldPositionOffset/CameraOffset.uexp" 137
"../../../Engine/Plugins/Animation/ControlRig/Content/M_Manip.uasset" 138
"../../../Engine/Plugins/Animation/ControlRig/Content/M_Manip.uexp" 139
"../../../Engine/Content/EditorLandscapeResources/SplineEditorMeshMat.uasset" 140
"../../../Engine/Content/EditorLandscapeResources/SplineEditorMeshMat.uexp" 141
"../../../Engine/Content/EditorLandscapeResources/SplineEditorMesh.ubulk" 142
"../../../Engine/Content/EditorLandscapeResources/SplineEditorMesh.uasset" 143
"../../../Engine/Content/EditorLandscapeResources/SplineEditorMesh.uexp" 144
"../../../Engine/Content/EditorLandscapeResources/WhiteSquareTexture.uasset" 145
"../../../Engine/Content/EditorLandscapeResources/WhiteSquareTexture.uexp" 146
"../../../Engine/Content/EditorLandscapeResources/DefaultAlphaTexture.uasset" 147
"../../../Engine/Content/EditorLandscapeResources/DefaultAlphaTexture.uexp" 148
"../../../Engine/Content/Functions/Engine_MaterialFunctions03/Math/WithinRangeFloat2.uasset" 149
"../../../Engine/Content/Functions/Engine_MaterialFunctions03/Math/WithinRangeFloat2.uexp" 150
"../../../Engine/Content/EditorLandscapeResources/SelectBrushMaterial.uasset" 151
"../../../Engine/Content/EditorLandscapeResources/SelectBrushMaterial.uexp" 152
"../../../Engine/Content/EditorLandscapeResources/SelectBrushMaterial_SelectedRegion.uasset" 153
"../../../Engine/Content/EditorLandscapeResources/SelectBrushMaterial_SelectedRegion.uexp" 154
"../../../Engine/Content/EditorLandscapeResources/SelectBrushMaterial_Selected.uasset" 155
"../../../Engine/Content/EditorLandscapeResources/SelectBrushMaterial_Selected.uexp" 156
"../../../Engine/Content/Functions/Engine_MaterialFunctions02/Utility/MakeFloat3.uasset" 157
"../../../Engine/Content/Functions/Engine_MaterialFunctions02/Utility/MakeFloat3.uexp" 158
"../../../Engine/Content/EditorLandscapeResources/MaskBrushMaterial.uasset" 159
"../../../Engine/Content/EditorLandscapeResources/MaskBrushMaterial.uexp" 160
"../../../Engine/Content/EditorLandscapeResources/MaskBrushMaterial_MaskedRegion.uasset" 161
"../../../Engine/Content/EditorLandscapeResources/MaskBrushMaterial_MaskedRegion.uexp" 162
"../../../Engine/Content/EditorLandscapeResources/LayerVisMaterial.uasset" 163
"../../../Engine/Content/EditorLandscapeResources/LayerVisMaterial.uexp" 164
"../../../Engine/Content/Functions/Engine_MaterialFunctions02/Utility/BreakOutFloat2Components.uasset" 165
"../../../Engine/Content/Functions/Engine_MaterialFunctions02/Utility/BreakOutFloat2Components.uexp" 166
"../../../Engine/Content/Functions/Engine_MaterialFunctions01/Texturing/ScaleUVsByCenter.uasset" 167
"../../../Engine/Content/Functions/Engine_MaterialFunctions01/Texturing/ScaleUVsByCenter.uexp" 168
"../../../Engine/Content/EngineMaterials/DefaultDiffuse.ubulk" 169
"../../../Engine/Content/EngineMaterials/DefaultDiffuse.uasset" 170
"../../../Engine/Content/EngineMaterials/DefaultDiffuse.uexp" 171
"../../../Engine/Content/Functions/Engine_MaterialFunctions01/Texturing/TextureCropping.uasset" 172
"../../../Engine/Content/Functions/Engine_MaterialFunctions01/Texturing/TextureCropping.uexp" 173
"../../../Engine/Content/Functions/Engine_MaterialFunctions02/ExampleContent/DebugNumberStrip.uasset" 174
"../../../Engine/Content/Functions/Engine_MaterialFunctions02/ExampleContent/DebugNumberStrip.uexp" 175
"../../../Engine/Content/Functions/Engine_MaterialFunctions01/Debug/DebugIntValues.uasset" 176
"../../../Engine/Content/Functions/Engine_MaterialFunctions01/Debug/DebugIntValues.uexp" 177
"../../../Engine/Content/Functions/Engine_MaterialFunctions02/WorldPositionOffset/LocalPosition.uasset" 178
"../../../Engine/Content/Functions/Engine_MaterialFunctions02/WorldPositionOffset/LocalPosition.uexp" 179
"../../../Engine/Content/EditorLandscapeResources/LandscapeLayerUsageMaterial.uasset" 180
"../../../Engine/Content/EditorLandscapeResources/LandscapeLayerUsageMaterial.uexp" 181
"../../../Engine/Content/EditorLandscapeResources/LandscapeDirtyMaterial.uasset" 182
"../../../Engine/Content/EditorLandscapeResources/LandscapeDirtyMaterial.uexp" 183
"../../../Engine/Content/EditorLandscapeResources/ColorMaskBrushMaterial.uasset" 184
"../../../Engine/Content/EditorLandscapeResources/ColorMaskBrushMaterial.uexp" 185
"../../../Engine/Content/EditorLandscapeResources/ColorMaskBrushMaterial_MaskedRegion.uasset" 186
"../../../Engine/Content/EditorLandscapeResources/ColorMaskBrushMaterial_MaskedRegion.uexp" 187
"../../../Engine/Content/EngineMaterials/DefaultMaterial.uasset" 188
"../../../Engine/Content/EngineMaterials/DefaultMaterial.uexp" 189
"../../../Engine/Content/BasicShapes/Cylinder.ubulk" 190
"../../../Engine/Content/BasicShapes/Cylinder.uasset" 191
"../../../Engine/Content/BasicShapes/Cylinder.uexp" 192
"../../../Engine/Content/BasicShapes/Cube.ubulk" 193
"../../../Engine/Content/BasicShapes/Cube.uasset" 194
"../../../Engine/Content/BasicShapes/Cube.uexp" 195
"../../../Engine/Content/BasicShapes/Cone.ubulk" 196
"../../../Engine/Content/BasicShapes/Cone.uasset" 197
"../../../Engine/Content/BasicShapes/Cone.uexp" 198
"../../../Engine/Content/BasicShapes/BasicShapeMaterial.uasset" 199
"../../../Engine/Content/BasicShapes/BasicShapeMaterial.uexp" 200
"../../../Engine/Content/EngineSky/M_SimpleSkyDome.uasset" 201
"../../../Engine/Content/EngineSky/M_SimpleSkyDome.uexp" 202
"../../../Engine/Content/EngineResources/WhiteSquareTexture.uasset" 203
"../../../Engine/Content/EngineResources/WhiteSquareTexture.uexp" 204
"../../../Engine/Content/EngineMaterials/Widget3DPassThrough.uasset" 205
"../../../Engine/Content/EngineMaterials/Widget3DPassThrough.uexp" 206
"../../../Engine/Content/EngineMaterials/Widget3DPassThrough_Translucent.uasset" 207
"../../../Engine/Content/EngineMaterials/Widget3DPassThrough_Translucent.uexp" 208
"../../../Engine/Content/EngineMaterials/Widget3DPassThrough_Translucent_OneSided.uasset" 209
"../../../Engine/Content/EngineMaterials/Widget3DPassThrough_Translucent_OneSided.uexp" 210
"../../../Engine/Content/EngineMaterials/Widget3DPassThrough_Opaque.uasset" 211
"../../../Engine/Content/EngineMaterials/Widget3DPassThrough_Opaque.uexp" 212
"../../../Engine/Content/EngineMaterials/Widget3DPassThrough_Opaque_OneSided.uasset" 213
"../../../Engine/Content/EngineMaterials/Widget3DPassThrough_Opaque_OneSided.uexp" 214
"../../../Engine/Content/EngineMaterials/Widget3DPassThrough_Masked_OneSided.uasset" 215
"../../../Engine/Content/EngineMaterials/Widget3DPassThrough_Masked_OneSided.uexp" 216
"../../../Engine/Content/EngineMaterials/Widget3DPassThrough_Masked.uasset" 217
"../../../Engine/Content/EngineMaterials/Widget3DPassThrough_Masked.uexp" 218
"../../../Engine/Content/EngineMaterials/RemoveSurfaceMaterial.uasset" 219
"../../../Engine/Content/EngineMaterials/RemoveSurfaceMaterial.uexp" 220
"../../../Engine/Content/EngineMaterials/PreintegratedSkinBRDF.uasset" 221
"../../../Engine/Content/EngineMaterials/PreintegratedSkinBRDF.uexp" 222
"../../../Engine/Content/EngineMaterials/DefaultCalibrationGrayscale.uasset" 223
"../../../Engine/Content/EngineMaterials/DefaultCalibrationGrayscale.uexp" 224
"../../../Engine/Content/EngineMaterials/PPM_DefaultCalibrationGrayscale.uasset" 225
"../../../Engine/Content/EngineMaterials/PPM_DefaultCalibrationGrayscale.uexp" 226
"../../../Engine/Content/EngineMaterials/DefaultCalibrationColor.uasset" 227
"../../../Engine/Content/EngineMaterials/DefaultCalibrationColor.uexp" 228
"../../../Engine/Content/EngineMaterials/PPM_DefaultCalibrationColor.uasset" 229
"../../../Engine/Content/EngineMaterials/PPM_DefaultCalibrationColor.uexp" 230
"../../../Engine/Content/EngineMaterials/PhAT_JointLimitMaterial.uasset" 231
"../../../Engine/Content/EngineMaterials/PhAT_JointLimitMaterial.uexp" 232
"../../../Engine/Content/EngineMaterials/NaniteHiddenSectionMaterial.uasset" 233
"../../../Engine/Content/EngineMaterials/NaniteHiddenSectionMaterial.uexp" 234
"../../../Engine/Content/EngineMaterials/InvalidLightmapSettings.ubulk" 235
"../../../Engine/Content/EngineMaterials/InvalidLightmapSettings.uasset" 236
"../../../Engine/Content/EngineMaterials/InvalidLightmapSettings.uexp" 237
"../../../Engine/Content/EngineMaterials/M_InvalidLightmapSettings.uasset" 238
"../../../Engine/Content/EngineMaterials/M_InvalidLightmapSettings.uexp" 239
"../../../Engine/Content/EngineMaterials/MiniFont.uasset" 240
"../../../Engine/Content/EngineMaterials/MiniFont.uexp" 241
"../../../Engine/Content/EngineMaterials/GizmoMaterial.uasset" 242
"../../../Engine/Content/EngineMaterials/GizmoMaterial.uexp" 243
"../../../Engine/Content/EngineMaterials/BaseFlattenDiffuseMap_VT.ubulk" 244
"../../../Engine/Content/EngineMaterials/BaseFlattenDiffuseMap_VT.uasset" 245
"../../../Engine/Content/EngineMaterials/BaseFlattenDiffuseMap_VT.uexp" 246
"../../../Engine/Content/EngineMaterials/BaseFlattenEmissiveMap_VT.ubulk" 247
"../../../Engine/Content/EngineMaterials/BaseFlattenEmissiveMap_VT.uasset" 248
"../../../Engine/Content/EngineMaterials/BaseFlattenEmissiveMap_VT.uexp" 249
"../../../Engine/Content/EngineMaterials/BaseFlattenGrayscaleMap_VT.ubulk" 250
"../../../Engine/Content/EngineMaterials/BaseFlattenGrayscaleMap_VT.uasset" 251
"../../../Engine/Content/EngineMaterials/BaseFlattenGrayscaleMap_VT.uexp" 252
"../../../Engine/Content/EngineMaterials/BaseFlattenLinearColor_VT.ubulk" 253
"../../../Engine/Content/EngineMaterials/BaseFlattenLinearColor_VT.uasset" 254
"../../../Engine/Content/EngineMaterials/BaseFlattenLinearColor_VT.uexp" 255
"../../../Engine/Content/EngineMaterials/BaseFlattenNormalMap_VT.ubulk" 256
"../../../Engine/Content/EngineMaterials/BaseFlattenNormalMap_VT.uasset" 257
"../../../Engine/Content/EngineMaterials/BaseFlattenNormalMap_VT.uexp" 258
"../../../Engine/Content/EngineMaterials/Black_1x1_EXR_Texture_VT.ubulk" 259
"../../../Engine/Content/EngineMaterials/Black_1x1_EXR_Texture_VT.uasset" 260
"../../../Engine/Content/EngineMaterials/Black_1x1_EXR_Texture_VT.uexp" 261
"../../../Engine/Content/EngineMaterials/FlattenMaterial_WS_Normal_VT.uasset" 262
"../../../Engine/Content/EngineMaterials/FlattenMaterial_WS_Normal_VT.uexp" 263
"../../../Engine/Content/EngineMaterials/FlattenMaterial_VT.uasset" 264
"../../../Engine/Content/EngineMaterials/FlattenMaterial_VT.uexp" 265
"../../../Engine/Content/EngineMaterials/BaseFlattenNormalMap.uasset" 266
"../../../Engine/Content/EngineMaterials/BaseFlattenNormalMap.uexp" 267
"../../../Engine/Content/EngineMaterials/BaseFlattenDiffuseMap.uasset" 268
"../../../Engine/Content/EngineMaterials/BaseFlattenDiffuseMap.uexp" 269
"../../../Engine/Content/EngineMaterials/BaseFlattenEmissiveMap.uasset" 270
"../../../Engine/Content/EngineMaterials/BaseFlattenEmissiveMap.uexp" 271
"../../../Engine/Content/EngineMaterials/BaseFlattenGrayscaleMap.uasset" 272
"../../../Engine/Content/EngineMaterials/BaseFlattenGrayscaleMap.uexp" 273
"../../../Engine/Content/EngineMaterials/BaseFlattenLinearColor.uasset" 274
"../../../Engine/Content/EngineMaterials/BaseFlattenLinearColor.uexp" 275
"../../../Engine/Content/Functions/Engine_MaterialFunctions02/PivotPainter2/Black_1x1_EXR_Texture.uasset" 276
"../../../Engine/Content/Functions/Engine_MaterialFunctions02/PivotPainter2/Black_1x1_EXR_Texture.uexp" 277
"../../../Engine/Content/EngineMaterials/FlattenMaterial.uasset" 278
"../../../Engine/Content/EngineMaterials/FlattenMaterial.uexp" 279
"../../../Engine/Content/EngineMaterials/FastBlueNoise_vec2_128x128x64.uasset" 280
"../../../Engine/Content/EngineMaterials/FastBlueNoise_vec2_128x128x64.uexp" 281
"../../../Engine/Content/EngineMaterials/FastBlueNoise_scalar_128x128x8.uasset" 282
"../../../Engine/Content/EngineMaterials/FastBlueNoise_scalar_128x128x8.uexp" 283
"../../../Engine/Content/EngineMaterials/FastBlueNoise_scalar_128x128x64.uasset" 284
"../../../Engine/Content/EngineMaterials/FastBlueNoise_scalar_128x128x64.uexp" 285
"../../../Engine/Content/EngineMaterials/DefaultWhiteGrid_Low.uasset" 286
"../../../Engine/Content/EngineMaterials/DefaultWhiteGrid_Low.uexp" 287
"../../../Engine/Content/EngineMaterials/EmissiveMeshMaterial.uasset" 288
"../../../Engine/Content/EngineMaterials/EmissiveMeshMaterial.uexp" 289
"../../../Engine/Content/EngineMaterials/DefaultWhiteGrid.ubulk" 290
"../../../Engine/Content/EngineMaterials/DefaultWhiteGrid.uasset" 291
"../../../Engine/Content/EngineMaterials/DefaultWhiteGrid.uexp" 292
"../../../Engine/Content/EngineFonts/RobotoDistanceField.uasset" 293
"../../../Engine/Content/EngineFonts/RobotoDistanceField.uexp" 294
"../../../Engine/Content/EngineMaterials/DefaultTextMaterialOpaque.uasset" 295
"../../../Engine/Content/EngineMaterials/DefaultTextMaterialOpaque.uexp" 296
"../../../Engine/Content/EngineMaterials/DefaultPostProcessMaterial.uasset" 297
"../../../Engine/Content/EngineMaterials/DefaultPostProcessMaterial.uexp" 298
"../../../Engine/Content/EngineMaterials/DefaultLightFunctionMaterial.uasset" 299
"../../../Engine/Content/EngineMaterials/DefaultLightFunctionMaterial.uexp" 300
"../../../Engine/Content/EngineMaterials/DefaultDeferredDecalMaterial.uasset" 301
"../../../Engine/Content/EngineMaterials/DefaultDeferredDecalMaterial.uexp" 302
"../../../Engine/Content/EngineMaterials/DefaultBokeh.uasset" 303
"../../../Engine/Content/EngineMaterials/DefaultBokeh.uexp" 304
"../../../Engine/Content/EngineMaterials/DefaultBloomKernel.uasset" 305
"../../../Engine/Content/EngineMaterials/DefaultBloomKernel.uexp" 306
"../../../Engine/Content/Functions/Engine_MaterialFunctions02/Utility/CameraDirectionVector.uasset" 307
"../../../Engine/Content/Functions/Engine_MaterialFunctions02/Utility/CameraDirectionVector.uexp" 308
"../../../Engine/Content/EngineDebugMaterials/VolumeToRender.uasset" 309
"../../../Engine/Content/EngineDebugMaterials/VolumeToRender.uexp" 310
"../../../Engine/Content/EngineDebugMaterials/M_VolumeRenderSphereTracePP.uasset" 311
"../../../Engine/Content/EngineDebugMaterials/M_VolumeRenderSphereTracePP.uexp" 312
"../../../Engine/Content/EngineDebugMaterials/M_SimpleUnlitTranslucent.uasset" 313
"../../../Engine/Content/EngineDebugMaterials/M_SimpleUnlitTranslucent.uexp" 314
"../../../Engine/Content/EngineDebugMaterials/DebugMeshMaterial.uasset" 315
"../../../Engine/Content/EngineDebugMaterials/DebugMeshMaterial.uexp" 316
"../../../Engine/Content/EngineDebugMaterials/DebugEditorMaterial.uasset" 317
"../../../Engine/Content/EngineDebugMaterials/DebugEditorMaterial.uexp" 318
"../../../Engine/Content/EngineDamageTypes/DmgTypeBP_Environmental.uasset" 319
"../../../Engine/Content/EngineDamageTypes/DmgTypeBP_Environmental.uexp" 320
"../../../Engine/Content/EditorResources/S_Terrain.ubulk" 321
"../../../Engine/Content/EditorResources/S_Terrain.uasset" 322
"../../../Engine/Content/EditorResources/S_Terrain.uexp" 323
"../../../Engine/Content/EditorResources/S_Solver.ubulk" 324
"../../../Engine/Content/EditorResources/S_Solver.uasset" 325
"../../../Engine/Content/EditorResources/S_Solver.uexp" 326
"../../../Engine/Content/EditorResources/BSPVertex.uasset" 327
"../../../Engine/Content/EditorResources/BSPVertex.uexp" 328
"../../../Engine/Content/EditorMaterials/PreviewShadowIndicator.ubulk" 329
"../../../Engine/Content/EditorMaterials/PreviewShadowIndicator.uasset" 330
"../../../Engine/Content/EditorMaterials/PreviewShadowIndicator.uexp" 331
"../../../Engine/Content/EditorMaterials/PreviewShadowIndicatorMaterial.uasset" 332
"../../../Engine/Content/EditorMaterials/PreviewShadowIndicatorMaterial.uexp" 333
"../../../Engine/Content/EditorMaterials/PhAT_UnselectedMaterial.uasset" 334
"../../../Engine/Content/EditorMaterials/PhAT_UnselectedMaterial.uexp" 335
"../../../Engine/Content/EditorMaterials/PhAT_NoCollisionMaterial.uasset" 336
"../../../Engine/Content/EditorMaterials/PhAT_NoCollisionMaterial.uexp" 337
"C:/Users/kimkiyong/Documents/GitHub/ProjectBBK/Content/Font/Cinzel-VariableFont_wght.uexp" 338
"C:/Users/kimkiyong/Documents/GitHub/ProjectBBK/Content/Font/Cinzel-VariableFont_wght.uasset" 339
"C:/Users/kimkiyong/Documents/GitHub/ProjectBBK/Content/Font/Cinzel-VariableFont_wght.ufont" 340
"C:/Users/kimkiyong/Documents/GitHub/ProjectBBK/Content/Font/FA_SinzelTitle.uasset" 341
"C:/Users/kimkiyong/Documents/GitHub/ProjectBBK/Content/Font/FA_SinzelTitle.uexp" 342
"C:/Users/kimkiyong/Documents/GitHub/ProjectBBK/Content/UI/Widgets/WBP_LoadingScreen.uasset" 343
"C:/Users/kimkiyong/Documents/GitHub/ProjectBBK/Content/UI/Widgets/WBP_LoadingScreen.uexp" 344
"C:/Users/kimkiyong/Documents/GitHub/ProjectBBK/Content/Maps/BP_GameInstance.uasset" 345
"C:/Users/kimkiyong/Documents/GitHub/ProjectBBK/Content/Maps/BP_GameInstance.uexp" 346
"../../../Engine/Plugins/VirtualProduction/CameraCalibrationCore/Content/Materials/M_DefaultOddSquare.uasset" 347
"../../../Engine/Plugins/VirtualProduction/CameraCalibrationCore/Content/Materials/M_DefaultOddSquare.uexp" 348
"../../../Engine/Plugins/VirtualProduction/CameraCalibrationCore/Content/Materials/M_DefaultEvenSquare.uasset" 349
"../../../Engine/Plugins/VirtualProduction/CameraCalibrationCore/Content/Materials/M_DefaultEvenSquare.uexp" 350
"../../../Engine/Plugins/Runtime/HairStrands/Content/Materials/HairMeshesDefaultMaterial.uasset" 351
"../../../Engine/Plugins/Runtime/HairStrands/Content/Materials/HairMeshesDefaultMaterial.uexp" 352
"../../../Engine/Plugins/Runtime/HairStrands/Content/Materials/HairDefaultMaterial.uasset" 353
"../../../Engine/Plugins/Runtime/HairStrands/Content/Materials/HairDefaultMaterial.uexp" 354
"../../../Engine/Content/Functions/Engine_MaterialFunctions02/Utility/MakeFloat2.uasset" 355
"../../../Engine/Content/Functions/Engine_MaterialFunctions02/Utility/MakeFloat2.uexp" 356
"../../../Engine/Content/EngineMaterials/HairDebugColor.uasset" 357
"../../../Engine/Content/EngineMaterials/HairDebugColor.uexp" 358
"../../../Engine/Content/EngineMaterials/HairColorMap.uasset" 359
"../../../Engine/Content/EngineMaterials/HairColorMap.uexp" 360
"../../../Engine/Plugins/Runtime/HairStrands/Content/Materials/HairGroupColors.uasset" 361
"../../../Engine/Plugins/Runtime/HairStrands/Content/Materials/HairGroupColors.uexp" 362
"../../../Engine/Plugins/Runtime/HairStrands/Content/Materials/HairDebugMaterial.uasset" 363
"../../../Engine/Plugins/Runtime/HairStrands/Content/Materials/HairDebugMaterial.uexp" 364
"../../../Engine/Plugins/Runtime/HairStrands/Content/Materials/HairCardsDefaultMaterial.uasset" 365
"../../../Engine/Plugins/Runtime/HairStrands/Content/Materials/HairCardsDefaultMaterial.uexp" 366
"../../../Engine/Plugins/Runtime/AudioWidgets/Content/Resources/ScrubHandleDown_Clamped.uasset" 367
"../../../Engine/Plugins/Runtime/AudioWidgets/Content/Resources/ScrubHandleDown_Clamped.uexp" 368
"../../../Engine/Plugins/Interchange/Assets/Content/Functions/MX_UsdPreviewSurface.uasset" 369
"../../../Engine/Plugins/Interchange/Assets/Content/Functions/MX_UsdPreviewSurface.uexp" 370
"../../../Engine/Plugins/Interchange/Assets/Content/Functions/MX_UniformEDF.uasset" 371
"../../../Engine/Plugins/Interchange/Assets/Content/Functions/MX_UniformEDF.uexp" 372
"../../../Engine/Plugins/Interchange/Assets/Content/Functions/MX_TranslucentBSDF.uasset" 373
"../../../Engine/Plugins/Interchange/Assets/Content/Functions/MX_TranslucentBSDF.uexp" 374
"../../../Engine/Plugins/Interchange/Assets/Content/Functions/MX_ThinFilmBSDF.uasset" 375
"../../../Engine/Plugins/Interchange/Assets/Content/Functions/MX_ThinFilmBSDF.uexp" 376
"../../../Engine/Plugins/Interchange/Assets/Content/Functions/MX_SurfaceUnlit.uasset" 377
"../../../Engine/Plugins/Interchange/Assets/Content/Functions/MX_SurfaceUnlit.uexp" 378
"../../../Engine/Content/Functions/MaterialLayerFunctions/MatLayerBlend_OverrideOpacity.uasset" 379
"../../../Engine/Content/Functions/MaterialLayerFunctions/MatLayerBlend_OverrideOpacity.uexp" 380
"../../../Engine/Plugins/Interchange/Assets/Content/Functions/MX_Surface.uasset" 381
"../../../Engine/Plugins/Interchange/Assets/Content/Functions/MX_Surface.uexp" 382
"../../../Engine/Plugins/Interchange/Assets/Content/Functions/MX_SubsurfaceBSDF.uasset" 383
"../../../Engine/Plugins/Interchange/Assets/Content/Functions/MX_SubsurfaceBSDF.uexp" 384
"../../../Engine/Plugins/Interchange/Assets/Content/Functions/MX_SheenBSDF.uasset" 385
"../../../Engine/Plugins/Interchange/Assets/Content/Functions/MX_SheenBSDF.uexp" 386
"../../../Engine/Plugins/Interchange/Assets/Content/Functions/MX_OrenNayarBSDF.uasset" 387
"../../../Engine/Plugins/Interchange/Assets/Content/Functions/MX_OrenNayarBSDF.uexp" 388
"../../../Engine/Plugins/Interchange/Assets/Content/Functions/MF_IridescenceNoLUT.uasset" 389
"../../../Engine/Plugins/Interchange/Assets/Content/Functions/MF_IridescenceNoLUT.uexp" 390
"../../../Engine/Plugins/Interchange/Assets/Content/Functions/MX_StandardSurface.uasset" 391
"../../../Engine/Plugins/Interchange/Assets/Content/Functions/MX_StandardSurface.uexp" 392
"../../../Engine/Plugins/Interchange/Assets/Content/Functions/MX_TransmissionSurface.uasset" 393
"../../../Engine/Plugins/Interchange/Assets/Content/Functions/MX_TransmissionSurface.uexp" 394
"../../../Engine/Plugins/Interchange/Assets/Content/Functions/MX_OpenPBR_Translucent.uasset" 395
"../../../Engine/Plugins/Interchange/Assets/Content/Functions/MX_OpenPBR_Translucent.uexp" 396
"../../../Engine/Plugins/Interchange/Assets/Content/Functions/MX_OpenPBR_Opaque.uasset" 397
"../../../Engine/Plugins/Interchange/Assets/Content/Functions/MX_OpenPBR_Opaque.uexp" 398
"../../../Engine/Plugins/Interchange/Assets/Content/Functions/MX_MeasuredEDF.uasset" 399
"../../../Engine/Plugins/Interchange/Assets/Content/Functions/MX_MeasuredEDF.uexp" 400
"../../../Engine/Plugins/Interchange/Assets/Content/Functions/MX_GeneralizedSchlickBSDF.uasset" 401
"../../../Engine/Plugins/Interchange/Assets/Content/Functions/MX_GeneralizedSchlickBSDF.uexp" 402
"../../../Engine/Content/Functions/Engine_MaterialFunctions02/Utility/BlendAngleCorrectedNormals.uasset" 403
"../../../Engine/Content/Functions/Engine_MaterialFunctions02/Utility/BlendAngleCorrectedNormals.uexp" 404
"../../../Engine/Plugins/Interchange/Assets/Content/Functions/MX_Displacement.uasset" 405
"../../../Engine/Plugins/Interchange/Assets/Content/Functions/MX_Displacement.uexp" 406
"../../../Engine/Plugins/Interchange/Assets/Content/Functions/MX_DielectricBSDF.uasset" 407
"../../../Engine/Plugins/Interchange/Assets/Content/Functions/MX_DielectricBSDF.uexp" 408
"../../../Engine/Plugins/Interchange/Assets/Content/Functions/MX_ConicalEDF.uasset" 409
"../../../Engine/Plugins/Interchange/Assets/Content/Functions/MX_ConicalEDF.uexp" 410
"../../../Engine/Plugins/Interchange/Assets/Content/Functions/MX_ConductorBSDF.uasset" 411
"../../../Engine/Plugins/Interchange/Assets/Content/Functions/MX_ConductorBSDF.uexp" 412
"../../../Engine/Plugins/Interchange/Assets/Content/Functions/MX_BurleyDiffuseBSDF.uasset" 413
"../../../Engine/Plugins/Interchange/Assets/Content/Functions/MX_BurleyDiffuseBSDF.uexp" 414
"../../../Engine/Plugins/Interchange/Assets/Content/Functions/MX_AnisotropicVDF.uasset" 415
"../../../Engine/Plugins/Interchange/Assets/Content/Functions/MX_AnisotropicVDF.uexp" 416
"../../../Engine/Plugins/Interchange/Assets/Content/Functions/MX_AbsorptionVDF.uasset" 417
"../../../Engine/Plugins/Interchange/Assets/Content/Functions/MX_AbsorptionVDF.uexp" 418
"../../../Engine/Content/Functions/Engine_MaterialFunctions02/Utility/VectorLength.uasset" 419
"../../../Engine/Content/Functions/Engine_MaterialFunctions02/Utility/VectorLength.uexp" 420
"../../../Engine/Content/Functions/Engine_MaterialFunctions02/WorldPositionOffset/ObjectScale.uasset" 421
"../../../Engine/Content/Functions/Engine_MaterialFunctions02/WorldPositionOffset/ObjectScale.uexp" 422
"../../../Engine/Content/Functions/Engine_MaterialFunctions02/Utility/BreakOutFloat3Components.uasset" 423
"../../../Engine/Content/Functions/Engine_MaterialFunctions02/Utility/BreakOutFloat3Components.uexp" 424
"../../../Engine/Content/Functions/Engine_MaterialFunctions02/SafeNormalize.uasset" 425
"../../../Engine/Content/Functions/Engine_MaterialFunctions02/SafeNormalize.uexp" 426
"../../../Engine/Plugins/Editor/SpeedTreeImporter/Content/SpeedTree9/UnpackInteger3.uasset" 427
"../../../Engine/Plugins/Editor/SpeedTreeImporter/Content/SpeedTree9/UnpackInteger3.uexp" 428
"../../../Engine/Plugins/Editor/SpeedTreeImporter/Content/SpeedTree9/UnpackDirection.uasset" 429
"../../../Engine/Plugins/Editor/SpeedTreeImporter/Content/SpeedTree9/UnpackDirection.uexp" 430
"../../../Engine/Plugins/Editor/SpeedTreeImporter/Content/SpeedTree9/game_wind_noise.ubulk" 431
"../../../Engine/Plugins/Editor/SpeedTreeImporter/Content/SpeedTree9/game_wind_noise.uasset" 432
"../../../Engine/Plugins/Editor/SpeedTreeImporter/Content/SpeedTree9/game_wind_noise.uexp" 433
"../../../Engine/Plugins/Editor/SpeedTreeImporter/Content/SpeedTree9/SpeedTreeWindMotion.uasset" 434
"../../../Engine/Plugins/Editor/SpeedTreeImporter/Content/SpeedTree9/SpeedTreeWindMotion.uexp" 435
"../../../Engine/Content/Functions/Engine_MaterialFunctions02/ObjectLocalBounds.uasset" 436
"../../../Engine/Content/Functions/Engine_MaterialFunctions02/ObjectLocalBounds.uexp" 437
"../../../Engine/Content/Functions/Engine_MaterialFunctions02/UVs/BoundingBoxBased_0-1_UVW.uasset" 438
"../../../Engine/Content/Functions/Engine_MaterialFunctions02/UVs/BoundingBoxBased_0-1_UVW.uexp" 439
"../../../Engine/Plugins/Editor/SpeedTreeImporter/Content/SpeedTree9/SpeedTreeBranchMotion.uasset" 440
"../../../Engine/Plugins/Editor/SpeedTreeImporter/Content/SpeedTree9/SpeedTreeBranchMotion.uexp" 441
"../../../Engine/Plugins/Editor/SpeedTreeImporter/Content/SpeedTree9/SpeedTreeWind.uasset" 442
"../../../Engine/Plugins/Editor/SpeedTreeImporter/Content/SpeedTree9/SpeedTreeWind.uexp" 443
"../../../Engine/Plugins/Editor/SpeedTreeImporter/Content/SpeedTree9/Empty.uasset" 444
"../../../Engine/Plugins/Editor/SpeedTreeImporter/Content/SpeedTree9/Empty.uexp" 445
"../../../Engine/Plugins/Editor/SpeedTreeImporter/Content/SpeedTree9/EmptyNormal.uasset" 446
"../../../Engine/Plugins/Editor/SpeedTreeImporter/Content/SpeedTree9/EmptyNormal.uexp" 447
"../../../Engine/Plugins/Editor/SpeedTreeImporter/Content/SpeedTree9/SpeedTreeCameraFacing.uasset" 448
"../../../Engine/Plugins/Editor/SpeedTreeImporter/Content/SpeedTree9/SpeedTreeCameraFacing.uexp" 449
"../../../Engine/Plugins/Editor/SpeedTreeImporter/Content/SpeedTree9/SpeedTreeMaster.uasset" 450
"../../../Engine/Plugins/Editor/SpeedTreeImporter/Content/SpeedTree9/SpeedTreeMaster.uexp" 451
"../../../Engine/Plugins/Editor/SpeedTreeImporter/Content/SpeedTree9/SpeedTreeBillboard.uasset" 452
"../../../Engine/Plugins/Editor/SpeedTreeImporter/Content/SpeedTree9/SpeedTreeBillboard.uexp" 453
"../../../Engine/Plugins/Editor/SpeedTreeImporter/Content/SpeedTree9/SpeedTreeBillboardMaster.uasset" 454
"../../../Engine/Plugins/Editor/SpeedTreeImporter/Content/SpeedTree9/SpeedTreeBillboardMaster.uexp" 455
"../../../Engine/Plugins/Animation/ControlRig/Content/Controls/ControlRig_Wedge_solid.ubulk" 456
"../../../Engine/Plugins/Animation/ControlRig/Content/Controls/ControlRig_Wedge_solid.uasset" 457
"../../../Engine/Plugins/Animation/ControlRig/Content/Controls/ControlRig_Wedge_solid.uexp" 458
"../../../Engine/Plugins/Animation/ControlRig/Content/Controls/ControlRig_Wedge_3mm.ubulk" 459
"../../../Engine/Plugins/Animation/ControlRig/Content/Controls/ControlRig_Wedge_3mm.uasset" 460
"../../../Engine/Plugins/Animation/ControlRig/Content/Controls/ControlRig_Wedge_3mm.uexp" 461
"../../../Engine/Plugins/Animation/ControlRig/Content/Controls/ControlRig_Wedge_1mm.ubulk" 462
"../../../Engine/Plugins/Animation/ControlRig/Content/Controls/ControlRig_Wedge_1mm.uasset" 463
"../../../Engine/Plugins/Animation/ControlRig/Content/Controls/ControlRig_Wedge_1mm.uexp" 464
"../../../Engine/Plugins/Animation/ControlRig/Content/Controls/ControlRig_Triangle_solid.ubulk" 465
"../../../Engine/Plugins/Animation/ControlRig/Content/Controls/ControlRig_Triangle_solid.uasset" 466
"../../../Engine/Plugins/Animation/ControlRig/Content/Controls/ControlRig_Triangle_solid.uexp" 467
"../../../Engine/Plugins/Animation/ControlRig/Content/Controls/ControlRig_Triangle_3mm.ubulk" 468
"../../../Engine/Plugins/Animation/ControlRig/Content/Controls/ControlRig_Triangle_3mm.uasset" 469
"../../../Engine/Plugins/Animation/ControlRig/Content/Controls/ControlRig_Triangle_3mm.uexp" 470
"../../../Engine/Plugins/Animation/ControlRig/Content/Controls/ControlRig_Triangle_1mm.ubulk" 471
"../../../Engine/Plugins/Animation/ControlRig/Content/Controls/ControlRig_Triangle_1mm.uasset" 472
"../../../Engine/Plugins/Animation/ControlRig/Content/Controls/ControlRig_Triangle_1mm.uexp" 473
"../../../Engine/Plugins/Animation/ControlRig/Content/Controls/ControlRig_Star4_solid.ubulk" 474
"../../../Engine/Plugins/Animation/ControlRig/Content/Controls/ControlRig_Star4_solid.uasset" 475
"../../../Engine/Plugins/Animation/ControlRig/Content/Controls/ControlRig_Star4_solid.uexp" 476
"../../../Engine/Plugins/Animation/ControlRig/Content/Controls/ControlRig_Star4_3mm.ubulk" 477
"../../../Engine/Plugins/Animation/ControlRig/Content/Controls/ControlRig_Star4_3mm.uasset" 478
"../../../Engine/Plugins/Animation/ControlRig/Content/Controls/ControlRig_Star4_3mm.uexp" 479
"../../../Engine/Plugins/Animation/ControlRig/Content/Controls/ControlRig_Star4_1mm.ubulk" 480
"../../../Engine/Plugins/Animation/ControlRig/Content/Controls/ControlRig_Star4_1mm.uasset" 481
"../../../Engine/Plugins/Animation/ControlRig/Content/Controls/ControlRig_Star4_1mm.uexp" 482
"../../../Engine/Plugins/Animation/ControlRig/Content/Controls/ControlRig_Square_solid.ubulk" 483
"../../../Engine/Plugins/Animation/ControlRig/Content/Controls/ControlRig_Square_solid.uasset" 484
"../../../Engine/Plugins/Animation/ControlRig/Content/Controls/ControlRig_Square_solid.uexp" 485
"../../../Engine/Plugins/Animation/ControlRig/Content/Controls/ControlRig_Square_3mm.ubulk" 486
"../../../Engine/Plugins/Animation/ControlRig/Content/Controls/ControlRig_Square_3mm.uasset" 487
"../../../Engine/Plugins/Animation/ControlRig/Content/Controls/ControlRig_Square_3mm.uexp" 488
"../../../Engine/Plugins/Animation/ControlRig/Content/Controls/ControlRig_Square_1mm.ubulk" 489
"../../../Engine/Plugins/Animation/ControlRig/Content/Controls/ControlRig_Square_1mm.uasset" 490
"../../../Engine/Plugins/Animation/ControlRig/Content/Controls/ControlRig_Square_1mm.uexp" 491
"../../../Engine/Plugins/Animation/ControlRig/Content/Controls/ControlRig_Sphere_solid.ubulk" 492
"../../../Engine/Plugins/Animation/ControlRig/Content/Controls/ControlRig_Sphere_solid.uasset" 493
"../../../Engine/Plugins/Animation/ControlRig/Content/Controls/ControlRig_Sphere_solid.uexp" 494
"../../../Engine/Plugins/Animation/ControlRig/Content/Controls/ControlRig_Sphere_3mm.ubulk" 495
"../../../Engine/Plugins/Animation/ControlRig/Content/Controls/ControlRig_Sphere_3mm.uasset" 496
"../../../Engine/Plugins/Animation/ControlRig/Content/Controls/ControlRig_Sphere_3mm.uexp" 497
"../../../Engine/Plugins/Animation/ControlRig/Content/Controls/ControlRig_Sphere_1mm.ubulk" 498
"../../../Engine/Plugins/Animation/ControlRig/Content/Controls/ControlRig_Sphere_1mm.uasset" 499
"../../../Engine/Plugins/Animation/ControlRig/Content/Controls/ControlRig_Sphere_1mm.uexp" 500
"../../../Engine/Plugins/Animation/ControlRig/Content/Controls/ControlRig_RoundedTriangle_solid.ubulk" 501
"../../../Engine/Plugins/Animation/ControlRig/Content/Controls/ControlRig_RoundedTriangle_solid.uasset" 502
"../../../Engine/Plugins/Animation/ControlRig/Content/Controls/ControlRig_RoundedTriangle_solid.uexp" 503
"../../../Engine/Plugins/Animation/ControlRig/Content/Controls/ControlRig_RoundedTriangle_3mm.ubulk" 504
"../../../Engine/Plugins/Animation/ControlRig/Content/Controls/ControlRig_RoundedTriangle_3mm.uasset" 505
"../../../Engine/Plugins/Animation/ControlRig/Content/Controls/ControlRig_RoundedTriangle_3mm.uexp" 506
"../../../Engine/Plugins/Animation/ControlRig/Content/Controls/ControlRig_RoundedTriangle_1mm.ubulk" 507
"../../../Engine/Plugins/Animation/ControlRig/Content/Controls/ControlRig_RoundedTriangle_1mm.uasset" 508
"../../../Engine/Plugins/Animation/ControlRig/Content/Controls/ControlRig_RoundedTriangle_1mm.uexp" 509
"../../../Engine/Plugins/Animation/ControlRig/Content/Controls/ControlRig_RoundedSquare_solid.ubulk" 510
"../../../Engine/Plugins/Animation/ControlRig/Content/Controls/ControlRig_RoundedSquare_solid.uasset" 511
"../../../Engine/Plugins/Animation/ControlRig/Content/Controls/ControlRig_RoundedSquare_solid.uexp" 512
"../../../Engine/Plugins/Animation/ControlRig/Content/Controls/ControlRig_RoundedSquare_3mm.ubulk" 513
"../../../Engine/Plugins/Animation/ControlRig/Content/Controls/ControlRig_RoundedSquare_3mm.uasset" 514
"../../../Engine/Plugins/Animation/ControlRig/Content/Controls/ControlRig_RoundedSquare_3mm.uexp" 515
"../../../Engine/Plugins/Animation/ControlRig/Content/Controls/ControlRig_RoundedSquare_1mm.ubulk" 516
"../../../Engine/Plugins/Animation/ControlRig/Content/Controls/ControlRig_RoundedSquare_1mm.uasset" 517
"../../../Engine/Plugins/Animation/ControlRig/Content/Controls/ControlRig_RoundedSquare_1mm.uexp" 518
"../../../Engine/Plugins/Animation/ControlRig/Content/Controls/ControlRig_QuarterCircle_solid.ubulk" 519
"../../../Engine/Plugins/Animation/ControlRig/Content/Controls/ControlRig_QuarterCircle_solid.uasset" 520
"../../../Engine/Plugins/Animation/ControlRig/Content/Controls/ControlRig_QuarterCircle_solid.uexp" 521
"../../../Engine/Plugins/Animation/ControlRig/Content/Controls/ControlRig_QuarterCircle_3mm.ubulk" 522
"../../../Engine/Plugins/Animation/ControlRig/Content/Controls/ControlRig_QuarterCircle_3mm.uasset" 523
"../../../Engine/Plugins/Animation/ControlRig/Content/Controls/ControlRig_QuarterCircle_3mm.uexp" 524
"../../../Engine/Plugins/Animation/ControlRig/Content/Controls/ControlRig_QuarterCircle_1mm.ubulk" 525
"../../../Engine/Plugins/Animation/ControlRig/Content/Controls/ControlRig_QuarterCircle_1mm.uasset" 526
"../../../Engine/Plugins/Animation/ControlRig/Content/Controls/ControlRig_QuarterCircle_1mm.uexp" 527
"../../../Engine/Plugins/Animation/ControlRig/Content/Controls/ControlRig_Pyramid_solid.ubulk" 528
"../../../Engine/Plugins/Animation/ControlRig/Content/Controls/ControlRig_Pyramid_solid.uasset" 529
"../../../Engine/Plugins/Animation/ControlRig/Content/Controls/ControlRig_Pyramid_solid.uexp" 530
"../../../Engine/Plugins/Animation/ControlRig/Content/Controls/ControlRig_Pyramid_3mm.ubulk" 531
"../../../Engine/Plugins/Animation/ControlRig/Content/Controls/ControlRig_Pyramid_3mm.uasset" 532
"../../../Engine/Plugins/Animation/ControlRig/Content/Controls/ControlRig_Pyramid_3mm.uexp" 533
"../../../Engine/Plugins/Animation/ControlRig/Content/Controls/ControlRig_Pyramid_1mm.ubulk" 534
"../../../Engine/Plugins/Animation/ControlRig/Content/Controls/ControlRig_Pyramid_1mm.uasset" 535
"../../../Engine/Plugins/Animation/ControlRig/Content/Controls/ControlRig_Pyramid_1mm.uexp" 536
"../../../Engine/Plugins/Animation/ControlRig/Content/Controls/ControlRig_Octagon_solid.ubulk" 537
"../../../Engine/Plugins/Animation/ControlRig/Content/Controls/ControlRig_Octagon_solid.uasset" 538
"../../../Engine/Plugins/Animation/ControlRig/Content/Controls/ControlRig_Octagon_solid.uexp" 539
"../../../Engine/Plugins/Animation/ControlRig/Content/Controls/ControlRig_Octagon_3mm.ubulk" 540
"../../../Engine/Plugins/Animation/ControlRig/Content/Controls/ControlRig_Octagon_3mm.uasset" 541
"../../../Engine/Plugins/Animation/ControlRig/Content/Controls/ControlRig_Octagon_3mm.uexp" 542
"../../../Engine/Plugins/Animation/ControlRig/Content/Controls/ControlRig_Octagon_1mm.ubulk" 543
"../../../Engine/Plugins/Animation/ControlRig/Content/Controls/ControlRig_Octagon_1mm.uasset" 544
"../../../Engine/Plugins/Animation/ControlRig/Content/Controls/ControlRig_Octagon_1mm.uexp" 545
"../../../Engine/Plugins/Animation/ControlRig/Content/Controls/ControlRig_Hexagon_solid.ubulk" 546
"../../../Engine/Plugins/Animation/ControlRig/Content/Controls/ControlRig_Hexagon_solid.uasset" 547
"../../../Engine/Plugins/Animation/ControlRig/Content/Controls/ControlRig_Hexagon_solid.uexp" 548
"../../../Engine/Plugins/Animation/ControlRig/Content/Controls/ControlRig_Hexagon_3mm.ubulk" 549
"../../../Engine/Plugins/Animation/ControlRig/Content/Controls/ControlRig_Hexagon_3mm.uasset" 550
"../../../Engine/Plugins/Animation/ControlRig/Content/Controls/ControlRig_Hexagon_3mm.uexp" 551
"../../../Engine/Plugins/Animation/ControlRig/Content/Controls/ControlRig_Hexagon_1mm.ubulk" 552
"../../../Engine/Plugins/Animation/ControlRig/Content/Controls/ControlRig_Hexagon_1mm.uasset" 553
"../../../Engine/Plugins/Animation/ControlRig/Content/Controls/ControlRig_Hexagon_1mm.uexp" 554
"../../../Engine/Plugins/Animation/ControlRig/Content/Controls/ControlRig_HalfCircle_solid.ubulk" 555
"../../../Engine/Plugins/Animation/ControlRig/Content/Controls/ControlRig_HalfCircle_solid.uasset" 556
"../../../Engine/Plugins/Animation/ControlRig/Content/Controls/ControlRig_HalfCircle_solid.uexp" 557
"../../../Engine/Plugins/Animation/ControlRig/Content/Controls/ControlRig_HalfCircle_3mm.ubulk" 558
"../../../Engine/Plugins/Animation/ControlRig/Content/Controls/ControlRig_HalfCircle_3mm.uasset" 559
"../../../Engine/Plugins/Animation/ControlRig/Content/Controls/ControlRig_HalfCircle_3mm.uexp" 560
"../../../Engine/Plugins/Animation/ControlRig/Content/Controls/ControlRig_HalfCircle_1mm.ubulk" 561
"../../../Engine/Plugins/Animation/ControlRig/Content/Controls/ControlRig_HalfCircle_1mm.uasset" 562
"../../../Engine/Plugins/Animation/ControlRig/Content/Controls/ControlRig_HalfCircle_1mm.uexp" 563
"../../../Engine/Plugins/Animation/ControlRig/Content/Controls/ControlRig_Diamond_solid.ubulk" 564
"../../../Engine/Plugins/Animation/ControlRig/Content/Controls/ControlRig_Diamond_solid.uasset" 565
"../../../Engine/Plugins/Animation/ControlRig/Content/Controls/ControlRig_Diamond_solid.uexp" 566
"../../../Engine/Plugins/Animation/ControlRig/Content/Controls/ControlRig_Diamond_3mm.ubulk" 567
"../../../Engine/Plugins/Animation/ControlRig/Content/Controls/ControlRig_Diamond_3mm.uasset" 568
"../../../Engine/Plugins/Animation/ControlRig/Content/Controls/ControlRig_Diamond_3mm.uexp" 569
"../../../Engine/Plugins/Animation/ControlRig/Content/Controls/ControlRig_Diamond_1mm.ubulk" 570
"../../../Engine/Plugins/Animation/ControlRig/Content/Controls/ControlRig_Diamond_1mm.uasset" 571
"../../../Engine/Plugins/Animation/ControlRig/Content/Controls/ControlRig_Diamond_1mm.uexp" 572
"../../../Engine/Plugins/Animation/ControlRig/Content/Controls/ControlRig_Circle_solid.ubulk" 573
"../../../Engine/Plugins/Animation/ControlRig/Content/Controls/ControlRig_Circle_solid.uasset" 574
"../../../Engine/Plugins/Animation/ControlRig/Content/Controls/ControlRig_Circle_solid.uexp" 575
"../../../Engine/Plugins/Animation/ControlRig/Content/Controls/ControlRig_Circle_3mm.ubulk" 576
"../../../Engine/Plugins/Animation/ControlRig/Content/Controls/ControlRig_Circle_3mm.uasset" 577
"../../../Engine/Plugins/Animation/ControlRig/Content/Controls/ControlRig_Circle_3mm.uexp" 578
"../../../Engine/Plugins/Animation/ControlRig/Content/Controls/ControlRig_Circle_1mm.ubulk" 579
"../../../Engine/Plugins/Animation/ControlRig/Content/Controls/ControlRig_Circle_1mm.uasset" 580
"../../../Engine/Plugins/Animation/ControlRig/Content/Controls/ControlRig_Circle_1mm.uexp" 581
"../../../Engine/Plugins/Animation/ControlRig/Content/Controls/ControlRig_Box_solid.ubulk" 582
"../../../Engine/Plugins/Animation/ControlRig/Content/Controls/ControlRig_Box_solid.uasset" 583
"../../../Engine/Plugins/Animation/ControlRig/Content/Controls/ControlRig_Box_solid.uexp" 584
"../../../Engine/Plugins/Animation/ControlRig/Content/Controls/ControlRig_Box_3mm.ubulk" 585
"../../../Engine/Plugins/Animation/ControlRig/Content/Controls/ControlRig_Box_3mm.uasset" 586
"../../../Engine/Plugins/Animation/ControlRig/Content/Controls/ControlRig_Box_3mm.uexp" 587
"../../../Engine/Plugins/Animation/ControlRig/Content/Controls/ControlRig_Box_1mm.ubulk" 588
"../../../Engine/Plugins/Animation/ControlRig/Content/Controls/ControlRig_Box_1mm.uasset" 589
"../../../Engine/Plugins/Animation/ControlRig/Content/Controls/ControlRig_Box_1mm.uexp" 590
"../../../Engine/Plugins/Animation/ControlRig/Content/Controls/ControlRig_Arrow_solid.ubulk" 591
"../../../Engine/Plugins/Animation/ControlRig/Content/Controls/ControlRig_Arrow_solid.uasset" 592
"../../../Engine/Plugins/Animation/ControlRig/Content/Controls/ControlRig_Arrow_solid.uexp" 593
"../../../Engine/Plugins/Animation/ControlRig/Content/Controls/ControlRig_Arrow_3mm.ubulk" 594
"../../../Engine/Plugins/Animation/ControlRig/Content/Controls/ControlRig_Arrow_3mm.uasset" 595
"../../../Engine/Plugins/Animation/ControlRig/Content/Controls/ControlRig_Arrow_3mm.uexp" 596
"../../../Engine/Plugins/Animation/ControlRig/Content/Controls/ControlRig_Arrow_1mm.ubulk" 597
"../../../Engine/Plugins/Animation/ControlRig/Content/Controls/ControlRig_Arrow_1mm.uasset" 598
"../../../Engine/Plugins/Animation/ControlRig/Content/Controls/ControlRig_Arrow_1mm.uexp" 599
"../../../Engine/Plugins/Animation/ControlRig/Content/Controls/ControlRig_Arrow4_solid.ubulk" 600
"../../../Engine/Plugins/Animation/ControlRig/Content/Controls/ControlRig_Arrow4_solid.uasset" 601
"../../../Engine/Plugins/Animation/ControlRig/Content/Controls/ControlRig_Arrow4_solid.uexp" 602
"../../../Engine/Plugins/Animation/ControlRig/Content/Controls/ControlRig_Arrow4_3mm.ubulk" 603
"../../../Engine/Plugins/Animation/ControlRig/Content/Controls/ControlRig_Arrow4_3mm.uasset" 604
"../../../Engine/Plugins/Animation/ControlRig/Content/Controls/ControlRig_Arrow4_3mm.uexp" 605
"../../../Engine/Plugins/Animation/ControlRig/Content/Controls/ControlRig_Arrow4_1mm.ubulk" 606
"../../../Engine/Plugins/Animation/ControlRig/Content/Controls/ControlRig_Arrow4_1mm.uasset" 607
"../../../Engine/Plugins/Animation/ControlRig/Content/Controls/ControlRig_Arrow4_1mm.uexp" 608
"../../../Engine/Plugins/Animation/ControlRig/Content/Controls/ControlRig_Arrow2_solid.ubulk" 609
"../../../Engine/Plugins/Animation/ControlRig/Content/Controls/ControlRig_Arrow2_solid.uasset" 610
"../../../Engine/Plugins/Animation/ControlRig/Content/Controls/ControlRig_Arrow2_solid.uexp" 611
"../../../Engine/Plugins/Animation/ControlRig/Content/Controls/ControlRig_Arrow2_3mm.ubulk" 612
"../../../Engine/Plugins/Animation/ControlRig/Content/Controls/ControlRig_Arrow2_3mm.uasset" 613
"../../../Engine/Plugins/Animation/ControlRig/Content/Controls/ControlRig_Arrow2_3mm.uexp" 614
"../../../Engine/Plugins/Animation/ControlRig/Content/Controls/ControlRig_Arrow2_1mm.ubulk" 615
"../../../Engine/Plugins/Animation/ControlRig/Content/Controls/ControlRig_Arrow2_1mm.uasset" 616
"../../../Engine/Plugins/Animation/ControlRig/Content/Controls/ControlRig_Arrow2_1mm.uexp" 617
"../../../Engine/Plugins/Animation/ControlRig/Content/Controls/ControlRigXRayMaterial.uasset" 618
"../../../Engine/Plugins/Animation/ControlRig/Content/Controls/ControlRigXRayMaterial.uexp" 619
"../../../Engine/Plugins/Animation/ControlRig/Content/Controls/ControlRigGizmoMaterial.uasset" 620
"../../../Engine/Plugins/Animation/ControlRig/Content/Controls/ControlRigGizmoMaterial.uexp" 621
"../../../Engine/Content/EditorMaterials/Dataflow/DataflowVertexMaterial.uasset" 622
"../../../Engine/Content/EditorMaterials/Dataflow/DataflowVertexMaterial.uexp" 623
"../../../Engine/Content/EditorMaterials/Dataflow/DataflowTwoSidedVertexMaterial.uasset" 624
"../../../Engine/Content/EditorMaterials/Dataflow/DataflowTwoSidedVertexMaterial.uexp" 625
"../../../Engine/Content/EngineSky/VolumetricClouds/VT_PerlinWorley_Balanced.uasset" 626
"../../../Engine/Content/EngineSky/VolumetricClouds/VT_PerlinWorley_Balanced.uexp" 627
"../../../Engine/Content/EngineSky/VolumetricClouds/T_Profile_08.ubulk" 628
"../../../Engine/Content/EngineSky/VolumetricClouds/T_Profile_08.uasset" 629
"../../../Engine/Content/EngineSky/VolumetricClouds/T_Profile_08.uexp" 630
"../../../Engine/Content/EngineSky/VolumetricClouds/T_CloudPattern.ubulk" 631
"../../../Engine/Content/EngineSky/VolumetricClouds/T_CloudPattern.uasset" 632
"../../../Engine/Content/EngineSky/VolumetricClouds/T_CloudPattern.uexp" 633
"../../../Engine/Content/EngineSky/VolumetricClouds/T_CloudMask.ubulk" 634
"../../../Engine/Content/EngineSky/VolumetricClouds/T_CloudMask.uasset" 635
"../../../Engine/Content/EngineSky/VolumetricClouds/T_CloudMask.uexp" 636
"../../../Engine/Content/Functions/Engine_MaterialFunctions02/Utility/BreakOutFloat4Components.uasset" 637
"../../../Engine/Content/Functions/Engine_MaterialFunctions02/Utility/BreakOutFloat4Components.uexp" 638
"../../../Engine/Content/EngineResources/DefaultVolumeTexture2D.uasset" 639
"../../../Engine/Content/EngineResources/DefaultVolumeTexture2D.uexp" 640
"../../../Engine/Content/EngineResources/DefaultVolumeTexture.uasset" 641
"../../../Engine/Content/EngineResources/DefaultVolumeTexture.uexp" 642
"../../../Engine/Content/Functions/Engine_MaterialFunctions02/Utility/MakeFloat4.uasset" 643
"../../../Engine/Content/Functions/Engine_MaterialFunctions02/Utility/MakeFloat4.uexp" 644
"../../../Engine/Content/EngineSky/VolumetricClouds/VT_Lightning.uasset" 645
"../../../Engine/Content/EngineSky/VolumetricClouds/VT_Lightning.uexp" 646
"../../../Engine/Content/Functions/Engine_MaterialFunctions01/Units/Km-to-Cm.uasset" 647
"../../../Engine/Content/Functions/Engine_MaterialFunctions01/Units/Km-to-Cm.uexp" 648
"../../../Engine/Content/EngineSky/VolumetricClouds/m_SimpleVolumetricCloud.uasset" 649
"../../../Engine/Content/EngineSky/VolumetricClouds/m_SimpleVolumetricCloud.uexp" 650
"../../../Engine/Content/EngineSky/VolumetricClouds/m_SimpleVolumetricCloud_Inst.uasset" 651
"../../../Engine/Content/EngineSky/VolumetricClouds/m_SimpleVolumetricCloud_Inst.uexp" 652
"../../../Engine/Content/EngineResources/FilmGrains/Marcie_Grain_v3_128_M2_000.uasset" 653
"../../../Engine/Content/EngineResources/FilmGrains/Marcie_Grain_v3_128_M2_000.uexp" 654
"../../../Engine/Content/EngineResources/Development/ZenLogo_64.uasset" 655
"../../../Engine/Content/EngineResources/Development/ZenLogo_64.uexp" 656
"../../../Engine/Content/EngineMaterials/LTC/Sheen_LTC.uasset" 657
"../../../Engine/Content/EngineMaterials/LTC/Sheen_LTC.uexp" 658
"../../../Engine/Content/EngineMaterials/LTC/GGX_LTCMat.uasset" 659
"../../../Engine/Content/EngineMaterials/LTC/GGX_LTCMat.uexp" 660
"../../../Engine/Content/EngineMaterials/LTC/GGX_LTCAmp.uasset" 661
"../../../Engine/Content/EngineMaterials/LTC/GGX_LTCAmp.uexp" 662
"../../../Engine/Content/EngineMaterials/EnergyConservation/Sheen_Energy.uasset" 663
"../../../Engine/Content/EngineMaterials/EnergyConservation/Sheen_Energy.uexp" 664
"../../../Engine/Content/EngineMaterials/EnergyConservation/SheenLegacy_Energy.uasset" 665
"../../../Engine/Content/EngineMaterials/EnergyConservation/SheenLegacy_Energy.uexp" 666
"../../../Engine/Content/EngineMaterials/EnergyConservation/GGX_TransmissionEnergyArray.uasset" 667
"../../../Engine/Content/EngineMaterials/EnergyConservation/GGX_TransmissionEnergyArray.uexp" 668
"../../../Engine/Content/EngineMaterials/EnergyConservation/GGX_ReflectionEnergy.uasset" 669
"../../../Engine/Content/EngineMaterials/EnergyConservation/GGX_ReflectionEnergy.uexp" 670
"../../../Engine/Content/EngineMaterials/EnergyConservation/Diffuse_Energy.uasset" 671
"../../../Engine/Content/EngineMaterials/EnergyConservation/Diffuse_Energy.uexp" 672
"../../../Engine/Content/EditorResources/SequenceRecorder/RecordingIndicator.uasset" 673
"../../../Engine/Content/EditorResources/SequenceRecorder/RecordingIndicator.uexp" 674
"../../../Engine/Content/EditorResources/SequenceRecorder/Countdown.uasset" 675
"../../../Engine/Content/EditorResources/SequenceRecorder/Countdown.uexp" 676
"../../../Engine/Content/EditorMaterials/Camera/CineMat.uasset" 677
"../../../Engine/Content/EditorMaterials/Camera/CineMat.uexp" 678
"../../../Engine/Content/EditorMaterials/Camera/MI_CineMat_Rig.uasset" 679
"../../../Engine/Content/EditorMaterials/Camera/MI_CineMat_Rig.uexp" 680
"../../../Engine/Content/EditorMeshes/Camera/SM_RailRig_Track.ubulk" 681
"../../../Engine/Content/EditorMeshes/Camera/SM_RailRig_Track.uasset" 682
"../../../Engine/Content/EditorMeshes/Camera/SM_RailRig_Track.uexp" 683
"../../../Engine/Content/EditorMeshes/Camera/SM_RailRig_Mount.ubulk" 684
"../../../Engine/Content/EditorMeshes/Camera/SM_RailRig_Mount.uasset" 685
"../../../Engine/Content/EditorMeshes/Camera/SM_RailRig_Mount.uexp" 686
"../../../Engine/Content/EditorMeshes/Camera/SM_CraneRig_Mount.ubulk" 687
"../../../Engine/Content/EditorMeshes/Camera/SM_CraneRig_Mount.uasset" 688
"../../../Engine/Content/EditorMeshes/Camera/SM_CraneRig_Mount.uexp" 689
"../../../Engine/Content/EditorMeshes/Camera/SM_CraneRig_Body.ubulk" 690
"../../../Engine/Content/EditorMeshes/Camera/SM_CraneRig_Body.uasset" 691
"../../../Engine/Content/EditorMeshes/Camera/SM_CraneRig_Body.uexp" 692
"../../../Engine/Content/EditorMeshes/Camera/SM_CraneRig_Base.ubulk" 693
"../../../Engine/Content/EditorMeshes/Camera/SM_CraneRig_Base.uasset" 694
"../../../Engine/Content/EditorMeshes/Camera/SM_CraneRig_Base.uexp" 695
"../../../Engine/Content/EditorMeshes/Camera/SM_CraneRig_Arm.ubulk" 696
"../../../Engine/Content/EditorMeshes/Camera/SM_CraneRig_Arm.uasset" 697
"../../../Engine/Content/EditorMeshes/Camera/SM_CraneRig_Arm.uexp" 698
"../../../Engine/Content/EditorMaterials/ParticleSystems/PSysThumbnail_OOD.ubulk" 699
"../../../Engine/Content/EditorMaterials/ParticleSystems/PSysThumbnail_OOD.uasset" 700
"../../../Engine/Content/EditorMaterials/ParticleSystems/PSysThumbnail_OOD.uexp" 701
"../../../Engine/Content/EditorMaterials/ParticleSystems/PSysThumbnail_NoImage.ubulk" 702
"../../../Engine/Content/EditorMaterials/ParticleSystems/PSysThumbnail_NoImage.uasset" 703
"../../../Engine/Content/EditorMaterials/ParticleSystems/PSysThumbnail_NoImage.uexp" 704
"../../../Engine/Content/VREditor/TransformGizmo/Xray.uasset" 705
"../../../Engine/Content/VREditor/TransformGizmo/Xray.uexp" 706
"../../../Engine/Content/VREditor/TransformGizmo/Main.uasset" 707
"../../../Engine/Content/VREditor/TransformGizmo/Main.uexp" 708
"../../../Engine/Content/VREditor/TransformGizmo/SM_Sequencer_Node.ubulk" 709
"../../../Engine/Content/VREditor/TransformGizmo/SM_Sequencer_Node.uasset" 710
"../../../Engine/Content/VREditor/TransformGizmo/SM_Sequencer_Node.uexp" 711
"../../../Engine/Content/VREditor/LaserPointer/VR_LaserPower_01.ubulk" 712
"../../../Engine/Content/VREditor/LaserPointer/VR_LaserPower_01.uasset" 713
"../../../Engine/Content/VREditor/LaserPointer/VR_LaserPower_01.uexp" 714
"../../../Engine/Content/VREditor/TransformGizmo/TransformGizmoMaterial.uasset" 715
"../../../Engine/Content/VREditor/TransformGizmo/TransformGizmoMaterial.uexp" 716
"../../../Engine/Content/VREditor/TransformGizmo/TranslucentTransformGizmoMaterial.uasset" 717
"../../../Engine/Content/VREditor/TransformGizmo/TranslucentTransformGizmoMaterial.uexp" 718
"../../../Engine/Content/VREditor/TransformGizmo/BoundingBoxEdge.ubulk" 719
"../../../Engine/Content/VREditor/TransformGizmo/BoundingBoxEdge.uasset" 720
"../../../Engine/Content/VREditor/TransformGizmo/BoundingBoxEdge.uexp" 721
"../../../Engine/Content/VREditor/TransformGizmo/BoundingBoxCorner.ubulk" 722
"../../../Engine/Content/VREditor/TransformGizmo/BoundingBoxCorner.uasset" 723
"../../../Engine/Content/VREditor/TransformGizmo/BoundingBoxCorner.uexp" 724
"../../../Engine/Content/EngineMaterials/BlendFunc_DefBlend.uasset" 725
"../../../Engine/Content/EngineMaterials/BlendFunc_DefBlend.uexp" 726
"../../../Engine/Content/EngineMaterials/BlendFunc_DefBase.uasset" 727
"../../../Engine/Content/EngineMaterials/BlendFunc_DefBase.uexp" 728
"../../../Engine/Content/Functions/Engine_MaterialFunctions03/Blends/Blend_Overlay.uasset" 729
"../../../Engine/Content/Functions/Engine_MaterialFunctions03/Blends/Blend_Overlay.uexp" 730
"../../../Engine/Content/Functions/Engine_MaterialFunctions01/Gradient/LinearGradient.uasset" 731
"../../../Engine/Content/Functions/Engine_MaterialFunctions01/Gradient/LinearGradient.uexp" 732
"../../../Engine/Content/Functions/Engine_MaterialFunctions01/ImageAdjustment/CheapContrast.uasset" 733
"../../../Engine/Content/Functions/Engine_MaterialFunctions01/ImageAdjustment/CheapContrast.uexp" 734
"../../../Engine/Content/OpenWorldTemplate/LandscapeMaterial/T_GridChecker_A.ubulk" 735
"../../../Engine/Content/OpenWorldTemplate/LandscapeMaterial/T_GridChecker_A.uasset" 736
"../../../Engine/Content/OpenWorldTemplate/LandscapeMaterial/T_GridChecker_A.uexp" 737
"../../../Engine/Content/OpenWorldTemplate/LandscapeMaterial/MF_ProcGrid.uasset" 738
"../../../Engine/Content/OpenWorldTemplate/LandscapeMaterial/MF_ProcGrid.uexp" 739
"../../../Engine/Content/OpenWorldTemplate/LandscapeMaterial/M_ProcGrid.uasset" 740
"../../../Engine/Content/OpenWorldTemplate/LandscapeMaterial/M_ProcGrid.uexp" 741
"C:/Users/kimkiyong/Documents/GitHub/ProjectBBK/Content/Monster/DataTable/MonsterData_Melee.uasset" 742
"C:/Users/kimkiyong/Documents/GitHub/ProjectBBK/Content/Monster/DataTable/MonsterData_Melee.uexp" 743
"C:/Users/kimkiyong/Documents/GitHub/ProjectBBK/Content/Monster/DataTable/MonsterData_Boss.uasset" 744
"C:/Users/kimkiyong/Documents/GitHub/ProjectBBK/Content/Monster/DataTable/MonsterData_Boss.uexp" 745
"C:/Users/kimkiyong/Documents/GitHub/ProjectBBK/Content/Monster/DataTable/DT_MonsterTag.uasset" 746
"C:/Users/kimkiyong/Documents/GitHub/ProjectBBK/Content/Monster/DataTable/DT_MonsterTag.uexp" 747
"../../../Engine/Plugins/Interchange/Assets/Content/gltf/Textures/T_White_srgb.uasset" 748
"../../../Engine/Plugins/Interchange/Assets/Content/gltf/Textures/T_White_srgb.uexp" 749
"../../../Engine/Plugins/Interchange/Assets/Content/gltf/MaterialFunctions/MF_BaseColor.uasset" 750
"../../../Engine/Plugins/Interchange/Assets/Content/gltf/MaterialFunctions/MF_BaseColor.uexp" 751
"../../../Engine/Plugins/Interchange/Assets/Content/gltf/MaterialFunctions/MF_RotateV2.uasset" 752
"../../../Engine/Plugins/Interchange/Assets/Content/gltf/MaterialFunctions/MF_RotateV2.uexp" 753
"../../../Engine/Plugins/Interchange/Assets/Content/gltf/MaterialFunctions/MF_TransformUVs.uasset" 754
"../../../Engine/Plugins/Interchange/Assets/Content/gltf/MaterialFunctions/MF_TransformUVs.uexp" 755
"../../../Engine/Plugins/Interchange/Assets/Content/gltf/MaterialBodies/MF_Unlit_Body.uasset" 756
"../../../Engine/Plugins/Interchange/Assets/Content/gltf/MaterialBodies/MF_Unlit_Body.uexp" 757
"../../../Engine/Plugins/Interchange/Assets/Content/gltf/M_Unlit.uasset" 758
"../../../Engine/Plugins/Interchange/Assets/Content/gltf/M_Unlit.uexp" 759
"../../../Engine/Plugins/Interchange/Assets/Content/gltf/MaterialInstances/MI_Unlit_Opaque_DS.uasset" 760
"../../../Engine/Plugins/Interchange/Assets/Content/gltf/MaterialInstances/MI_Unlit_Opaque_DS.uexp" 761
"../../../Engine/Plugins/Interchange/Assets/Content/gltf/MaterialInstances/MI_Unlit_Opaque.uasset" 762
"../../../Engine/Plugins/Interchange/Assets/Content/gltf/MaterialInstances/MI_Unlit_Opaque.uexp" 763
"../../../Engine/Plugins/Interchange/Assets/Content/gltf/MaterialInstances/MI_Unlit_Mask_DS.uasset" 764
"../../../Engine/Plugins/Interchange/Assets/Content/gltf/MaterialInstances/MI_Unlit_Mask_DS.uexp" 765
"../../../Engine/Plugins/Interchange/Assets/Content/gltf/MaterialInstances/MI_Unlit_Mask.uasset" 766
"../../../Engine/Plugins/Interchange/Assets/Content/gltf/MaterialInstances/MI_Unlit_Mask.uexp" 767
"../../../Engine/Plugins/Interchange/Assets/Content/gltf/MaterialInstances/MI_Unlit_Blend_DS.uasset" 768
"../../../Engine/Plugins/Interchange/Assets/Content/gltf/MaterialInstances/MI_Unlit_Blend_DS.uexp" 769
"../../../Engine/Plugins/Interchange/Assets/Content/gltf/MaterialInstances/MI_Unlit_Blend.uasset" 770
"../../../Engine/Plugins/Interchange/Assets/Content/gltf/MaterialInstances/MI_Unlit_Blend.uexp" 771
"../../../Engine/Content/EngineMaterials/Good64x64TilingNoiseHighFreq.uasset" 772
"../../../Engine/Content/EngineMaterials/Good64x64TilingNoiseHighFreq.uexp" 773
"../../../Engine/Content/Functions/Engine_MaterialFunctions02/Texturing/ScreenAlignedPixelToPixelUVs.uasset" 774
"../../../Engine/Content/Functions/Engine_MaterialFunctions02/Texturing/ScreenAlignedPixelToPixelUVs.uexp" 775
"../../../Engine/Plugins/Interchange/Assets/Content/Utilities/New_LUT.uasset" 776
"../../../Engine/Plugins/Interchange/Assets/Content/Utilities/New_LUT.uexp" 777
"../../../Engine/Content/Functions/Engine_MaterialFunctions03/Math/RemapValueRange.uasset" 778
"../../../Engine/Content/Functions/Engine_MaterialFunctions03/Math/RemapValueRange.uexp" 779
"../../../Engine/Plugins/Interchange/Assets/Content/Functions/MF_Iridescence.uasset" 780
"../../../Engine/Plugins/Interchange/Assets/Content/Functions/MF_Iridescence.uexp" 781
"../../../Engine/Plugins/Interchange/Assets/Content/gltf/MaterialFunctions/MF_Fresnel_DS.uasset" 782
"../../../Engine/Plugins/Interchange/Assets/Content/gltf/MaterialFunctions/MF_Fresnel_DS.uexp" 783
"../../../Engine/Plugins/Interchange/Assets/Content/gltf/MaterialFunctions/MF_IOR.uasset" 784
"../../../Engine/Plugins/Interchange/Assets/Content/gltf/MaterialFunctions/MF_IOR.uexp" 785
"../../../Engine/Plugins/Interchange/Assets/Content/gltf/MaterialFunctions/MF_Iridescence.uasset" 786
"../../../Engine/Plugins/Interchange/Assets/Content/gltf/MaterialFunctions/MF_Iridescence.uexp" 787
"../../../Engine/Plugins/Interchange/Assets/Content/gltf/Textures/T_White_Linear.uasset" 788
"../../../Engine/Plugins/Interchange/Assets/Content/gltf/Textures/T_White_Linear.uexp" 789
"../../../Engine/Plugins/Interchange/Assets/Content/gltf/MaterialFunctions/MF_MetallicRoughness.uasset" 790
"../../../Engine/Plugins/Interchange/Assets/Content/gltf/MaterialFunctions/MF_MetallicRoughness.uexp" 791
"../../../Engine/Content/Functions/Engine_MaterialFunctions02/Math/Transform3x3Matrix.uasset" 792
"../../../Engine/Content/Functions/Engine_MaterialFunctions02/Math/Transform3x3Matrix.uexp" 793
"../../../Engine/Plugins/Interchange/Assets/Content/gltf/MaterialFunctions/MF_RotateNormals_TS.uasset" 794
"../../../Engine/Plugins/Interchange/Assets/Content/gltf/MaterialFunctions/MF_RotateNormals_TS.uexp" 795
"../../../Engine/Plugins/Interchange/Assets/Content/gltf/MaterialFunctions/MF_ScaleNormal.uasset" 796
"../../../Engine/Plugins/Interchange/Assets/Content/gltf/MaterialFunctions/MF_ScaleNormal.uexp" 797
"../../../Engine/Plugins/Interchange/Assets/Content/gltf/Textures/T_Generic_N.uasset" 798
"../../../Engine/Plugins/Interchange/Assets/Content/gltf/Textures/T_Generic_N.uexp" 799
"../../../Engine/Plugins/Interchange/Assets/Content/gltf/MaterialFunctions/MF_Normals.uasset" 800
"../../../Engine/Plugins/Interchange/Assets/Content/gltf/MaterialFunctions/MF_Normals.uexp" 801
"../../../Engine/Plugins/Interchange/Assets/Content/gltf/MaterialFunctions/MF_Occlusion.uasset" 802
"../../../Engine/Plugins/Interchange/Assets/Content/gltf/MaterialFunctions/MF_Occlusion.uexp" 803
"../../../Engine/Plugins/Interchange/Assets/Content/gltf/MaterialFunctions/MF_Specular.uasset" 804
"../../../Engine/Plugins/Interchange/Assets/Content/gltf/MaterialFunctions/MF_Specular.uexp" 805
"../../../Engine/Plugins/Interchange/Assets/Content/gltf/Textures/T_Anisotropy_Direction_Linear.uasset" 806
"../../../Engine/Plugins/Interchange/Assets/Content/gltf/Textures/T_Anisotropy_Direction_Linear.uexp" 807
"../../../Engine/Plugins/Interchange/Assets/Content/gltf/MaterialFunctions/MF_SpecularAnisotropy.uasset" 808
"../../../Engine/Plugins/Interchange/Assets/Content/gltf/MaterialFunctions/MF_SpecularAnisotropy.uexp" 809
"../../../Engine/Plugins/Interchange/Assets/Content/gltf/MaterialFunctions/MF_Temporal_Blur.uasset" 810
"../../../Engine/Plugins/Interchange/Assets/Content/gltf/MaterialFunctions/MF_Temporal_Blur.uexp" 811
"../../../Engine/Plugins/Interchange/Assets/Content/gltf/MaterialFunctions/MF_Transmission.uasset" 812
"../../../Engine/Plugins/Interchange/Assets/Content/gltf/MaterialFunctions/MF_Transmission.uexp" 813
"../../../Engine/Plugins/Interchange/Assets/Content/gltf/MaterialBodies/MF_Transmission_Body.uasset" 814
"../../../Engine/Plugins/Interchange/Assets/Content/gltf/MaterialBodies/MF_Transmission_Body.uexp" 815
"../../../Engine/Plugins/Interchange/Assets/Content/gltf/M_Transmission.uasset" 816
"../../../Engine/Plugins/Interchange/Assets/Content/gltf/M_Transmission.uexp" 817
"../../../Engine/Plugins/Interchange/Assets/Content/gltf/MaterialInstances/MI_Transmission_DS.uasset" 818
"../../../Engine/Plugins/Interchange/Assets/Content/gltf/MaterialInstances/MI_Transmission_DS.uexp" 819
"../../../Engine/Plugins/Interchange/Assets/Content/gltf/MaterialInstances/MI_Transmission.uasset" 820
"../../../Engine/Plugins/Interchange/Assets/Content/gltf/MaterialInstances/MI_Transmission.uexp" 821
"../../../Engine/Content/Functions/Engine_MaterialFunctions02/Math/AddComponents.uasset" 822
"../../../Engine/Content/Functions/Engine_MaterialFunctions02/Math/AddComponents.uexp" 823
"../../../Engine/Plugins/Interchange/Assets/Content/gltf/MaterialFunctions/MF_DiffuseSpecGloss.uasset" 824
"../../../Engine/Plugins/Interchange/Assets/Content/gltf/MaterialFunctions/MF_DiffuseSpecGloss.uexp" 825
"../../../Engine/Plugins/Interchange/Assets/Content/gltf/MaterialFunctions/MF_Emissive.uasset" 826
"../../../Engine/Plugins/Interchange/Assets/Content/gltf/MaterialFunctions/MF_Emissive.uexp" 827
"../../../Engine/Plugins/Interchange/Assets/Content/gltf/MaterialFunctions/MF_MaxComponentValue.uasset" 828
"../../../Engine/Plugins/Interchange/Assets/Content/gltf/MaterialFunctions/MF_MaxComponentValue.uexp" 829
"../../../Engine/Plugins/Interchange/Assets/Content/gltf/MaterialFunctions/MF_PerceivedBrightness.uasset" 830
"../../../Engine/Plugins/Interchange/Assets/Content/gltf/MaterialFunctions/MF_PerceivedBrightness.uexp" 831
"../../../Engine/Plugins/Interchange/Assets/Content/gltf/MaterialFunctions/MF_SpecGlossToMetalRoughness.uasset" 832
"../../../Engine/Plugins/Interchange/Assets/Content/gltf/MaterialFunctions/MF_SpecGlossToMetalRoughness.uexp" 833
"../../../Engine/Plugins/Interchange/Assets/Content/gltf/MaterialBodies/MF_SpecularGlossiness_Body.uasset" 834
"../../../Engine/Plugins/Interchange/Assets/Content/gltf/MaterialBodies/MF_SpecularGlossiness_Body.uexp" 835
"../../../Engine/Plugins/Interchange/Assets/Content/gltf/M_SpecularGlossiness.uasset" 836
"../../../Engine/Plugins/Interchange/Assets/Content/gltf/M_SpecularGlossiness.uexp" 837
"../../../Engine/Plugins/Interchange/Assets/Content/gltf/MaterialInstances/MI_SpecularGlossiness_Opaque_DS.uasset" 838
"../../../Engine/Plugins/Interchange/Assets/Content/gltf/MaterialInstances/MI_SpecularGlossiness_Opaque_DS.uexp" 839
"../../../Engine/Plugins/Interchange/Assets/Content/gltf/MaterialInstances/MI_SpecularGlossiness_Opaque.uasset" 840
"../../../Engine/Plugins/Interchange/Assets/Content/gltf/MaterialInstances/MI_SpecularGlossiness_Opaque.uexp" 841
"../../../Engine/Plugins/Interchange/Assets/Content/gltf/MaterialInstances/MI_SpecularGlossiness_Mask_DS.uasset" 842
"../../../Engine/Plugins/Interchange/Assets/Content/gltf/MaterialInstances/MI_SpecularGlossiness_Mask_DS.uexp" 843
"../../../Engine/Plugins/Interchange/Assets/Content/gltf/MaterialInstances/MI_SpecularGlossiness_Mask.uasset" 844
"../../../Engine/Plugins/Interchange/Assets/Content/gltf/MaterialInstances/MI_SpecularGlossiness_Mask.uexp" 845
"../../../Engine/Plugins/Interchange/Assets/Content/gltf/MaterialInstances/MI_SpecularGlossiness_Blend_DS.uasset" 846
"../../../Engine/Plugins/Interchange/Assets/Content/gltf/MaterialInstances/MI_SpecularGlossiness_Blend_DS.uexp" 847
"../../../Engine/Plugins/Interchange/Assets/Content/gltf/MaterialInstances/MI_SpecularGlossiness_Blend.uasset" 848
"../../../Engine/Plugins/Interchange/Assets/Content/gltf/MaterialInstances/MI_SpecularGlossiness_Blend.uexp" 849
"../../../Engine/Plugins/Interchange/Assets/Content/gltf/MaterialFunctions/MF_Sheen.uasset" 850
"../../../Engine/Plugins/Interchange/Assets/Content/gltf/MaterialFunctions/MF_Sheen.uexp" 851
"../../../Engine/Plugins/Interchange/Assets/Content/gltf/MaterialBodies/MF_Sheen_Body.uasset" 852
"../../../Engine/Plugins/Interchange/Assets/Content/gltf/MaterialBodies/MF_Sheen_Body.uexp" 853
"../../../Engine/Plugins/Interchange/Assets/Content/gltf/M_Sheen.uasset" 854
"../../../Engine/Plugins/Interchange/Assets/Content/gltf/M_Sheen.uexp" 855
"../../../Engine/Plugins/Interchange/Assets/Content/gltf/MaterialInstances/MI_Sheen_Opaque_DS.uasset" 856
"../../../Engine/Plugins/Interchange/Assets/Content/gltf/MaterialInstances/MI_Sheen_Opaque_DS.uexp" 857
"../../../Engine/Plugins/Interchange/Assets/Content/gltf/MaterialInstances/MI_Sheen_Opaque.uasset" 858
"../../../Engine/Plugins/Interchange/Assets/Content/gltf/MaterialInstances/MI_Sheen_Opaque.uexp" 859
"../../../Engine/Plugins/Interchange/Assets/Content/gltf/MaterialInstances/MI_Sheen_Mask_DS.uasset" 860
"../../../Engine/Plugins/Interchange/Assets/Content/gltf/MaterialInstances/MI_Sheen_Mask_DS.uexp" 861
"../../../Engine/Plugins/Interchange/Assets/Content/gltf/MaterialInstances/MI_Sheen_Mask.uasset" 862
"../../../Engine/Plugins/Interchange/Assets/Content/gltf/MaterialInstances/MI_Sheen_Mask.uexp" 863
"../../../Engine/Plugins/Interchange/Assets/Content/gltf/MaterialInstances/MI_Sheen_Blend_DS.uasset" 864
"../../../Engine/Plugins/Interchange/Assets/Content/gltf/MaterialInstances/MI_Sheen_Blend_DS.uexp" 865
"../../../Engine/Plugins/Interchange/Assets/Content/gltf/MaterialInstances/MI_Sheen_Blend.uasset" 866
"../../../Engine/Plugins/Interchange/Assets/Content/gltf/MaterialInstances/MI_Sheen_Blend.uexp" 867
"../../../Engine/Plugins/Interchange/Assets/Content/gltf/MaterialBodies/MF_Default_Body.uasset" 868
"../../../Engine/Plugins/Interchange/Assets/Content/gltf/MaterialBodies/MF_Default_Body.uexp" 869
"../../../Engine/Plugins/Interchange/Assets/Content/gltf/M_Default.uasset" 870
"../../../Engine/Plugins/Interchange/Assets/Content/gltf/M_Default.uexp" 871
"../../../Engine/Plugins/Interchange/Assets/Content/gltf/MaterialInstances/MI_Default_Opaque_DS.uasset" 872
"../../../Engine/Plugins/Interchange/Assets/Content/gltf/MaterialInstances/MI_Default_Opaque_DS.uexp" 873
"../../../Engine/Plugins/Interchange/Assets/Content/gltf/MaterialInstances/MI_Default_Opaque.uasset" 874
"../../../Engine/Plugins/Interchange/Assets/Content/gltf/MaterialInstances/MI_Default_Opaque.uexp" 875
"../../../Engine/Plugins/Interchange/Assets/Content/gltf/MaterialInstances/MI_Default_Mask_DS.uasset" 876
"../../../Engine/Plugins/Interchange/Assets/Content/gltf/MaterialInstances/MI_Default_Mask_DS.uexp" 877
"../../../Engine/Plugins/Interchange/Assets/Content/gltf/MaterialInstances/MI_Default_Mask.uasset" 878
"../../../Engine/Plugins/Interchange/Assets/Content/gltf/MaterialInstances/MI_Default_Mask.uexp" 879
"../../../Engine/Plugins/Interchange/Assets/Content/gltf/MaterialInstances/MI_Default_Blend_DS.uasset" 880
"../../../Engine/Plugins/Interchange/Assets/Content/gltf/MaterialInstances/MI_Default_Blend_DS.uexp" 881
"../../../Engine/Plugins/Interchange/Assets/Content/gltf/MaterialInstances/MI_Default_Blend.uasset" 882
"../../../Engine/Plugins/Interchange/Assets/Content/gltf/MaterialInstances/MI_Default_Blend.uexp" 883
"../../../Engine/Content/Functions/Engine_MaterialFunctions01/Texturing/FlattenNormal.uasset" 884
"../../../Engine/Content/Functions/Engine_MaterialFunctions01/Texturing/FlattenNormal.uexp" 885
"../../../Engine/Plugins/Interchange/Assets/Content/gltf/MaterialFunctions/MF_Clearcoat.uasset" 886
"../../../Engine/Plugins/Interchange/Assets/Content/gltf/MaterialFunctions/MF_Clearcoat.uexp" 887
"../../../Engine/Plugins/Interchange/Assets/Content/gltf/MaterialBodies/MF_ClearCoat_Body.uasset" 888
"../../../Engine/Plugins/Interchange/Assets/Content/gltf/MaterialBodies/MF_ClearCoat_Body.uexp" 889
"../../../Engine/Plugins/Interchange/Assets/Content/gltf/M_ClearCoat.uasset" 890
"../../../Engine/Plugins/Interchange/Assets/Content/gltf/M_ClearCoat.uexp" 891
"../../../Engine/Plugins/Interchange/Assets/Content/gltf/MaterialInstances/MI_ClearCoat_Opaque_DS.uasset" 892
"../../../Engine/Plugins/Interchange/Assets/Content/gltf/MaterialInstances/MI_ClearCoat_Opaque_DS.uexp" 893
"../../../Engine/Plugins/Interchange/Assets/Content/gltf/MaterialInstances/MI_ClearCoat_Opaque.uasset" 894
"../../../Engine/Plugins/Interchange/Assets/Content/gltf/MaterialInstances/MI_ClearCoat_Opaque.uexp" 895
"../../../Engine/Plugins/Interchange/Assets/Content/gltf/MaterialInstances/MI_ClearCoat_Mask_DS.uasset" 896
"../../../Engine/Plugins/Interchange/Assets/Content/gltf/MaterialInstances/MI_ClearCoat_Mask_DS.uexp" 897
"../../../Engine/Plugins/Interchange/Assets/Content/gltf/MaterialInstances/MI_ClearCoat_Mask.uasset" 898
"../../../Engine/Plugins/Interchange/Assets/Content/gltf/MaterialInstances/MI_ClearCoat_Mask.uexp" 899
"../../../Engine/Plugins/Interchange/Assets/Content/gltf/MaterialInstances/MI_ClearCoat_Blend_DS.uasset" 900
"../../../Engine/Plugins/Interchange/Assets/Content/gltf/MaterialInstances/MI_ClearCoat_Blend_DS.uexp" 901
"../../../Engine/Plugins/Interchange/Assets/Content/gltf/MaterialInstances/MI_ClearCoat_Blend.uasset" 902
"../../../Engine/Plugins/Interchange/Assets/Content/gltf/MaterialInstances/MI_ClearCoat_Blend.uexp" 903
"../../../Engine/Content/ArtTools/RenderToTexture/Meshes/S_1_Unit_Plane.ubulk" 904
"../../../Engine/Content/ArtTools/RenderToTexture/Meshes/S_1_Unit_Plane.uasset" 905
"../../../Engine/Content/ArtTools/RenderToTexture/Meshes/S_1_Unit_Plane.uexp" 906
"../../../Engine/Content/EngineMaterials/Substrate/Volume/SubstrateSimpleVolumeLUT3D.uasset" 907
"../../../Engine/Content/EngineMaterials/Substrate/Volume/SubstrateSimpleVolumeLUT3D.uexp" 908
"../../../Engine/Content/EngineMaterials/Substrate/Volume/SubstrateSimpleVolumeEnvLUT3D.uasset" 909
"../../../Engine/Content/EngineMaterials/Substrate/Volume/SubstrateSimpleVolumeEnvLUT3D.uexp" 910
"../../../Engine/Content/EngineMaterials/Substrate/Glints2/AGlintTex2dArray2.uasset" 911
"../../../Engine/Content/EngineMaterials/Substrate/Glints2/AGlintTex2dArray2.uexp" 912
"../../../Engine/Content/EngineMaterials/Substrate/GLints/AGlintTex2dArray.uasset" 913
"../../../Engine/Content/EngineMaterials/Substrate/GLints/AGlintTex2dArray.uexp" 914
"../../../Engine/Content/Functions/Engine_MaterialFunctions01/Shading/PowerToRoughness.uasset" 915
"../../../Engine/Content/Functions/Engine_MaterialFunctions01/Shading/PowerToRoughness.uexp" 916
"../../../Engine/Content/Functions/Engine_MaterialFunctions01/Shading/ConvertFromDiffSpec.uasset" 917
"../../../Engine/Content/Functions/Engine_MaterialFunctions01/Shading/ConvertFromDiffSpec.uexp" 918
"C:/Users/kimkiyong/Documents/GitHub/ProjectBBK/Content/PlayerCharacter/Blueprint/GAS/Effects/GE_SpeedBuff.uasset" 919
"C:/Users/kimkiyong/Documents/GitHub/ProjectBBK/Content/PlayerCharacter/Blueprint/GAS/Effects/GE_SpeedBuff.uexp" 920
"../../../Engine/Content/BasicShapes/Sphere.ubulk" 921
"../../../Engine/Content/BasicShapes/Sphere.uasset" 922
"../../../Engine/Content/BasicShapes/Sphere.uexp" 923
"../../../Engine/Content/EngineMaterials/T_Default_Normal.ubulk" 924
"../../../Engine/Content/EngineMaterials/T_Default_Normal.uasset" 925
"../../../Engine/Content/EngineMaterials/T_Default_Normal.uexp" 926
"../../../Engine/Content/EngineMaterials/T_Default_MacroVariation.ubulk" 927
"../../../Engine/Content/EngineMaterials/T_Default_MacroVariation.uasset" 928
"../../../Engine/Content/EngineMaterials/T_Default_MacroVariation.uexp" 929
"../../../Engine/Content/EngineMaterials/Grid_N.ubulk" 930
"../../../Engine/Content/EngineMaterials/Grid_N.uasset" 931
"../../../Engine/Content/EngineMaterials/Grid_N.uexp" 932
"C:/Users/kimkiyong/Documents/GitHub/ProjectBBK/Content/AdvancedGlassPack/Materials/MF_AdvancedUV.uasset" 933
"C:/Users/kimkiyong/Documents/GitHub/ProjectBBK/Content/AdvancedGlassPack/Materials/MF_AdvancedUV.uexp" 934
"C:/Users/kimkiyong/Documents/GitHub/ProjectBBK/Content/AdvancedGlassPack/Textures/DirtMask/T_DirtMask_01.ubulk" 935
"C:/Users/kimkiyong/Documents/GitHub/ProjectBBK/Content/AdvancedGlassPack/Textures/DirtMask/T_DirtMask_01.uasset" 936
"C:/Users/kimkiyong/Documents/GitHub/ProjectBBK/Content/AdvancedGlassPack/Textures/DirtMask/T_DirtMask_01.uexp" 937
"C:/Users/kimkiyong/Documents/GitHub/ProjectBBK/Content/AdvancedGlassPack/Materials/02_Dirty/M_Glass_DirtyMaster.uasset" 938
"C:/Users/kimkiyong/Documents/GitHub/ProjectBBK/Content/AdvancedGlassPack/Materials/02_Dirty/M_Glass_DirtyMaster.uexp" 939
"C:/Users/kimkiyong/Documents/GitHub/ProjectBBK/Content/PlayerCharacter/Blueprint/GAS/Cues/GC_ShieldBubble.uasset" 940
"C:/Users/kimkiyong/Documents/GitHub/ProjectBBK/Content/PlayerCharacter/Blueprint/GAS/Cues/GC_ShieldBubble.uexp" 941
"../../../Engine/Content/EditorBlueprintResources/StandardMacros.uasset" 942
"../../../Engine/Content/EditorBlueprintResources/StandardMacros.uexp" 943
"C:/Users/kimkiyong/Documents/GitHub/ProjectBBK/Content/PlayerCharacter/Blueprint/GAS/Cues/GC_Knockback.uasset" 944
"C:/Users/kimkiyong/Documents/GitHub/ProjectBBK/Content/PlayerCharacter/Blueprint/GAS/Cues/GC_Knockback.uexp" 945
"../../../Engine/Plugins/FX/Niagara/Content/Enums/ENiagara_EmitterStateOptions.uasset" 946
"../../../Engine/Plugins/FX/Niagara/Content/Enums/ENiagara_EmitterStateOptions.uexp" 947
"../../../Engine/Plugins/FX/Niagara/Content/Enums/ENiagara_InfiniteLoopDuration.uasset" 948
"../../../Engine/Plugins/FX/Niagara/Content/Enums/ENiagara_InfiniteLoopDuration.uexp" 949
"../../../Engine/Plugins/FX/Niagara/Content/Enums/ENiagaraEmitterLifeCycleMode.uasset" 950
"../../../Engine/Plugins/FX/Niagara/Content/Enums/ENiagaraEmitterLifeCycleMode.uexp" 951
"../../../Engine/Plugins/FX/Niagara/Content/Enums/ENiagaraEmitterScalabilityMode_Limited.uasset" 952
"../../../Engine/Plugins/FX/Niagara/Content/Enums/ENiagaraEmitterScalabilityMode_Limited.uexp" 953
"../../../Engine/Plugins/FX/Niagara/Content/Enums/ENiagaraInactiveMode.uasset" 954
"../../../Engine/Plugins/FX/Niagara/Content/Enums/ENiagaraInactiveMode.uexp" 955
"../../../Engine/Plugins/FX/Niagara/Content/Enums/ENiagaraSystemInactiveMode.uasset" 956
"../../../Engine/Plugins/FX/Niagara/Content/Enums/ENiagaraSystemInactiveMode.uexp" 957
"../../../Engine/Plugins/FX/Niagara/Content/Icons/Modules/T_Icon_Scalability_Emitter.uasset" 958
"../../../Engine/Plugins/FX/Niagara/Content/Icons/Modules/T_Icon_Scalability_Emitter.uexp" 959
"../../../Engine/Plugins/FX/Niagara/Content/Icons/Modules/T_Icon_Scalability_System.uasset" 960
"../../../Engine/Plugins/FX/Niagara/Content/Icons/Modules/T_Icon_Scalability_System.uexp" 961
"../../../Engine/Plugins/FX/Niagara/Content/Enums/ENiagaraRandomnessMode.uasset" 962
"../../../Engine/Plugins/FX/Niagara/Content/Enums/ENiagaraRandomnessMode.uexp" 963
"../../../Engine/Plugins/FX/Niagara/Content/Icons/Modules/T_Icon_Solver_LimitAccel.uasset" 964
"../../../Engine/Plugins/FX/Niagara/Content/Icons/Modules/T_Icon_Solver_LimitAccel.uexp" 965
"../../../Engine/Plugins/FX/Niagara/Content/Icons/Modules/T_Icon_Solver_LimitSpeed.uasset" 966
"../../../Engine/Plugins/FX/Niagara/Content/Icons/Modules/T_Icon_Solver_LimitSpeed.uexp" 967
"../../../Engine/Plugins/FX/Niagara/Content/Icons/Modules/T_Icon_Solver_RotationalSolve.uasset" 968
"../../../Engine/Plugins/FX/Niagara/Content/Icons/Modules/T_Icon_Solver_RotationalSolve.uexp" 969
"../../../Engine/Plugins/FX/Niagara/Content/Icons/Modules/T_Icon_Particle_InfiniteLife.uasset" 970
"../../../Engine/Plugins/FX/Niagara/Content/Icons/Modules/T_Icon_Particle_InfiniteLife.uexp" 971
"../../../Engine/Plugins/FX/Niagara/Content/VectorFields/Assets/TilingCurl32.uasset" 972
"../../../Engine/Plugins/FX/Niagara/Content/VectorFields/Assets/TilingCurl32.uexp" 973
"../../../Engine/Plugins/FX/Niagara/Content/Enums/ENiagaraRandomnessEvaluation.uasset" 974
"../../../Engine/Plugins/FX/Niagara/Content/Enums/ENiagaraRandomnessEvaluation.uexp" 975
"../../../Engine/Plugins/FX/Niagara/Content/Enums/ENiagara_UVFlippingMode.uasset" 976
"../../../Engine/Plugins/FX/Niagara/Content/Enums/ENiagara_UVFlippingMode.uexp" 977
"../../../Engine/Plugins/FX/Niagara/Content/Enums/ENiagara_SpriteRotationMode.uasset" 978
"../../../Engine/Plugins/FX/Niagara/Content/Enums/ENiagara_SpriteRotationMode.uexp" 979
"../../../Engine/Plugins/FX/Niagara/Content/Enums/ENiagara_SizeScaleMode.uasset" 980
"../../../Engine/Plugins/FX/Niagara/Content/Enums/ENiagara_SizeScaleMode.uexp" 981
"../../../Engine/Plugins/FX/Niagara/Content/Enums/ENiagara_PositionInitializationMode.uasset" 982
"../../../Engine/Plugins/FX/Niagara/Content/Enums/ENiagara_PositionInitializationMode.uexp" 983
"../../../Engine/Plugins/FX/Niagara/Content/Enums/ENiagara_MassInitializationMode.uasset" 984
"../../../Engine/Plugins/FX/Niagara/Content/Enums/ENiagara_MassInitializationMode.uexp" 985
"../../../Engine/Plugins/FX/Niagara/Content/Enums/ENiagara_LifetimeMode.uasset" 986
"../../../Engine/Plugins/FX/Niagara/Content/Enums/ENiagara_LifetimeMode.uexp" 987
"../../../Engine/Plugins/FX/Niagara/Content/Enums/ENiagara_ColorInitializationMode.uasset" 988
"../../../Engine/Plugins/FX/Niagara/Content/Enums/ENiagara_ColorInitializationMode.uexp" 989
"../../../Engine/Plugins/FX/Niagara/Content/Enums/ENiagaraSphereDistributionMode.uasset" 990
"../../../Engine/Plugins/FX/Niagara/Content/Enums/ENiagaraSphereDistributionMode.uexp" 991
"../../../Engine/Plugins/FX/Niagara/Content/Enums/ENiagaraScaleColorMode.uasset" 992
"../../../Engine/Plugins/FX/Niagara/Content/Enums/ENiagaraScaleColorMode.uexp" 993
"../../../Engine/Plugins/FX/Niagara/Content/Enums/ENiagaraCurlNoiseQuality.uasset" 994
"../../../Engine/Plugins/FX/Niagara/Content/Enums/ENiagaraCurlNoiseQuality.uexp" 995
"../../../Engine/Plugins/FX/Niagara/Content/Enums/ENiagaraChannelCorrelation.uasset" 996
"../../../Engine/Plugins/FX/Niagara/Content/Enums/ENiagaraChannelCorrelation.uexp" 997
"../../../Engine/Plugins/FX/Niagara/Content/Enums/Ribbons/ENiagara_UnsetDirectSet.uasset" 998
"../../../Engine/Plugins/FX/Niagara/Content/Enums/Ribbons/ENiagara_UnsetDirectSet.uexp" 999
"../../../Engine/Plugins/FX/Niagara/Content/Enums/Ribbons/ENiagara_UnsetDirectSetRandom.uasset" 1000
"../../../Engine/Plugins/FX/Niagara/Content/Enums/Ribbons/ENiagara_UnsetDirectSetRandom.uexp" 1001
"../../../Engine/Plugins/FX/Niagara/Content/Enums/ENiagaraExpansionMode.uasset" 1002
"../../../Engine/Plugins/FX/Niagara/Content/Enums/ENiagaraExpansionMode.uexp" 1003
"../../../Engine/Plugins/FX/Niagara/Content/Enums/ENiagaraVector4_Channels.uasset" 1004
"../../../Engine/Plugins/FX/Niagara/Content/Enums/ENiagaraVector4_Channels.uexp" 1005
"../../../Engine/Plugins/FX/Niagara/Content/VectorFields/Assets/TilingCurl64.uasset" 1006
"../../../Engine/Plugins/FX/Niagara/Content/VectorFields/Assets/TilingCurl64.uexp" 1007
"../../../Engine/Plugins/FX/Niagara/Content/VectorFields/Assets/TilingCurl16.uasset" 1008
"../../../Engine/Plugins/FX/Niagara/Content/VectorFields/Assets/TilingCurl16.uexp" 1009
"C:/Users/kimkiyong/Documents/GitHub/ProjectBBK/Content/MegaMagicVFXBundle/VFX/MagicAuraVFX/Essentials/Textures/T_Greyscale.ubulk" 1010
"C:/Users/kimkiyong/Documents/GitHub/ProjectBBK/Content/MegaMagicVFXBundle/VFX/MagicAuraVFX/Essentials/Textures/T_Greyscale.uasset" 1011
"C:/Users/kimkiyong/Documents/GitHub/ProjectBBK/Content/MegaMagicVFXBundle/VFX/MagicAuraVFX/Essentials/Textures/T_Greyscale.uexp" 1012
"C:/Users/kimkiyong/Documents/GitHub/ProjectBBK/Content/MegaMagicVFXBundle/VFX/MagicalExplosionsVFX/Essentials/Materials/M_MasterSpriteMat.uasset" 1013
"C:/Users/kimkiyong/Documents/GitHub/ProjectBBK/Content/MegaMagicVFXBundle/VFX/MagicalExplosionsVFX/Essentials/Materials/M_MasterSpriteMat.uexp" 1014
"C:/Users/kimkiyong/Documents/GitHub/ProjectBBK/Content/MegaMagicVFXBundle/VFX/MagicAuraVFX/VFX/NatureAura/Materials/MI_NatureAuraTrailsGlow.uasset" 1015
"C:/Users/kimkiyong/Documents/GitHub/ProjectBBK/Content/MegaMagicVFXBundle/VFX/MagicAuraVFX/VFX/NatureAura/Materials/MI_NatureAuraTrailsGlow.uexp" 1016
"C:/Users/kimkiyong/Documents/GitHub/ProjectBBK/Content/MegaMagicVFXBundle/VFX/MagicAuraVFX/VFX/NatureAura/Materials/MI_NatureAuraTrails.uasset" 1017
"C:/Users/kimkiyong/Documents/GitHub/ProjectBBK/Content/MegaMagicVFXBundle/VFX/MagicAuraVFX/VFX/NatureAura/Materials/MI_NatureAuraTrails.uexp" 1018
"C:/Users/kimkiyong/Documents/GitHub/ProjectBBK/Content/MegaMagicVFXBundle/VFX/MagicAuraVFX/VFX/NatureAura/Materials/MI_NatureAuraTrailHead.uasset" 1019
"C:/Users/kimkiyong/Documents/GitHub/ProjectBBK/Content/MegaMagicVFXBundle/VFX/MagicAuraVFX/VFX/NatureAura/Materials/MI_NatureAuraTrailHead.uexp" 1020
"C:/Users/kimkiyong/Documents/GitHub/ProjectBBK/Content/MegaMagicVFXBundle/VFX/MagicAuraVFX/VFX/NatureAura/Systems/N_NatureAura.uasset" 1021
"C:/Users/kimkiyong/Documents/GitHub/ProjectBBK/Content/MegaMagicVFXBundle/VFX/MagicAuraVFX/VFX/NatureAura/Systems/N_NatureAura.uexp" 1022
"C:/Users/kimkiyong/Documents/GitHub/ProjectBBK/Content/PlayerCharacter/Blueprint/GAS/Cues/GC_Heal.uasset" 1023
"C:/Users/kimkiyong/Documents/GitHub/ProjectBBK/Content/PlayerCharacter/Blueprint/GAS/Cues/GC_Heal.uexp" 1024
"../../../Engine/Plugins/FX/Niagara/Content/Enums/ENiagaraTorusDistributionMode.uasset" 1025
"../../../Engine/Plugins/FX/Niagara/Content/Enums/ENiagaraTorusDistributionMode.uexp" 1026
"../../../Engine/Plugins/FX/Niagara/Content/Enums/ENiagaraCalculateRadiusOptions.uasset" 1027
"../../../Engine/Plugins/FX/Niagara/Content/Enums/ENiagaraCalculateRadiusOptions.uexp" 1028
"../../../Engine/Plugins/FX/Niagara/Content/Enums/ENiagara_SubUVLookupMode.uasset" 1029
"../../../Engine/Plugins/FX/Niagara/Content/Enums/ENiagara_SubUVLookupMode.uexp" 1030
"../../../Engine/Plugins/FX/Niagara/Content/Enums/ENiagara_AttributeSamplingApplyOutput.uasset" 1031
"../../../Engine/Plugins/FX/Niagara/Content/Enums/ENiagara_AttributeSamplingApplyOutput.uexp" 1032
"../../../Engine/Plugins/FX/Niagara/Content/Enums/ENiagaraShapeTorusMode.uasset" 1033
"../../../Engine/Plugins/FX/Niagara/Content/Enums/ENiagaraShapeTorusMode.uexp" 1034
"../../../Engine/Plugins/FX/Niagara/Content/Enums/ENiagaraMeshTransforms.uasset" 1035
"../../../Engine/Plugins/FX/Niagara/Content/Enums/ENiagaraMeshTransforms.uexp" 1036
"../../../Engine/Plugins/FX/Niagara/Content/Enums/Angles/ENiagara_AngleInput.uasset" 1037
"../../../Engine/Plugins/FX/Niagara/Content/Enums/Angles/ENiagara_AngleInput.uexp" 1038
"../../../Engine/Plugins/FX/Niagara/Content/Enums/Location/ENiagara_BoxPlaneMode.uasset" 1039
"../../../Engine/Plugins/FX/Niagara/Content/Enums/Location/ENiagara_BoxPlaneMode.uexp" 1040
"../../../Engine/Plugins/FX/Niagara/Content/Enums/Location/ENiagara_ConeMode.uasset" 1041
"../../../Engine/Plugins/FX/Niagara/Content/Enums/Location/ENiagara_ConeMode.uexp" 1042
"../../../Engine/Plugins/FX/Niagara/Content/Enums/Location/ENiagara_CylinderMode.uasset" 1043
"../../../Engine/Plugins/FX/Niagara/Content/Enums/Location/ENiagara_CylinderMode.uexp" 1044
"../../../Engine/Plugins/FX/Niagara/Content/Enums/Location/ENiagara_LocationShapes.uasset" 1045
"../../../Engine/Plugins/FX/Niagara/Content/Enums/Location/ENiagara_LocationShapes.uexp" 1046
"../../../Engine/Plugins/FX/Niagara/Content/Enums/Location/ENiagaraRingDiscMode.uasset" 1047
"../../../Engine/Plugins/FX/Niagara/Content/Enums/Location/ENiagaraRingDiscMode.uexp" 1048
"../../../Engine/Plugins/FX/Niagara/Content/Enums/Transforms/ENiagara_OffsetMode.uasset" 1049
"../../../Engine/Plugins/FX/Niagara/Content/Enums/Transforms/ENiagara_OffsetMode.uexp" 1050
"../../../Engine/Plugins/FX/Niagara/Content/Enums/Transforms/ENiagara_RotationMode.uasset" 1051
"../../../Engine/Plugins/FX/Niagara/Content/Enums/Transforms/ENiagara_RotationMode.uexp" 1052
"../../../Engine/Plugins/FX/Niagara/Content/Enums/Transforms/ENiagara_ScaleMode.uasset" 1053
"../../../Engine/Plugins/FX/Niagara/Content/Enums/Transforms/ENiagara_ScaleMode.uexp" 1054
"../../../Engine/Plugins/FX/Niagara/Content/Enums/Transforms/ENiagara_TransformOrder.uasset" 1055
"../../../Engine/Plugins/FX/Niagara/Content/Enums/Transforms/ENiagara_TransformOrder.uexp" 1056
"../../../Engine/Plugins/FX/Niagara/Content/Enums/Transforms/ENiagara_TransformType.uasset" 1057
"../../../Engine/Plugins/FX/Niagara/Content/Enums/Transforms/ENiagara_TransformType.uexp" 1058
"../../../Engine/Plugins/FX/Niagara/Content/Enums/Utility/ENiagara_VelocityMode.uasset" 1059
"../../../Engine/Plugins/FX/Niagara/Content/Enums/Utility/ENiagara_VelocityMode.uexp" 1060
"../../../Engine/Plugins/FX/Niagara/Content/Enums/SpriteRenderer/ENiagara_ScaleSpriteSize.uasset" 1061
"../../../Engine/Plugins/FX/Niagara/Content/Enums/SpriteRenderer/ENiagara_ScaleSpriteSize.uexp" 1062
"../../../Engine/Plugins/FX/Niagara/Content/Enums/ENiagara_WrapClamp.uasset" 1063
"../../../Engine/Plugins/FX/Niagara/Content/Enums/ENiagara_WrapClamp.uexp" 1064
"../../../Engine/Plugins/FX/Niagara/Content/Enums/ENiagara_SubUVLookupModeV2.uasset" 1065
"../../../Engine/Plugins/FX/Niagara/Content/Enums/ENiagara_SubUVLookupModeV2.uexp" 1066
"../../../Engine/Plugins/FX/Niagara/Content/Enums/ENiagaraMeshOrSprite.uasset" 1067
"../../../Engine/Plugins/FX/Niagara/Content/Enums/ENiagaraMeshOrSprite.uexp" 1068
"../../../Engine/Plugins/FX/Niagara/Content/Enums/SpriteRenderer/ENiagara_FPSPlayrate.uasset" 1069
"../../../Engine/Plugins/FX/Niagara/Content/Enums/SpriteRenderer/ENiagara_FPSPlayrate.uexp" 1070
"../../../Engine/Plugins/FX/Niagara/Content/Enums/SpriteRenderer/ENiagara_AutomaticManual.uasset" 1071
"../../../Engine/Plugins/FX/Niagara/Content/Enums/SpriteRenderer/ENiagara_AutomaticManual.uexp" 1072
"../../../Engine/Plugins/FX/Niagara/Content/Enums/Utility/ENiagara_DynamicMaterialParametersInputMode.uasset" 1073
"../../../Engine/Plugins/FX/Niagara/Content/Enums/Utility/ENiagara_DynamicMaterialParametersInputMode.uexp" 1074
"../../../Engine/Plugins/FX/Niagara/Content/Enums/Utility/ENiagara_UpdateMeshOrientationMode.uasset" 1075
"../../../Engine/Plugins/FX/Niagara/Content/Enums/Utility/ENiagara_UpdateMeshOrientationMode.uexp" 1076
"../../../Engine/Plugins/FX/Niagara/Content/Enums/Utility/ENiagara_OrientVectorCount.uasset" 1077
"../../../Engine/Plugins/FX/Niagara/Content/Enums/Utility/ENiagara_OrientVectorCount.uexp" 1078
"../../../Engine/Plugins/FX/Niagara/Content/Enums/Transforms/ENiagara_MeshOrientationOptions.uasset" 1079
"../../../Engine/Plugins/FX/Niagara/Content/Enums/Transforms/ENiagara_MeshOrientationOptions.uexp" 1080
"../../../Engine/Content/Functions/Engine_MaterialFunctions01/Density/ExponentialDensity.uasset" 1081
"../../../Engine/Content/Functions/Engine_MaterialFunctions01/Density/ExponentialDensity.uexp" 1082
"../../../Engine/Content/Functions/Engine_MaterialFunctions01/Gradient/RadialGradientExponential.uasset" 1083
"../../../Engine/Content/Functions/Engine_MaterialFunctions01/Gradient/RadialGradientExponential.uexp" 1084
"C:/Users/kimkiyong/Documents/GitHub/ProjectBBK/Content/Free_Magic/Textures/T_Free_Magic_Noise2.ubulk" 1085
"C:/Users/kimkiyong/Documents/GitHub/ProjectBBK/Content/Free_Magic/Textures/T_Free_Magic_Noise2.uasset" 1086
"C:/Users/kimkiyong/Documents/GitHub/ProjectBBK/Content/Free_Magic/Textures/T_Free_Magic_Noise2.uexp" 1087
"C:/Users/kimkiyong/Documents/GitHub/ProjectBBK/Content/Free_Magic/Materials/M_Free_Magic_Sparks.uasset" 1088
"C:/Users/kimkiyong/Documents/GitHub/ProjectBBK/Content/Free_Magic/Materials/M_Free_Magic_Sparks.uexp" 1089
"C:/Users/kimkiyong/Documents/GitHub/ProjectBBK/Content/Free_Magic/Textures/T_Free_Magic_Smoke.ubulk" 1090
"C:/Users/kimkiyong/Documents/GitHub/ProjectBBK/Content/Free_Magic/Textures/T_Free_Magic_Smoke.uasset" 1091
"C:/Users/kimkiyong/Documents/GitHub/ProjectBBK/Content/Free_Magic/Textures/T_Free_Magic_Smoke.uexp" 1092
"C:/Users/kimkiyong/Documents/GitHub/ProjectBBK/Content/Free_Magic/Materials/M_Free_Magic_Smoke.uasset" 1093
"C:/Users/kimkiyong/Documents/GitHub/ProjectBBK/Content/Free_Magic/Materials/M_Free_Magic_Smoke.uexp" 1094
"C:/Users/kimkiyong/Documents/GitHub/ProjectBBK/Content/Free_Magic/Mesh/SM_Free_Magic_Spiral2.ubulk" 1095
"C:/Users/kimkiyong/Documents/GitHub/ProjectBBK/Content/Free_Magic/Mesh/SM_Free_Magic_Spiral2.uasset" 1096
"C:/Users/kimkiyong/Documents/GitHub/ProjectBBK/Content/Free_Magic/Mesh/SM_Free_Magic_Spiral2.uexp" 1097
"C:/Users/kimkiyong/Documents/GitHub/ProjectBBK/Content/Free_Magic/Mesh/SM_Free_Magic_Plane1.ubulk" 1098
"C:/Users/kimkiyong/Documents/GitHub/ProjectBBK/Content/Free_Magic/Mesh/SM_Free_Magic_Plane1.uasset" 1099
"C:/Users/kimkiyong/Documents/GitHub/ProjectBBK/Content/Free_Magic/Mesh/SM_Free_Magic_Plane1.uexp" 1100
"C:/Users/kimkiyong/Documents/GitHub/ProjectBBK/Content/Free_Magic/Textures/T_Free_Magic_Noise1.ubulk" 1101
"C:/Users/kimkiyong/Documents/GitHub/ProjectBBK/Content/Free_Magic/Textures/T_Free_Magic_Noise1.uasset" 1102
"C:/Users/kimkiyong/Documents/GitHub/ProjectBBK/Content/Free_Magic/Textures/T_Free_Magic_Noise1.uexp" 1103
"C:/Users/kimkiyong/Documents/GitHub/ProjectBBK/Content/Free_Magic/Materials/M_Free_Magic_Spiral.uasset" 1104
"C:/Users/kimkiyong/Documents/GitHub/ProjectBBK/Content/Free_Magic/Materials/M_Free_Magic_Spiral.uexp" 1105
"C:/Users/kimkiyong/Documents/GitHub/ProjectBBK/Content/Free_Magic/Textures/T_Free_Magic_Circle.ubulk" 1106
"C:/Users/kimkiyong/Documents/GitHub/ProjectBBK/Content/Free_Magic/Textures/T_Free_Magic_Circle.uasset" 1107
"C:/Users/kimkiyong/Documents/GitHub/ProjectBBK/Content/Free_Magic/Textures/T_Free_Magic_Circle.uexp" 1108
"C:/Users/kimkiyong/Documents/GitHub/ProjectBBK/Content/Free_Magic/Materials/M_Free_Magic_Circle.uasset" 1109
"C:/Users/kimkiyong/Documents/GitHub/ProjectBBK/Content/Free_Magic/Materials/M_Free_Magic_Circle.uexp" 1110
"C:/Users/kimkiyong/Documents/GitHub/ProjectBBK/Content/Free_Magic/VFX_Niagara/NS_Free_Magic_Circle1.uasset" 1111
"C:/Users/kimkiyong/Documents/GitHub/ProjectBBK/Content/Free_Magic/VFX_Niagara/NS_Free_Magic_Circle1.uexp" 1112
"C:/Users/kimkiyong/Documents/GitHub/ProjectBBK/Content/PlayerCharacter/Blueprint/GAS/Cues/GC_Haste.uasset" 1113
"C:/Users/kimkiyong/Documents/GitHub/ProjectBBK/Content/PlayerCharacter/Blueprint/GAS/Cues/GC_Haste.uexp" 1114
"../../../Engine/Content/EngineMaterials/OrientParticle.uasset" 1115
"../../../Engine/Content/EngineMaterials/OrientParticle.uexp" 1116
"../../../Engine/Content/EngineMaterials/DefaultParticle.uasset" 1117
"../../../Engine/Content/EngineMaterials/DefaultParticle.uexp" 1118
"C:/Users/kimkiyong/Documents/GitHub/ProjectBBK/Content/ParagonGreystone/FX/VectorFields/VF_TurbulentNoise_1_55.uasset" 1119
"C:/Users/kimkiyong/Documents/GitHub/ProjectBBK/Content/ParagonGreystone/FX/VectorFields/VF_TurbulentNoise_1_55.uexp" 1120
"C:/Users/kimkiyong/Documents/GitHub/ProjectBBK/Content/ParagonGreystone/FX/Meshes/Shapes/SM_Sphere_Scale_Unit_100.ubulk" 1121
"C:/Users/kimkiyong/Documents/GitHub/ProjectBBK/Content/ParagonGreystone/FX/Meshes/Shapes/SM_Sphere_Scale_Unit_100.uasset" 1122
"C:/Users/kimkiyong/Documents/GitHub/ProjectBBK/Content/ParagonGreystone/FX/Meshes/Shapes/SM_Sphere_Scale_Unit_100.uexp" 1123
"C:/Users/kimkiyong/Documents/GitHub/ProjectBBK/Content/ParagonGreystone/FX/Meshes/Shapes/SM_Recall_Cylinder.ubulk" 1124
"C:/Users/kimkiyong/Documents/GitHub/ProjectBBK/Content/ParagonGreystone/FX/Meshes/Shapes/SM_Recall_Cylinder.uasset" 1125
"C:/Users/kimkiyong/Documents/GitHub/ProjectBBK/Content/ParagonGreystone/FX/Meshes/Shapes/SM_Recall_Cylinder.uexp" 1126
"C:/Users/kimkiyong/Documents/GitHub/ProjectBBK/Content/ParagonGreystone/FX/Meshes/Heroes/SM_Impact_Warp.ubulk" 1127
"C:/Users/kimkiyong/Documents/GitHub/ProjectBBK/Content/ParagonGreystone/FX/Meshes/Heroes/SM_Impact_Warp.uasset" 1128
"C:/Users/kimkiyong/Documents/GitHub/ProjectBBK/Content/ParagonGreystone/FX/Meshes/Heroes/SM_Impact_Warp.uexp" 1129
"C:/Users/kimkiyong/Documents/GitHub/ProjectBBK/Content/ParagonGreystone/FX/Textures/Smoke/T_ImpactDust_01.ubulk" 1130
"C:/Users/kimkiyong/Documents/GitHub/ProjectBBK/Content/ParagonGreystone/FX/Textures/Smoke/T_ImpactDust_01.uasset" 1131
"C:/Users/kimkiyong/Documents/GitHub/ProjectBBK/Content/ParagonGreystone/FX/Textures/Smoke/T_ImpactDust_01.uexp" 1132
"C:/Users/kimkiyong/Documents/GitHub/ProjectBBK/Content/ParagonGreystone/FX/Textures/Smoke/T_FluidSmoke_04_Depth.ubulk" 1133
"C:/Users/kimkiyong/Documents/GitHub/ProjectBBK/Content/ParagonGreystone/FX/Textures/Smoke/T_FluidSmoke_04_Depth.uasset" 1134
"C:/Users/kimkiyong/Documents/GitHub/ProjectBBK/Content/ParagonGreystone/FX/Textures/Smoke/T_FluidSmoke_04_Depth.uexp" 1135
"C:/Users/kimkiyong/Documents/GitHub/ProjectBBK/Content/ParagonGreystone/FX/Textures/Smoke/T_FluidSmoke_03_N.ubulk" 1136
"C:/Users/kimkiyong/Documents/GitHub/ProjectBBK/Content/ParagonGreystone/FX/Textures/Smoke/T_FluidSmoke_03_N.uasset" 1137
"C:/Users/kimkiyong/Documents/GitHub/ProjectBBK/Content/ParagonGreystone/FX/Textures/Smoke/T_FluidSmoke_03_N.uexp" 1138
"C:/Users/kimkiyong/Documents/GitHub/ProjectBBK/Content/ParagonGreystone/FX/Textures/Smoke/T_FluidSmoke_03_D.ubulk" 1139
"C:/Users/kimkiyong/Documents/GitHub/ProjectBBK/Content/ParagonGreystone/FX/Textures/Smoke/T_FluidSmoke_03_D.uasset" 1140
"C:/Users/kimkiyong/Documents/GitHub/ProjectBBK/Content/ParagonGreystone/FX/Textures/Smoke/T_FluidSmoke_03_D.uexp" 1141
"C:/Users/kimkiyong/Documents/GitHub/ProjectBBK/Content/ParagonGreystone/FX/Materials/Functions/MF_CameraDistanceFade.uasset" 1142
"C:/Users/kimkiyong/Documents/GitHub/ProjectBBK/Content/ParagonGreystone/FX/Materials/Functions/MF_CameraDistanceFade.uexp" 1143
"C:/Users/kimkiyong/Documents/GitHub/ProjectBBK/Content/ParagonGreystone/FX/Materials/Heroes/M_Greystone_Smoke_Cheaper.uasset" 1144
"C:/Users/kimkiyong/Documents/GitHub/ProjectBBK/Content/ParagonGreystone/FX/Materials/Heroes/M_Greystone_Smoke_Cheaper.uexp" 1145
"C:/Users/kimkiyong/Documents/GitHub/ProjectBBK/Content/ParagonGreystone/FX/Materials/Smoke/M_Greystone_Lunge_Smoke_INST.uasset" 1146
"C:/Users/kimkiyong/Documents/GitHub/ProjectBBK/Content/ParagonGreystone/FX/Materials/Smoke/M_Greystone_Lunge_Smoke_INST.uexp" 1147
"../../../Engine/Content/Functions/Engine_MaterialFunctions02/Utility/DitherTemporalAA.uasset" 1148
"../../../Engine/Content/Functions/Engine_MaterialFunctions02/Utility/DitherTemporalAA.uexp" 1149
"C:/Users/kimkiyong/Documents/GitHub/ProjectBBK/Content/ParagonGreystone/FX/Textures/NormalShapes/T_Radial_Refraction_Blur_N.ubulk" 1150
"C:/Users/kimkiyong/Documents/GitHub/ProjectBBK/Content/ParagonGreystone/FX/Textures/NormalShapes/T_Radial_Refraction_Blur_N.uasset" 1151
"C:/Users/kimkiyong/Documents/GitHub/ProjectBBK/Content/ParagonGreystone/FX/Textures/NormalShapes/T_Radial_Refraction_Blur_N.uexp" 1152
"C:/Users/kimkiyong/Documents/GitHub/ProjectBBK/Content/ParagonGreystone/FX/Textures/Masks/T_Radial_Burst.ubulk" 1153
"C:/Users/kimkiyong/Documents/GitHub/ProjectBBK/Content/ParagonGreystone/FX/Textures/Masks/T_Radial_Burst.uasset" 1154
"C:/Users/kimkiyong/Documents/GitHub/ProjectBBK/Content/ParagonGreystone/FX/Textures/Masks/T_Radial_Burst.uexp" 1155
"C:/Users/kimkiyong/Documents/GitHub/ProjectBBK/Content/ParagonGreystone/FX/Textures/Flares/T_Flare_Spikeball.ubulk" 1156
"C:/Users/kimkiyong/Documents/GitHub/ProjectBBK/Content/ParagonGreystone/FX/Textures/Flares/T_Flare_Spikeball.uasset" 1157
"C:/Users/kimkiyong/Documents/GitHub/ProjectBBK/Content/ParagonGreystone/FX/Textures/Flares/T_Flare_Spikeball.uexp" 1158
"../../../Engine/Content/Functions/Engine_MaterialFunctions02/Utility/DebugTimeSine.uasset" 1159
"../../../Engine/Content/Functions/Engine_MaterialFunctions02/Utility/DebugTimeSine.uexp" 1160
"C:/Users/kimkiyong/Documents/GitHub/ProjectBBK/Content/ParagonGreystone/FX/Materials/Functions/MF_DitheredRefraction.uasset" 1161
"C:/Users/kimkiyong/Documents/GitHub/ProjectBBK/Content/ParagonGreystone/FX/Materials/Functions/MF_DitheredRefraction.uexp" 1162
"C:/Users/kimkiyong/Documents/GitHub/ProjectBBK/Content/ParagonGreystone/FX/Materials/Heroes/M_Radial_Blur_Refraction.uasset" 1163
"C:/Users/kimkiyong/Documents/GitHub/ProjectBBK/Content/ParagonGreystone/FX/Materials/Heroes/M_Radial_Blur_Refraction.uexp" 1164
"../../../Engine/Content/Functions/Engine_MaterialFunctions01/ImageAdjustment/DeriveHDRfromLDR.uasset" 1165
"../../../Engine/Content/Functions/Engine_MaterialFunctions01/ImageAdjustment/DeriveHDRfromLDR.uexp" 1166
"C:/Users/kimkiyong/Documents/GitHub/ProjectBBK/Content/ParagonGreystone/FX/Materials/Functions/M_FX_EmissiveModulate.uasset" 1167
"C:/Users/kimkiyong/Documents/GitHub/ProjectBBK/Content/ParagonGreystone/FX/Materials/Functions/M_FX_EmissiveModulate.uexp" 1168
"C:/Users/kimkiyong/Documents/GitHub/ProjectBBK/Content/ParagonGreystone/FX/Materials/Heroes/M_ArrowFlare.uasset" 1169
"C:/Users/kimkiyong/Documents/GitHub/ProjectBBK/Content/ParagonGreystone/FX/Materials/Heroes/M_ArrowFlare.uexp" 1170
"C:/Users/kimkiyong/Documents/GitHub/ProjectBBK/Content/ParagonGreystone/FX/Textures/Tile/Noise/T_Noise_LoFreq_RGBA_Pack.ubulk" 1171
"C:/Users/kimkiyong/Documents/GitHub/ProjectBBK/Content/ParagonGreystone/FX/Textures/Tile/Noise/T_Noise_LoFreq_RGBA_Pack.uasset" 1172
"C:/Users/kimkiyong/Documents/GitHub/ProjectBBK/Content/ParagonGreystone/FX/Textures/Tile/Noise/T_Noise_LoFreq_RGBA_Pack.uexp" 1173
"C:/Users/kimkiyong/Documents/GitHub/ProjectBBK/Content/ParagonGreystone/FX/Materials/MaterialFunctions/Textures/Noise/T_TilingNoise12.ubulk" 1174
"C:/Users/kimkiyong/Documents/GitHub/ProjectBBK/Content/ParagonGreystone/FX/Materials/MaterialFunctions/Textures/Noise/T_TilingNoise12.uasset" 1175
"C:/Users/kimkiyong/Documents/GitHub/ProjectBBK/Content/ParagonGreystone/FX/Materials/MaterialFunctions/Textures/Noise/T_TilingNoise12.uexp" 1176
"C:/Users/kimkiyong/Documents/GitHub/ProjectBBK/Content/ParagonGreystone/FX/Materials/Game/M_Shockwave_Fresnel_InverteRefract_Soft.uasset" 1177
"C:/Users/kimkiyong/Documents/GitHub/ProjectBBK/Content/ParagonGreystone/FX/Materials/Game/M_Shockwave_Fresnel_InverteRefract_Soft.uexp" 1178
"../../../Engine/Content/Functions/Engine_MaterialFunctions01/ImageAdjustment/3ColorBlend.uasset" 1179
"../../../Engine/Content/Functions/Engine_MaterialFunctions01/ImageAdjustment/3ColorBlend.uexp" 1180
"C:/Users/kimkiyong/Documents/GitHub/ProjectBBK/Content/ParagonGreystone/FX/Textures/Sparks/T_Spark_Soft.ubulk" 1181
"C:/Users/kimkiyong/Documents/GitHub/ProjectBBK/Content/ParagonGreystone/FX/Textures/Sparks/T_Spark_Soft.uasset" 1182
"C:/Users/kimkiyong/Documents/GitHub/ProjectBBK/Content/ParagonGreystone/FX/Textures/Sparks/T_Spark_Soft.uexp" 1183
"C:/Users/kimkiyong/Documents/GitHub/ProjectBBK/Content/ParagonGreystone/FX/Materials/Heroes/Greystone/Abilities/MF_GreystoneFX_Colors.uasset" 1184
"C:/Users/kimkiyong/Documents/GitHub/ProjectBBK/Content/ParagonGreystone/FX/Materials/Heroes/Greystone/Abilities/MF_GreystoneFX_Colors.uexp" 1185
"C:/Users/kimkiyong/Documents/GitHub/ProjectBBK/Content/ParagonGreystone/FX/Materials/Heroes/Greystone/Abilities/M_Greystone_Sparks.uasset" 1186
"C:/Users/kimkiyong/Documents/GitHub/ProjectBBK/Content/ParagonGreystone/FX/Materials/Heroes/Greystone/Abilities/M_Greystone_Sparks.uexp" 1187
"C:/Users/kimkiyong/Documents/GitHub/ProjectBBK/Content/ParagonGreystone/FX/Textures/Smoke/T_dust_burst_01.ubulk" 1188
"C:/Users/kimkiyong/Documents/GitHub/ProjectBBK/Content/ParagonGreystone/FX/Textures/Smoke/T_dust_burst_01.uasset" 1189
"C:/Users/kimkiyong/Documents/GitHub/ProjectBBK/Content/ParagonGreystone/FX/Textures/Smoke/T_dust_burst_01.uexp" 1190
"C:/Users/kimkiyong/Documents/GitHub/ProjectBBK/Content/ParagonGreystone/FX/Materials/Heroes/Greystone/Abilities/M_Verdict_dust_burst_01.uasset" 1191
"C:/Users/kimkiyong/Documents/GitHub/ProjectBBK/Content/ParagonGreystone/FX/Materials/Heroes/Greystone/Abilities/M_Verdict_dust_burst_01.uexp" 1192
"../../../Engine/Content/Functions/Engine_MaterialFunctions02/HueShift.uasset" 1193
"../../../Engine/Content/Functions/Engine_MaterialFunctions02/HueShift.uexp" 1194
"C:/Users/kimkiyong/Documents/GitHub/ProjectBBK/Content/ParagonGreystone/FX/Materials/Functions/M_FadeBasedOnViewAngle.uasset" 1195
"C:/Users/kimkiyong/Documents/GitHub/ProjectBBK/Content/ParagonGreystone/FX/Materials/Functions/M_FadeBasedOnViewAngle.uexp" 1196
"C:/Users/kimkiyong/Documents/GitHub/ProjectBBK/Content/ParagonGreystone/FX/Textures/Energy/Plasma/T_Turbulence_Seamless.ubulk" 1197
"C:/Users/kimkiyong/Documents/GitHub/ProjectBBK/Content/ParagonGreystone/FX/Textures/Energy/Plasma/T_Turbulence_Seamless.uasset" 1198
"C:/Users/kimkiyong/Documents/GitHub/ProjectBBK/Content/ParagonGreystone/FX/Textures/Energy/Plasma/T_Turbulence_Seamless.uexp" 1199
"C:/Users/kimkiyong/Documents/GitHub/ProjectBBK/Content/ParagonGreystone/FX/Textures/Tile/Noise/T_Wind_Blur.ubulk" 1200
"C:/Users/kimkiyong/Documents/GitHub/ProjectBBK/Content/ParagonGreystone/FX/Textures/Tile/Noise/T_Wind_Blur.uasset" 1201
"C:/Users/kimkiyong/Documents/GitHub/ProjectBBK/Content/ParagonGreystone/FX/Textures/Tile/Noise/T_Wind_Blur.uexp" 1202
"C:/Users/kimkiyong/Documents/GitHub/ProjectBBK/Content/ParagonGreystone/FX/Textures/Gradients/Color/T_Greystone_Prism_03.ubulk" 1203
"C:/Users/kimkiyong/Documents/GitHub/ProjectBBK/Content/ParagonGreystone/FX/Textures/Gradients/Color/T_Greystone_Prism_03.uasset" 1204
"C:/Users/kimkiyong/Documents/GitHub/ProjectBBK/Content/ParagonGreystone/FX/Textures/Gradients/Color/T_Greystone_Prism_03.uexp" 1205
"C:/Users/kimkiyong/Documents/GitHub/ProjectBBK/Content/ParagonGreystone/FX/Materials/Heroes/Greystone/Abilities/M_LeapAOE_Projectile_Wind_Rush.uasset" 1206
"C:/Users/kimkiyong/Documents/GitHub/ProjectBBK/Content/ParagonGreystone/FX/Materials/Heroes/Greystone/Abilities/M_LeapAOE_Projectile_Wind_Rush.uexp" 1207
"C:/Users/kimkiyong/Documents/GitHub/ProjectBBK/Content/ParagonGreystone/FX/Textures/Smoke/T_CloudSmoke_WispInk_Chromashift_Tile.ubulk" 1208
"C:/Users/kimkiyong/Documents/GitHub/ProjectBBK/Content/ParagonGreystone/FX/Textures/Smoke/T_CloudSmoke_WispInk_Chromashift_Tile.uasset" 1209
"C:/Users/kimkiyong/Documents/GitHub/ProjectBBK/Content/ParagonGreystone/FX/Textures/Smoke/T_CloudSmoke_WispInk_Chromashift_Tile.uexp" 1210
"C:/Users/kimkiyong/Documents/GitHub/ProjectBBK/Content/ParagonGreystone/FX/Textures/Energy/Plasma/T_Plasma_Greystone_Seamless.ubulk" 1211
"C:/Users/kimkiyong/Documents/GitHub/ProjectBBK/Content/ParagonGreystone/FX/Textures/Energy/Plasma/T_Plasma_Greystone_Seamless.uasset" 1212
"C:/Users/kimkiyong/Documents/GitHub/ProjectBBK/Content/ParagonGreystone/FX/Textures/Energy/Plasma/T_Plasma_Greystone_Seamless.uexp" 1213
"C:/Users/kimkiyong/Documents/GitHub/ProjectBBK/Content/ParagonGreystone/FX/Materials/Heroes/Greystone/Abilities/M_Greystone_Ultimate_PlasmaBeam_Yelo.uasset" 1214
"C:/Users/kimkiyong/Documents/GitHub/ProjectBBK/Content/ParagonGreystone/FX/Materials/Heroes/Greystone/Abilities/M_Greystone_Ultimate_PlasmaBeam_Yelo.uexp" 1215
"C:/Users/kimkiyong/Documents/GitHub/ProjectBBK/Content/ParagonGreystone/FX/Textures/Masks/T_ShockWave_Direction.ubulk" 1216
"C:/Users/kimkiyong/Documents/GitHub/ProjectBBK/Content/ParagonGreystone/FX/Textures/Masks/T_ShockWave_Direction.uasset" 1217
"C:/Users/kimkiyong/Documents/GitHub/ProjectBBK/Content/ParagonGreystone/FX/Textures/Masks/T_ShockWave_Direction.uexp" 1218
"C:/Users/kimkiyong/Documents/GitHub/ProjectBBK/Content/ParagonGreystone/FX/Textures/Masks/T_GradientLaser_M.ubulk" 1219
"C:/Users/kimkiyong/Documents/GitHub/ProjectBBK/Content/ParagonGreystone/FX/Textures/Masks/T_GradientLaser_M.uasset" 1220
"C:/Users/kimkiyong/Documents/GitHub/ProjectBBK/Content/ParagonGreystone/FX/Textures/Masks/T_GradientLaser_M.uexp" 1221
"C:/Users/kimkiyong/Documents/GitHub/ProjectBBK/Content/ParagonGreystone/FX/Textures/Masks/T_GradientLaserTop_M.ubulk" 1222
"C:/Users/kimkiyong/Documents/GitHub/ProjectBBK/Content/ParagonGreystone/FX/Textures/Masks/T_GradientLaserTop_M.uasset" 1223
"C:/Users/kimkiyong/Documents/GitHub/ProjectBBK/Content/ParagonGreystone/FX/Textures/Masks/T_GradientLaserTop_M.uexp" 1224
"C:/Users/kimkiyong/Documents/GitHub/ProjectBBK/Content/ParagonGreystone/FX/Textures/Masks/T_GradientLaserSoft_M.ubulk" 1225
"C:/Users/kimkiyong/Documents/GitHub/ProjectBBK/Content/ParagonGreystone/FX/Textures/Masks/T_GradientLaserSoft_M.uasset" 1226
"C:/Users/kimkiyong/Documents/GitHub/ProjectBBK/Content/ParagonGreystone/FX/Textures/Masks/T_GradientLaserSoft_M.uexp" 1227
"C:/Users/kimkiyong/Documents/GitHub/ProjectBBK/Content/ParagonGreystone/FX/Textures/Tile/Cloud/T_CloudScape_08_Details.ubulk" 1228
"C:/Users/kimkiyong/Documents/GitHub/ProjectBBK/Content/ParagonGreystone/FX/Textures/Tile/Cloud/T_CloudScape_08_Details.uasset" 1229
"C:/Users/kimkiyong/Documents/GitHub/ProjectBBK/Content/ParagonGreystone/FX/Textures/Tile/Cloud/T_CloudScape_08_Details.uexp" 1230
"C:/Users/kimkiyong/Documents/GitHub/ProjectBBK/Content/ParagonGreystone/FX/Materials/Heroes/Greystone/Abilities/M_Greystone_Ultimate_PlasmaBeam_Up.uasset" 1231
"C:/Users/kimkiyong/Documents/GitHub/ProjectBBK/Content/ParagonGreystone/FX/Materials/Heroes/Greystone/Abilities/M_Greystone_Ultimate_PlasmaBeam_Up.uexp" 1232
"C:/Users/kimkiyong/Documents/GitHub/ProjectBBK/Content/ParagonGreystone/FX/Materials/Heroes/Greystone/Abilities/M_Greystone_Ultimate_ImpactLines.uasset" 1233
"C:/Users/kimkiyong/Documents/GitHub/ProjectBBK/Content/ParagonGreystone/FX/Materials/Heroes/Greystone/Abilities/M_Greystone_Ultimate_ImpactLines.uexp" 1234
"C:/Users/kimkiyong/Documents/GitHub/ProjectBBK/Content/ParagonGreystone/FX/Textures/Energy/T_Plasma_Wisps.ubulk" 1235
"C:/Users/kimkiyong/Documents/GitHub/ProjectBBK/Content/ParagonGreystone/FX/Textures/Energy/T_Plasma_Wisps.uasset" 1236
"C:/Users/kimkiyong/Documents/GitHub/ProjectBBK/Content/ParagonGreystone/FX/Textures/Energy/T_Plasma_Wisps.uexp" 1237
"C:/Users/kimkiyong/Documents/GitHub/ProjectBBK/Content/ParagonGreystone/FX/Materials/Heroes/Greystone/Abilities/M_Greystone_Primary_Plasma.uasset" 1238
"C:/Users/kimkiyong/Documents/GitHub/ProjectBBK/Content/ParagonGreystone/FX/Materials/Heroes/Greystone/Abilities/M_Greystone_Primary_Plasma.uexp" 1239
"C:/Users/kimkiyong/Documents/GitHub/ProjectBBK/Content/ParagonGreystone/FX/Particles/Greystone/Abilities/Ultimate/FX/P_Greystone_HToKill_Impact.uasset" 1240
"C:/Users/kimkiyong/Documents/GitHub/ProjectBBK/Content/ParagonGreystone/FX/Particles/Greystone/Abilities/Ultimate/FX/P_Greystone_HToKill_Impact.uexp" 1241
"C:/Users/kimkiyong/Documents/GitHub/ProjectBBK/Content/ParagonGreystone/FX/VectorFields/VF_Galaxyspin.uasset" 1242
"C:/Users/kimkiyong/Documents/GitHub/ProjectBBK/Content/ParagonGreystone/FX/VectorFields/VF_Galaxyspin.uexp" 1243
"C:/Users/kimkiyong/Documents/GitHub/ProjectBBK/Content/ParagonGreystone/FX/Meshes/Shapes/SM_Cylinder_Tapered_Mirrored.ubulk" 1244
"C:/Users/kimkiyong/Documents/GitHub/ProjectBBK/Content/ParagonGreystone/FX/Meshes/Shapes/SM_Cylinder_Tapered_Mirrored.uasset" 1245
"C:/Users/kimkiyong/Documents/GitHub/ProjectBBK/Content/ParagonGreystone/FX/Meshes/Shapes/SM_Cylinder_Tapered_Mirrored.uexp" 1246
"C:/Users/kimkiyong/Documents/GitHub/ProjectBBK/Content/ParagonGreystone/FX/Textures/Masks/T_Explosion_WarpMask.ubulk" 1247
"C:/Users/kimkiyong/Documents/GitHub/ProjectBBK/Content/ParagonGreystone/FX/Textures/Masks/T_Explosion_WarpMask.uasset" 1248
"C:/Users/kimkiyong/Documents/GitHub/ProjectBBK/Content/ParagonGreystone/FX/Textures/Masks/T_Explosion_WarpMask.uexp" 1249
"C:/Users/kimkiyong/Documents/GitHub/ProjectBBK/Content/ParagonGreystone/FX/Materials/Heroes/Greystone/Skins/Novaborn/M_Greystone_Novaborn_Constellations_Lines.uasset" 1250
"C:/Users/kimkiyong/Documents/GitHub/ProjectBBK/Content/ParagonGreystone/FX/Materials/Heroes/Greystone/Skins/Novaborn/M_Greystone_Novaborn_Constellations_Lines.uexp" 1251
"C:/Users/kimkiyong/Documents/GitHub/ProjectBBK/Content/ParagonGreystone/FX/Textures/Flares/T_green_three_point.ubulk" 1252
"C:/Users/kimkiyong/Documents/GitHub/ProjectBBK/Content/ParagonGreystone/FX/Textures/Flares/T_green_three_point.uasset" 1253
"C:/Users/kimkiyong/Documents/GitHub/ProjectBBK/Content/ParagonGreystone/FX/Textures/Flares/T_green_three_point.uexp" 1254
"C:/Users/kimkiyong/Documents/GitHub/ProjectBBK/Content/ParagonGreystone/FX/Materials/Heroes/Greystone/Skins/Novaborn/M_Greystone_Novaborn_Constellations_Stars.uasset" 1255
"C:/Users/kimkiyong/Documents/GitHub/ProjectBBK/Content/ParagonGreystone/FX/Materials/Heroes/Greystone/Skins/Novaborn/M_Greystone_Novaborn_Constellations_Stars.uexp" 1256
"C:/Users/kimkiyong/Documents/GitHub/ProjectBBK/Content/ParagonGreystone/FX/Meshes/Heroes/Greystone/Skins/Novaborn/SM_Greystone_Novaborn_Constellations.ubulk" 1257
"C:/Users/kimkiyong/Documents/GitHub/ProjectBBK/Content/ParagonGreystone/FX/Meshes/Heroes/Greystone/Skins/Novaborn/SM_Greystone_Novaborn_Constellations.uasset" 1258
"C:/Users/kimkiyong/Documents/GitHub/ProjectBBK/Content/ParagonGreystone/FX/Meshes/Heroes/Greystone/Skins/Novaborn/SM_Greystone_Novaborn_Constellations.uexp" 1259
"C:/Users/kimkiyong/Documents/GitHub/ProjectBBK/Content/ParagonGreystone/FX/Textures/Coords/T_Smoke_Swirl_Warp_Additive.ubulk" 1260
"C:/Users/kimkiyong/Documents/GitHub/ProjectBBK/Content/ParagonGreystone/FX/Textures/Coords/T_Smoke_Swirl_Warp_Additive.uasset" 1261
"C:/Users/kimkiyong/Documents/GitHub/ProjectBBK/Content/ParagonGreystone/FX/Textures/Coords/T_Smoke_Swirl_Warp_Additive.uexp" 1262
"C:/Users/kimkiyong/Documents/GitHub/ProjectBBK/Content/ParagonGreystone/FX/Textures/Tile/Organic/T_Spores_Tile.ubulk" 1263
"C:/Users/kimkiyong/Documents/GitHub/ProjectBBK/Content/ParagonGreystone/FX/Textures/Tile/Organic/T_Spores_Tile.uasset" 1264
"C:/Users/kimkiyong/Documents/GitHub/ProjectBBK/Content/ParagonGreystone/FX/Textures/Tile/Organic/T_Spores_Tile.uexp" 1265
"../../../Engine/Content/Functions/Engine_MaterialFunctions02/Utility/Swizzle.uasset" 1266
"../../../Engine/Content/Functions/Engine_MaterialFunctions02/Utility/Swizzle.uexp" 1267
"C:/Users/kimkiyong/Documents/GitHub/ProjectBBK/Content/ParagonGreystone/FX/Materials/Heroes/Greystone/Abilities/M_Greystone_SpinningSword_Glow_01.uasset" 1268
"C:/Users/kimkiyong/Documents/GitHub/ProjectBBK/Content/ParagonGreystone/FX/Materials/Heroes/Greystone/Abilities/M_Greystone_SpinningSword_Glow_01.uexp" 1269
"C:/Users/kimkiyong/Documents/GitHub/ProjectBBK/Content/ParagonGreystone/FX/Textures/Masks/T_SoftEdge_M.ubulk" 1270
"C:/Users/kimkiyong/Documents/GitHub/ProjectBBK/Content/ParagonGreystone/FX/Textures/Masks/T_SoftEdge_M.uasset" 1271
"C:/Users/kimkiyong/Documents/GitHub/ProjectBBK/Content/ParagonGreystone/FX/Textures/Masks/T_SoftEdge_M.uexp" 1272
"C:/Users/kimkiyong/Documents/GitHub/ProjectBBK/Content/ParagonGreystone/FX/Textures/FluidPatterns/T_InkSmoky_M2.ubulk" 1273
"C:/Users/kimkiyong/Documents/GitHub/ProjectBBK/Content/ParagonGreystone/FX/Textures/FluidPatterns/T_InkSmoky_M2.uasset" 1274
"C:/Users/kimkiyong/Documents/GitHub/ProjectBBK/Content/ParagonGreystone/FX/Textures/FluidPatterns/T_InkSmoky_M2.uexp" 1275
"C:/Users/kimkiyong/Documents/GitHub/ProjectBBK/Content/ParagonGreystone/FX/Textures/FluidPatterns/T_InkSmoky_M.ubulk" 1276
"C:/Users/kimkiyong/Documents/GitHub/ProjectBBK/Content/ParagonGreystone/FX/Textures/FluidPatterns/T_InkSmoky_M.uasset" 1277
"C:/Users/kimkiyong/Documents/GitHub/ProjectBBK/Content/ParagonGreystone/FX/Textures/FluidPatterns/T_InkSmoky_M.uexp" 1278
"C:/Users/kimkiyong/Documents/GitHub/ProjectBBK/Content/ParagonGreystone/FX/Textures/Energy/Plasma/T_Turbulence_Seamless_N.ubulk" 1279
"C:/Users/kimkiyong/Documents/GitHub/ProjectBBK/Content/ParagonGreystone/FX/Textures/Energy/Plasma/T_Turbulence_Seamless_N.uasset" 1280
"C:/Users/kimkiyong/Documents/GitHub/ProjectBBK/Content/ParagonGreystone/FX/Textures/Energy/Plasma/T_Turbulence_Seamless_N.uexp" 1281
"C:/Users/kimkiyong/Documents/GitHub/ProjectBBK/Content/ParagonGreystone/FX/Materials/MaterialFunctions/Textures/Noise/T_NormalNoise.ubulk" 1282
"C:/Users/kimkiyong/Documents/GitHub/ProjectBBK/Content/ParagonGreystone/FX/Materials/MaterialFunctions/Textures/Noise/T_NormalNoise.uasset" 1283
"C:/Users/kimkiyong/Documents/GitHub/ProjectBBK/Content/ParagonGreystone/FX/Materials/MaterialFunctions/Textures/Noise/T_NormalNoise.uexp" 1284
"C:/Users/kimkiyong/Documents/GitHub/ProjectBBK/Content/ParagonGreystone/FX/Materials/Heroes/Greystone/Abilities/M_Greystone_Spiral_Glow_Softer.uasset" 1285
"C:/Users/kimkiyong/Documents/GitHub/ProjectBBK/Content/ParagonGreystone/FX/Materials/Heroes/Greystone/Abilities/M_Greystone_Spiral_Glow_Softer.uexp" 1286
"C:/Users/kimkiyong/Documents/GitHub/ProjectBBK/Content/ParagonGreystone/FX/Textures/Tile/Heat/T_2ndInfectedMapNormal.ubulk" 1287
"C:/Users/kimkiyong/Documents/GitHub/ProjectBBK/Content/ParagonGreystone/FX/Textures/Tile/Heat/T_2ndInfectedMapNormal.uasset" 1288
"C:/Users/kimkiyong/Documents/GitHub/ProjectBBK/Content/ParagonGreystone/FX/Textures/Tile/Heat/T_2ndInfectedMapNormal.uexp" 1289
"C:/Users/kimkiyong/Documents/GitHub/ProjectBBK/Content/ParagonGreystone/FX/Materials/Heroes/Greystone/Abilities/M_MirroredCylinderRefraction.uasset" 1290
"C:/Users/kimkiyong/Documents/GitHub/ProjectBBK/Content/ParagonGreystone/FX/Materials/Heroes/Greystone/Abilities/M_MirroredCylinderRefraction.uexp" 1291
"C:/Users/kimkiyong/Documents/GitHub/ProjectBBK/Content/ParagonGreystone/FX/Textures/MuzzleFlashes/T_Crunch_Impact_01.ubulk" 1292
"C:/Users/kimkiyong/Documents/GitHub/ProjectBBK/Content/ParagonGreystone/FX/Textures/MuzzleFlashes/T_Crunch_Impact_01.uasset" 1293
"C:/Users/kimkiyong/Documents/GitHub/ProjectBBK/Content/ParagonGreystone/FX/Textures/MuzzleFlashes/T_Crunch_Impact_01.uexp" 1294
"C:/Users/kimkiyong/Documents/GitHub/ProjectBBK/Content/ParagonGreystone/FX/Textures/Masks/T_WindSweptMask.ubulk" 1295
"C:/Users/kimkiyong/Documents/GitHub/ProjectBBK/Content/ParagonGreystone/FX/Textures/Masks/T_WindSweptMask.uasset" 1296
"C:/Users/kimkiyong/Documents/GitHub/ProjectBBK/Content/ParagonGreystone/FX/Textures/Masks/T_WindSweptMask.uexp" 1297
"C:/Users/kimkiyong/Documents/GitHub/ProjectBBK/Content/ParagonGreystone/FX/Textures/Masks/T_Beam_Gradient_02.ubulk" 1298
"C:/Users/kimkiyong/Documents/GitHub/ProjectBBK/Content/ParagonGreystone/FX/Textures/Masks/T_Beam_Gradient_02.uasset" 1299
"C:/Users/kimkiyong/Documents/GitHub/ProjectBBK/Content/ParagonGreystone/FX/Textures/Masks/T_Beam_Gradient_02.uexp" 1300
"C:/Users/kimkiyong/Documents/GitHub/ProjectBBK/Content/ParagonGreystone/FX/Textures/Helix/T_TilingTest01.ubulk" 1301
"C:/Users/kimkiyong/Documents/GitHub/ProjectBBK/Content/ParagonGreystone/FX/Textures/Helix/T_TilingTest01.uasset" 1302
"C:/Users/kimkiyong/Documents/GitHub/ProjectBBK/Content/ParagonGreystone/FX/Textures/Helix/T_TilingTest01.uexp" 1303
"../../../Engine/Content/Functions/Engine_MaterialFunctions01/Gradient/DiamondGradient.uasset" 1304
"../../../Engine/Content/Functions/Engine_MaterialFunctions01/Gradient/DiamondGradient.uexp" 1305
"C:/Users/kimkiyong/Documents/GitHub/ProjectBBK/Content/ParagonGreystone/FX/Textures/Tile/Organic/T_WaterFlow_01_Foam_Tiled_4Real.ubulk" 1306
"C:/Users/kimkiyong/Documents/GitHub/ProjectBBK/Content/ParagonGreystone/FX/Textures/Tile/Organic/T_WaterFlow_01_Foam_Tiled_4Real.uasset" 1307
"C:/Users/kimkiyong/Documents/GitHub/ProjectBBK/Content/ParagonGreystone/FX/Textures/Tile/Organic/T_WaterFlow_01_Foam_Tiled_4Real.uexp" 1308
"C:/Users/kimkiyong/Documents/GitHub/ProjectBBK/Content/ParagonGreystone/FX/Textures/Tile/Geometric/T_BlastShield_Pattern02_N.ubulk" 1309
"C:/Users/kimkiyong/Documents/GitHub/ProjectBBK/Content/ParagonGreystone/FX/Textures/Tile/Geometric/T_BlastShield_Pattern02_N.uasset" 1310
"C:/Users/kimkiyong/Documents/GitHub/ProjectBBK/Content/ParagonGreystone/FX/Textures/Tile/Geometric/T_BlastShield_Pattern02_N.uexp" 1311
"C:/Users/kimkiyong/Documents/GitHub/ProjectBBK/Content/ParagonGreystone/FX/Textures/Gradients/Masks/T_gradient_healed.ubulk" 1312
"C:/Users/kimkiyong/Documents/GitHub/ProjectBBK/Content/ParagonGreystone/FX/Textures/Gradients/Masks/T_gradient_healed.uasset" 1313
"C:/Users/kimkiyong/Documents/GitHub/ProjectBBK/Content/ParagonGreystone/FX/Textures/Gradients/Masks/T_gradient_healed.uexp" 1314
"C:/Users/kimkiyong/Documents/GitHub/ProjectBBK/Content/ParagonGreystone/FX/Textures/Gradients/Color/T_Greystone_NovaBorn_ColorRange.ubulk" 1315
"C:/Users/kimkiyong/Documents/GitHub/ProjectBBK/Content/ParagonGreystone/FX/Textures/Gradients/Color/T_Greystone_NovaBorn_ColorRange.uasset" 1316
"C:/Users/kimkiyong/Documents/GitHub/ProjectBBK/Content/ParagonGreystone/FX/Textures/Gradients/Color/T_Greystone_NovaBorn_ColorRange.uexp" 1317
"C:/Users/kimkiyong/Documents/GitHub/ProjectBBK/Content/ParagonGreystone/FX/Textures/Heroes/Greystone/Skins/SciFi/T_Greystone_SciFi_DNA.ubulk" 1318
"C:/Users/kimkiyong/Documents/GitHub/ProjectBBK/Content/ParagonGreystone/FX/Textures/Heroes/Greystone/Skins/SciFi/T_Greystone_SciFi_DNA.uasset" 1319
"C:/Users/kimkiyong/Documents/GitHub/ProjectBBK/Content/ParagonGreystone/FX/Textures/Heroes/Greystone/Skins/SciFi/T_Greystone_SciFi_DNA.uexp" 1320
"C:/Users/kimkiyong/Documents/GitHub/ProjectBBK/Content/ParagonGreystone/FX/Materials/Heroes/Greystone/Skins/Novaborn/M_Greystone_Novaborn_ClearAPath_Swipe_LessMask.uasset" 1321
"C:/Users/kimkiyong/Documents/GitHub/ProjectBBK/Content/ParagonGreystone/FX/Materials/Heroes/Greystone/Skins/Novaborn/M_Greystone_Novaborn_ClearAPath_Swipe_LessMask.uexp" 1322
"C:/Users/kimkiyong/Documents/GitHub/ProjectBBK/Content/ParagonGreystone/FX/Meshes/Heroes/Greystone/Abilities/SM_Greystone_ClearAPath_StartSwipe.ubulk" 1323
"C:/Users/kimkiyong/Documents/GitHub/ProjectBBK/Content/ParagonGreystone/FX/Meshes/Heroes/Greystone/Abilities/SM_Greystone_ClearAPath_StartSwipe.uasset" 1324
"C:/Users/kimkiyong/Documents/GitHub/ProjectBBK/Content/ParagonGreystone/FX/Meshes/Heroes/Greystone/Abilities/SM_Greystone_ClearAPath_StartSwipe.uexp" 1325
"C:/Users/kimkiyong/Documents/GitHub/ProjectBBK/Content/ParagonGreystone/FX/Meshes/Heroes/Greystone/Abilities/SM_Greystone_Spiral_04.ubulk" 1326
"C:/Users/kimkiyong/Documents/GitHub/ProjectBBK/Content/ParagonGreystone/FX/Meshes/Heroes/Greystone/Abilities/SM_Greystone_Spiral_04.uasset" 1327
"C:/Users/kimkiyong/Documents/GitHub/ProjectBBK/Content/ParagonGreystone/FX/Meshes/Heroes/Greystone/Abilities/SM_Greystone_Spiral_04.uexp" 1328
"C:/Users/kimkiyong/Documents/GitHub/ProjectBBK/Content/ParagonGreystone/FX/Meshes/Heroes/Greystone/Abilities/SM_Greystone_Whirl_01.ubulk" 1329
"C:/Users/kimkiyong/Documents/GitHub/ProjectBBK/Content/ParagonGreystone/FX/Meshes/Heroes/Greystone/Abilities/SM_Greystone_Whirl_01.uasset" 1330
"C:/Users/kimkiyong/Documents/GitHub/ProjectBBK/Content/ParagonGreystone/FX/Meshes/Heroes/Greystone/Abilities/SM_Greystone_Whirl_01.uexp" 1331
"C:/Users/kimkiyong/Documents/GitHub/ProjectBBK/Content/ParagonGreystone/FX/Particles/Greystone/Skins/Novaborn/P_Greystone_Novaborn_SwordSpinning_01.uasset" 1332
"C:/Users/kimkiyong/Documents/GitHub/ProjectBBK/Content/ParagonGreystone/FX/Particles/Greystone/Skins/Novaborn/P_Greystone_Novaborn_SwordSpinning_01.uexp" 1333
"C:/Users/kimkiyong/Documents/GitHub/ProjectBBK/Content/PlayerCharacter/Blueprint/GAS/Cues/GC_Ablaze.uasset" 1334
"C:/Users/kimkiyong/Documents/GitHub/ProjectBBK/Content/PlayerCharacter/Blueprint/GAS/Cues/GC_Ablaze.uexp" 1335
"C:/Users/kimkiyong/Documents/GitHub/ProjectBBK/Content/ParagonGreystone/Characters/Heroes/Greystone/Meshes/Greystone_Skeleton.uasset" 1336
"C:/Users/kimkiyong/Documents/GitHub/ProjectBBK/Content/ParagonGreystone/Characters/Heroes/Greystone/Meshes/Greystone_Skeleton.uexp" 1337
"../../../Engine/Content/Functions/Engine_MaterialFunctions01/Texturing/WorldAlignedTexture.uasset" 1338
"../../../Engine/Content/Functions/Engine_MaterialFunctions01/Texturing/WorldAlignedTexture.uexp" 1339
"../../../Engine/Content/Functions/MaterialLayerFunctions/MatLayerBlend_Tint.uasset" 1340
"../../../Engine/Content/Functions/MaterialLayerFunctions/MatLayerBlend_Tint.uexp" 1341
"../../../Engine/Content/Functions/MaterialLayerFunctions/MatLayerBlend_Standard.uasset" 1342
"../../../Engine/Content/Functions/MaterialLayerFunctions/MatLayerBlend_Standard.uexp" 1343
"../../../Engine/Content/Functions/MaterialLayerFunctions/MatLayerBlend_OverrideBaseColor.uasset" 1344
"../../../Engine/Content/Functions/MaterialLayerFunctions/MatLayerBlend_OverrideBaseColor.uexp" 1345
"../../../Engine/Content/Functions/MaterialLayerFunctions/MatLayerBlend_Emissive.uasset" 1346
"../../../Engine/Content/Functions/MaterialLayerFunctions/MatLayerBlend_Emissive.uexp" 1347
"../../../Engine/Content/Functions/MaterialLayerFunctions/MatLayerBlend_BreakBaseColor.uasset" 1348
"../../../Engine/Content/Functions/MaterialLayerFunctions/MatLayerBlend_BreakBaseColor.uexp" 1349
"../../../Engine/Content/Functions/Engine_MaterialFunctions03/Blends/Lerp_ScratchGrime.uasset" 1350
"../../../Engine/Content/Functions/Engine_MaterialFunctions03/Blends/Lerp_ScratchGrime.uexp" 1351
"../../../Engine/Content/Functions/Engine_MaterialFunctions01/Shading/MetallicShading.uasset" 1352
"../../../Engine/Content/Functions/Engine_MaterialFunctions01/Shading/MetallicShading.uexp" 1353
"../../../Engine/Content/EngineMaterials/DefaultNormal.ubulk" 1354
"../../../Engine/Content/EngineMaterials/DefaultNormal.uasset" 1355
"../../../Engine/Content/EngineMaterials/DefaultNormal.uexp" 1356
"C:/Users/kimkiyong/Documents/GitHub/ProjectBBK/Content/ParagonGreystone/Characters/Global/MaterialLayers/T_TestML_Mask.ubulk" 1357
"C:/Users/kimkiyong/Documents/GitHub/ProjectBBK/Content/ParagonGreystone/Characters/Global/MaterialLayers/T_TestML_Mask.uasset" 1358
"C:/Users/kimkiyong/Documents/GitHub/ProjectBBK/Content/ParagonGreystone/Characters/Global/MaterialLayers/T_TestML_Mask.uexp" 1359
"C:/Users/kimkiyong/Documents/GitHub/ProjectBBK/Content/ParagonGreystone/Characters/Global/MaterialLayers/ML__Blank.uasset" 1360
"C:/Users/kimkiyong/Documents/GitHub/ProjectBBK/Content/ParagonGreystone/Characters/Global/MaterialLayers/ML__Blank.uexp" 1361
"C:/Users/kimkiyong/Documents/GitHub/ProjectBBK/Content/ParagonGreystone/Characters/Global/MaterialFunctions/ParameterCollections/OrionGlobalGameplayCollection.uasset" 1362
"C:/Users/kimkiyong/Documents/GitHub/ProjectBBK/Content/ParagonGreystone/Characters/Global/MaterialFunctions/ParameterCollections/OrionGlobalGameplayCollection.uexp" 1363
"C:/Users/kimkiyong/Documents/GitHub/ProjectBBK/Content/ParagonGreystone/Characters/Global/MaterialFunctions/MaterialLayerConstructors/MLC_ScratchAndGrime.uasset" 1364
"C:/Users/kimkiyong/Documents/GitHub/ProjectBBK/Content/ParagonGreystone/Characters/Global/MaterialFunctions/MaterialLayerConstructors/MLC_ScratchAndGrime.uexp" 1365
"C:/Users/kimkiyong/Documents/GitHub/ProjectBBK/Content/ParagonGreystone/Characters/Global/MaterialFunctions/MaterialLayerConstructors/MLC_Standard.uasset" 1366
"C:/Users/kimkiyong/Documents/GitHub/ProjectBBK/Content/ParagonGreystone/Characters/Global/MaterialFunctions/MaterialLayerConstructors/MLC_Standard.uexp" 1367
"C:/Users/kimkiyong/Documents/GitHub/ProjectBBK/Content/ParagonGreystone/Characters/Global/MaterialLayers/Rubber/T_Blank_N.uasset" 1368
"C:/Users/kimkiyong/Documents/GitHub/ProjectBBK/Content/ParagonGreystone/Characters/Global/MaterialLayers/Rubber/T_Blank_N.uexp" 1369
"C:/Users/kimkiyong/Documents/GitHub/ProjectBBK/Content/ParagonGreystone/Characters/Global/MaterialLayers/Metal/T_Blue_Metal02.ubulk" 1370
"C:/Users/kimkiyong/Documents/GitHub/ProjectBBK/Content/ParagonGreystone/Characters/Global/MaterialLayers/Metal/T_Blue_Metal02.uasset" 1371
"C:/Users/kimkiyong/Documents/GitHub/ProjectBBK/Content/ParagonGreystone/Characters/Global/MaterialLayers/Metal/T_Blue_Metal02.uexp" 1372
"C:/Users/kimkiyong/Documents/GitHub/ProjectBBK/Content/ParagonGreystone/Characters/Global/MaterialLayers/Metal/ML_blue_Metal.uasset" 1373
"C:/Users/kimkiyong/Documents/GitHub/ProjectBBK/Content/ParagonGreystone/Characters/Global/MaterialLayers/Metal/ML_blue_Metal.uexp" 1374
"C:/Users/kimkiyong/Documents/GitHub/ProjectBBK/Content/ParagonGreystone/Characters/Global/MaterialFunctions/MF_OrionRimlight.uasset" 1375
"C:/Users/kimkiyong/Documents/GitHub/ProjectBBK/Content/ParagonGreystone/Characters/Global/MaterialFunctions/MF_OrionRimlight.uexp" 1376
"C:/Users/kimkiyong/Documents/GitHub/ProjectBBK/Content/ParagonGreystone/Characters/Global/MaterialFunctions/MF_HitFlash.uasset" 1377
"C:/Users/kimkiyong/Documents/GitHub/ProjectBBK/Content/ParagonGreystone/Characters/Global/MaterialFunctions/MF_HitFlash.uexp" 1378
"C:/Users/kimkiyong/Documents/GitHub/ProjectBBK/Content/ParagonGreystone/Characters/Global/MaterialFunctions/Textures/Noise/T_AtmosphericCloudNoise03.ubulk" 1379
"C:/Users/kimkiyong/Documents/GitHub/ProjectBBK/Content/ParagonGreystone/Characters/Global/MaterialFunctions/Textures/Noise/T_AtmosphericCloudNoise03.uasset" 1380
"C:/Users/kimkiyong/Documents/GitHub/ProjectBBK/Content/ParagonGreystone/Characters/Global/MaterialFunctions/Textures/Noise/T_AtmosphericCloudNoise03.uexp" 1381
"C:/Users/kimkiyong/Documents/GitHub/ProjectBBK/Content/ParagonGreystone/Characters/Global/MaterialFunctions/Textures/Noise/T_AtmosphericCloudNoise01_N.ubulk" 1382
"C:/Users/kimkiyong/Documents/GitHub/ProjectBBK/Content/ParagonGreystone/Characters/Global/MaterialFunctions/Textures/Noise/T_AtmosphericCloudNoise01_N.uasset" 1383
"C:/Users/kimkiyong/Documents/GitHub/ProjectBBK/Content/ParagonGreystone/Characters/Global/MaterialFunctions/Textures/Noise/T_AtmosphericCloudNoise01_N.uexp" 1384
"C:/Users/kimkiyong/Documents/GitHub/ProjectBBK/Content/ParagonGreystone/Characters/Global/MaterialFunctions/Textures/Noise/T_AtmosphericCloudNoise01.ubulk" 1385
"C:/Users/kimkiyong/Documents/GitHub/ProjectBBK/Content/ParagonGreystone/Characters/Global/MaterialFunctions/Textures/Noise/T_AtmosphericCloudNoise01.uasset" 1386
"C:/Users/kimkiyong/Documents/GitHub/ProjectBBK/Content/ParagonGreystone/Characters/Global/MaterialFunctions/Textures/Noise/T_AtmosphericCloudNoise01.uexp" 1387
"C:/Users/kimkiyong/Documents/GitHub/ProjectBBK/Content/ParagonGreystone/Characters/Global/MaterialFunctions/MF_DeathFade.uasset" 1388
"C:/Users/kimkiyong/Documents/GitHub/ProjectBBK/Content/ParagonGreystone/Characters/Global/MaterialFunctions/MF_DeathFade.uexp" 1389
"C:/Users/kimkiyong/Documents/GitHub/ProjectBBK/Content/ParagonGreystone/Characters/Global/MaterialFunctions/MF_BrightnessAdjust.uasset" 1390
"C:/Users/kimkiyong/Documents/GitHub/ProjectBBK/Content/ParagonGreystone/Characters/Global/MaterialFunctions/MF_BrightnessAdjust.uexp" 1391
"C:/Users/kimkiyong/Documents/GitHub/ProjectBBK/Content/ParagonGreystone/Characters/Global/MaterialFunctions/MF_CharacterEffects.uasset" 1392
"C:/Users/kimkiyong/Documents/GitHub/ProjectBBK/Content/ParagonGreystone/Characters/Global/MaterialFunctions/MF_CharacterEffects.uexp" 1393
"C:/Users/kimkiyong/Documents/GitHub/ProjectBBK/Content/ParagonGreystone/Characters/Global/Eyelash/T_Universal_Eyelashes_D.ubulk" 1394
"C:/Users/kimkiyong/Documents/GitHub/ProjectBBK/Content/ParagonGreystone/Characters/Global/Eyelash/T_Universal_Eyelashes_D.uasset" 1395
"C:/Users/kimkiyong/Documents/GitHub/ProjectBBK/Content/ParagonGreystone/Characters/Global/Eyelash/T_Universal_Eyelashes_D.uexp" 1396
"C:/Users/kimkiyong/Documents/GitHub/ProjectBBK/Content/ParagonGreystone/Characters/Global/Eyelash/M_EyelashMaster.uasset" 1397
"C:/Users/kimkiyong/Documents/GitHub/ProjectBBK/Content/ParagonGreystone/Characters/Global/Eyelash/M_EyelashMaster.uexp" 1398
"C:/Users/kimkiyong/Documents/GitHub/ProjectBBK/Content/ParagonGreystone/Characters/Global/Eyelash/M_EyelashMaster_Inst.uasset" 1399
"C:/Users/kimkiyong/Documents/GitHub/ProjectBBK/Content/ParagonGreystone/Characters/Global/Eyelash/M_EyelashMaster_Inst.uexp" 1400
"C:/Users/kimkiyong/Documents/GitHub/ProjectBBK/Content/ParagonGreystone/Characters/Heroes/Greystone/Meshes/Greystone_PhysicsAsset_shadow.uasset" 1401
"C:/Users/kimkiyong/Documents/GitHub/ProjectBBK/Content/ParagonGreystone/Characters/Heroes/Greystone/Meshes/Greystone_PhysicsAsset_shadow.uexp" 1402
"C:/Users/kimkiyong/Documents/GitHub/ProjectBBK/Content/ParagonGreystone/Characters/Heroes/Greystone/Meshes/Greystone_PhysicsAsset.uasset" 1403
"C:/Users/kimkiyong/Documents/GitHub/ProjectBBK/Content/ParagonGreystone/Characters/Heroes/Greystone/Meshes/Greystone_PhysicsAsset.uexp" 1404
"../../../Engine/Content/Functions/Engine_MaterialFunctions01/ImageAdjustment/BlurSampleOffsets.uasset" 1405
"../../../Engine/Content/Functions/Engine_MaterialFunctions01/ImageAdjustment/BlurSampleOffsets.uexp" 1406
"../../../Engine/Content/Functions/Engine_MaterialFunctions02/Utility/CameraVectorWithWPOOptions.uasset" 1407
"../../../Engine/Content/Functions/Engine_MaterialFunctions02/Utility/CameraVectorWithWPOOptions.uexp" 1408
"../../../Engine/Content/Functions/Engine_MaterialFunctions01/ImageAdjustment/SceneTextureAverage.uasset" 1409
"../../../Engine/Content/Functions/Engine_MaterialFunctions01/ImageAdjustment/SceneTextureAverage.uexp" 1410
"C:/Users/kimkiyong/Documents/GitHub/ProjectBBK/Content/ParagonGreystone/Characters/Global/Eyes/Textures/T_EyeOcclusion2.ubulk" 1411
"C:/Users/kimkiyong/Documents/GitHub/ProjectBBK/Content/ParagonGreystone/Characters/Global/Eyes/Textures/T_EyeOcclusion2.uasset" 1412
"C:/Users/kimkiyong/Documents/GitHub/ProjectBBK/Content/ParagonGreystone/Characters/Global/Eyes/Textures/T_EyeOcclusion2.uexp" 1413
"C:/Users/kimkiyong/Documents/GitHub/ProjectBBK/Content/ParagonGreystone/Characters/Global/Eyes/Materials/M_Eye_Occlusion.uasset" 1414
"C:/Users/kimkiyong/Documents/GitHub/ProjectBBK/Content/ParagonGreystone/Characters/Global/Eyes/Materials/M_Eye_Occlusion.uexp" 1415
"C:/Users/kimkiyong/Documents/GitHub/ProjectBBK/Content/ParagonGreystone/Characters/Global/Mouth/Textures/T_TeethAndTongue_N.ubulk" 1416
"C:/Users/kimkiyong/Documents/GitHub/ProjectBBK/Content/ParagonGreystone/Characters/Global/Mouth/Textures/T_TeethAndTongue_N.uasset" 1417
"C:/Users/kimkiyong/Documents/GitHub/ProjectBBK/Content/ParagonGreystone/Characters/Global/Mouth/Textures/T_TeethAndTongue_N.uexp" 1418
"C:/Users/kimkiyong/Documents/GitHub/ProjectBBK/Content/ParagonGreystone/Characters/Global/Mouth/Textures/T_TeethAndTongue_D2.ubulk" 1419
"C:/Users/kimkiyong/Documents/GitHub/ProjectBBK/Content/ParagonGreystone/Characters/Global/Mouth/Textures/T_TeethAndTongue_D2.uasset" 1420
"C:/Users/kimkiyong/Documents/GitHub/ProjectBBK/Content/ParagonGreystone/Characters/Global/Mouth/Textures/T_TeethAndTongue_D2.uexp" 1421
"C:/Users/kimkiyong/Documents/GitHub/ProjectBBK/Content/ParagonGreystone/Characters/Global/Mouth/Textures/T_Master_Mouth_1_RGB.ubulk" 1422
"C:/Users/kimkiyong/Documents/GitHub/ProjectBBK/Content/ParagonGreystone/Characters/Global/Mouth/Textures/T_Master_Mouth_1_RGB.uasset" 1423
"C:/Users/kimkiyong/Documents/GitHub/ProjectBBK/Content/ParagonGreystone/Characters/Global/Mouth/Textures/T_Master_Mouth_1_RGB.uexp" 1424
"C:/Users/kimkiyong/Documents/GitHub/ProjectBBK/Content/ParagonGreystone/Characters/Global/Mouth/Textures/T_Master_Mouth_1_N.ubulk" 1425
"C:/Users/kimkiyong/Documents/GitHub/ProjectBBK/Content/ParagonGreystone/Characters/Global/Mouth/Textures/T_Master_Mouth_1_N.uasset" 1426
"C:/Users/kimkiyong/Documents/GitHub/ProjectBBK/Content/ParagonGreystone/Characters/Global/Mouth/Textures/T_Master_Mouth_1_N.uexp" 1427
"C:/Users/kimkiyong/Documents/GitHub/ProjectBBK/Content/ParagonGreystone/Characters/Global/Mouth/Textures/T_Master_Mouth_1_COLOR.ubulk" 1428
"C:/Users/kimkiyong/Documents/GitHub/ProjectBBK/Content/ParagonGreystone/Characters/Global/Mouth/Textures/T_Master_Mouth_1_COLOR.uasset" 1429
"C:/Users/kimkiyong/Documents/GitHub/ProjectBBK/Content/ParagonGreystone/Characters/Global/Mouth/Textures/T_Master_Mouth_1_COLOR.uexp" 1430
"C:/Users/kimkiyong/Documents/GitHub/ProjectBBK/Content/ParagonGreystone/Characters/Global/Mouth/Materials/SSP_TeethSubsurfaceProfile.uasset" 1431
"C:/Users/kimkiyong/Documents/GitHub/ProjectBBK/Content/ParagonGreystone/Characters/Global/Mouth/Materials/SSP_TeethSubsurfaceProfile.uexp" 1432
"C:/Users/kimkiyong/Documents/GitHub/ProjectBBK/Content/ParagonGreystone/Characters/Global/Mouth/Materials/M_Mouth_Master.uasset" 1433
"C:/Users/kimkiyong/Documents/GitHub/ProjectBBK/Content/ParagonGreystone/Characters/Global/Mouth/Materials/M_Mouth_Master.uexp" 1434
"C:/Users/kimkiyong/Documents/GitHub/ProjectBBK/Content/ParagonGreystone/Characters/Global/Mouth/Materials/M_Mouth_MId_color.uasset" 1435
"C:/Users/kimkiyong/Documents/GitHub/ProjectBBK/Content/ParagonGreystone/Characters/Global/Mouth/Materials/M_Mouth_MId_color.uexp" 1436
"C:/Users/kimkiyong/Documents/GitHub/ProjectBBK/Content/ParagonGreystone/Characters/Global/Eyes/Materials/M_TearLine.uasset" 1437
"C:/Users/kimkiyong/Documents/GitHub/ProjectBBK/Content/ParagonGreystone/Characters/Global/Eyes/Materials/M_TearLine.uexp" 1438
"C:/Users/kimkiyong/Documents/GitHub/ProjectBBK/Content/ParagonGreystone/Characters/Heroes/Greystone/Materials/M_TearLine_Inst2.uasset" 1439
"C:/Users/kimkiyong/Documents/GitHub/ProjectBBK/Content/ParagonGreystone/Characters/Heroes/Greystone/Materials/M_TearLine_Inst2.uexp" 1440
"../../../Engine/Content/Functions/Engine_MaterialFunctions02/TangentBasis.uasset" 1441
"../../../Engine/Content/Functions/Engine_MaterialFunctions02/TangentBasis.uexp" 1442
"C:/Users/kimkiyong/Documents/GitHub/ProjectBBK/Content/ParagonGreystone/Characters/Global/Eyes/Textures/Example/T_EyeIrisBaseColor_Example_2.ubulk" 1443
"C:/Users/kimkiyong/Documents/GitHub/ProjectBBK/Content/ParagonGreystone/Characters/Global/Eyes/Textures/Example/T_EyeIrisBaseColor_Example_2.uasset" 1444
"C:/Users/kimkiyong/Documents/GitHub/ProjectBBK/Content/ParagonGreystone/Characters/Global/Eyes/Textures/Example/T_EyeIrisBaseColor_Example_2.uexp" 1445
"C:/Users/kimkiyong/Documents/GitHub/ProjectBBK/Content/ParagonGreystone/Characters/Global/Eyes/Textures/Example/T_EyeScleraBaseColor_Example_2.ubulk" 1446
"C:/Users/kimkiyong/Documents/GitHub/ProjectBBK/Content/ParagonGreystone/Characters/Global/Eyes/Textures/Example/T_EyeScleraBaseColor_Example_2.uasset" 1447
"C:/Users/kimkiyong/Documents/GitHub/ProjectBBK/Content/ParagonGreystone/Characters/Global/Eyes/Textures/Example/T_EyeScleraBaseColor_Example_2.uexp" 1448
"C:/Users/kimkiyong/Documents/GitHub/ProjectBBK/Content/ParagonGreystone/Characters/Global/Eyes/Textures/T_Swirly_Noise.ubulk" 1449
"C:/Users/kimkiyong/Documents/GitHub/ProjectBBK/Content/ParagonGreystone/Characters/Global/Eyes/Textures/T_Swirly_Noise.uasset" 1450
"C:/Users/kimkiyong/Documents/GitHub/ProjectBBK/Content/ParagonGreystone/Characters/Global/Eyes/Textures/T_Swirly_Noise.uexp" 1451
"C:/Users/kimkiyong/Documents/GitHub/ProjectBBK/Content/ParagonGreystone/Characters/Global/Eyes/Textures/T_EpicQuadPanorama_CC.uasset" 1452
"C:/Users/kimkiyong/Documents/GitHub/ProjectBBK/Content/ParagonGreystone/Characters/Global/Eyes/Textures/T_EpicQuadPanorama_CC.uexp" 1453
"C:/Users/kimkiyong/Documents/GitHub/ProjectBBK/Content/ParagonGreystone/Characters/Global/Eyes/Textures/T_DecalMask_Radial03.ubulk" 1454
"C:/Users/kimkiyong/Documents/GitHub/ProjectBBK/Content/ParagonGreystone/Characters/Global/Eyes/Textures/T_DecalMask_Radial03.uasset" 1455
"C:/Users/kimkiyong/Documents/GitHub/ProjectBBK/Content/ParagonGreystone/Characters/Global/Eyes/Textures/T_DecalMask_Radial03.uexp" 1456
"C:/Users/kimkiyong/Documents/GitHub/ProjectBBK/Content/ParagonGreystone/Characters/Global/Eyes/Textures/Example/T_Sphere_EYE_NORMALS.ubulk" 1457
"C:/Users/kimkiyong/Documents/GitHub/ProjectBBK/Content/ParagonGreystone/Characters/Global/Eyes/Textures/Example/T_Sphere_EYE_NORMALS.uasset" 1458
"C:/Users/kimkiyong/Documents/GitHub/ProjectBBK/Content/ParagonGreystone/Characters/Global/Eyes/Textures/Example/T_Sphere_EYE_NORMALS.uexp" 1459
"C:/Users/kimkiyong/Documents/GitHub/ProjectBBK/Content/ParagonGreystone/Characters/Global/Eyes/Textures/Example/T_Eye_Wet_Normal.ubulk" 1460
"C:/Users/kimkiyong/Documents/GitHub/ProjectBBK/Content/ParagonGreystone/Characters/Global/Eyes/Textures/Example/T_Eye_Wet_Normal.uasset" 1461
"C:/Users/kimkiyong/Documents/GitHub/ProjectBBK/Content/ParagonGreystone/Characters/Global/Eyes/Textures/Example/T_Eye_Wet_Normal.uexp" 1462
"C:/Users/kimkiyong/Documents/GitHub/ProjectBBK/Content/ParagonGreystone/Characters/Global/Eyes/Textures/Example/T_EYE_NORMALS.ubulk" 1463
"C:/Users/kimkiyong/Documents/GitHub/ProjectBBK/Content/ParagonGreystone/Characters/Global/Eyes/Textures/Example/T_EYE_NORMALS.uasset" 1464
"C:/Users/kimkiyong/Documents/GitHub/ProjectBBK/Content/ParagonGreystone/Characters/Global/Eyes/Textures/Example/T_EYE_NORMALS.uexp" 1465
"C:/Users/kimkiyong/Documents/GitHub/ProjectBBK/Content/ParagonGreystone/Characters/Global/Eyes/Textures/Example/T_EyeMidPlaneDisplacement_Example.ubulk" 1466
"C:/Users/kimkiyong/Documents/GitHub/ProjectBBK/Content/ParagonGreystone/Characters/Global/Eyes/Textures/Example/T_EyeMidPlaneDisplacement_Example.uasset" 1467
"C:/Users/kimkiyong/Documents/GitHub/ProjectBBK/Content/ParagonGreystone/Characters/Global/Eyes/Textures/Example/T_EyeMidPlaneDisplacement_Example.uexp" 1468
"C:/Users/kimkiyong/Documents/GitHub/ProjectBBK/Content/ParagonGreystone/Characters/Global/Eyes/Textures/Example/SSP_EyeInner_Profile.uasset" 1469
"C:/Users/kimkiyong/Documents/GitHub/ProjectBBK/Content/ParagonGreystone/Characters/Global/Eyes/Textures/Example/SSP_EyeInner_Profile.uexp" 1470
"C:/Users/kimkiyong/Documents/GitHub/ProjectBBK/Content/ParagonGreystone/Characters/Global/Eyes/Textures/T_Greystone_Corona_D.ubulk" 1471
"C:/Users/kimkiyong/Documents/GitHub/ProjectBBK/Content/ParagonGreystone/Characters/Global/Eyes/Textures/T_Greystone_Corona_D.uasset" 1472
"C:/Users/kimkiyong/Documents/GitHub/ProjectBBK/Content/ParagonGreystone/Characters/Global/Eyes/Textures/T_Greystone_Corona_D.uexp" 1473
"C:/Users/kimkiyong/Documents/GitHub/ProjectBBK/Content/ParagonGreystone/Characters/Global/Eyes/MaterialFunctions/ML_GreystoneULTEye.uasset" 1474
"C:/Users/kimkiyong/Documents/GitHub/ProjectBBK/Content/ParagonGreystone/Characters/Global/Eyes/MaterialFunctions/ML_GreystoneULTEye.uexp" 1475
"C:/Users/kimkiyong/Documents/GitHub/ProjectBBK/Content/ParagonGreystone/Characters/Global/Eyes/MaterialFunctions/ML_EyeRefraction.uasset" 1476
"C:/Users/kimkiyong/Documents/GitHub/ProjectBBK/Content/ParagonGreystone/Characters/Global/Eyes/MaterialFunctions/ML_EyeRefraction.uexp" 1477
"C:/Users/kimkiyong/Documents/GitHub/ProjectBBK/Content/ParagonGreystone/Characters/Global/Eyes/Materials/M_EyeRefractive.uasset" 1478
"C:/Users/kimkiyong/Documents/GitHub/ProjectBBK/Content/ParagonGreystone/Characters/Global/Eyes/Materials/M_EyeRefractive.uexp" 1479
"C:/Users/kimkiyong/Documents/GitHub/ProjectBBK/Content/ParagonGreystone/Characters/Global/Eyes/Textures/Example/T_EyeIrisBaseColor_Example_7.ubulk" 1480
"C:/Users/kimkiyong/Documents/GitHub/ProjectBBK/Content/ParagonGreystone/Characters/Global/Eyes/Textures/Example/T_EyeIrisBaseColor_Example_7.uasset" 1481
"C:/Users/kimkiyong/Documents/GitHub/ProjectBBK/Content/ParagonGreystone/Characters/Global/Eyes/Textures/Example/T_EyeIrisBaseColor_Example_7.uexp" 1482
"C:/Users/kimkiyong/Documents/GitHub/ProjectBBK/Content/ParagonGreystone/Characters/Global/Eyes/Textures/Example/T_EyeScleraBaseColor_Example_3.ubulk" 1483
"C:/Users/kimkiyong/Documents/GitHub/ProjectBBK/Content/ParagonGreystone/Characters/Global/Eyes/Textures/Example/T_EyeScleraBaseColor_Example_3.uasset" 1484
"C:/Users/kimkiyong/Documents/GitHub/ProjectBBK/Content/ParagonGreystone/Characters/Global/Eyes/Textures/Example/T_EyeScleraBaseColor_Example_3.uexp" 1485
"C:/Users/kimkiyong/Documents/GitHub/ProjectBBK/Content/ParagonGreystone/Characters/Heroes/Greystone/Materials/M_Greystone_EyeRefractive_Inst.uasset" 1486
"C:/Users/kimkiyong/Documents/GitHub/ProjectBBK/Content/ParagonGreystone/Characters/Heroes/Greystone/Materials/M_Greystone_EyeRefractive_Inst.uexp" 1487
"../../../Engine/Content/Functions/MaterialLayerFunctions/MatLayerBlend_BakedNormal.uasset" 1488
"../../../Engine/Content/Functions/MaterialLayerFunctions/MatLayerBlend_BakedNormal.uexp" 1489
"C:/Users/kimkiyong/Documents/GitHub/ProjectBBK/Content/ParagonGreystone/Characters/Global/MaterialLayers/ML_FlatBlack.uasset" 1490
"C:/Users/kimkiyong/Documents/GitHub/ProjectBBK/Content/ParagonGreystone/Characters/Global/MaterialLayers/ML_FlatBlack.uexp" 1491
"C:/Users/kimkiyong/Documents/GitHub/ProjectBBK/Content/ParagonGreystone/Characters/Global/MaterialLayers/Skin/T_Pore_Specular.ubulk" 1492
"C:/Users/kimkiyong/Documents/GitHub/ProjectBBK/Content/ParagonGreystone/Characters/Global/MaterialLayers/Skin/T_Pore_Specular.uasset" 1493
"C:/Users/kimkiyong/Documents/GitHub/ProjectBBK/Content/ParagonGreystone/Characters/Global/MaterialLayers/Skin/T_Pore_Specular.uexp" 1494
"C:/Users/kimkiyong/Documents/GitHub/ProjectBBK/Content/ParagonGreystone/Characters/Global/MaterialLayers/Skin/T_Pore_Normals2.ubulk" 1495
"C:/Users/kimkiyong/Documents/GitHub/ProjectBBK/Content/ParagonGreystone/Characters/Global/MaterialLayers/Skin/T_Pore_Normals2.uasset" 1496
"C:/Users/kimkiyong/Documents/GitHub/ProjectBBK/Content/ParagonGreystone/Characters/Global/MaterialLayers/Skin/T_Pore_Normals2.uexp" 1497
"C:/Users/kimkiyong/Documents/GitHub/ProjectBBK/Content/ParagonGreystone/Characters/Global/MaterialFunctions/MF_SkinPores.uasset" 1498
"C:/Users/kimkiyong/Documents/GitHub/ProjectBBK/Content/ParagonGreystone/Characters/Global/MaterialFunctions/MF_SkinPores.uexp" 1499
"C:/Users/kimkiyong/Documents/GitHub/ProjectBBK/Content/ParagonGreystone/Characters/Global/T_Black_Linear.uasset" 1500
"C:/Users/kimkiyong/Documents/GitHub/ProjectBBK/Content/ParagonGreystone/Characters/Global/T_Black_Linear.uexp" 1501
"C:/Users/kimkiyong/Documents/GitHub/ProjectBBK/Content/ParagonGreystone/Characters/Global/MaterialFunctions/MF_OrionCharacterAO.uasset" 1502
"C:/Users/kimkiyong/Documents/GitHub/ProjectBBK/Content/ParagonGreystone/Characters/Global/MaterialFunctions/MF_OrionCharacterAO.uexp" 1503
"C:/Users/kimkiyong/Documents/GitHub/ProjectBBK/Content/ParagonGreystone/Characters/Heroes/Greystone/Textures/SSP_Greystone_Skin.uasset" 1504
"C:/Users/kimkiyong/Documents/GitHub/ProjectBBK/Content/ParagonGreystone/Characters/Heroes/Greystone/Textures/SSP_Greystone_Skin.uexp" 1505
"C:/Users/kimkiyong/Documents/GitHub/ProjectBBK/Content/ParagonGreystone/Characters/Heroes/Greystone/Textures/T_Vert_Gradient_Soft.ubulk" 1506
"C:/Users/kimkiyong/Documents/GitHub/ProjectBBK/Content/ParagonGreystone/Characters/Heroes/Greystone/Textures/T_Vert_Gradient_Soft.uasset" 1507
"C:/Users/kimkiyong/Documents/GitHub/ProjectBBK/Content/ParagonGreystone/Characters/Heroes/Greystone/Textures/T_Vert_Gradient_Soft.uexp" 1508
"C:/Users/kimkiyong/Documents/GitHub/ProjectBBK/Content/ParagonGreystone/Characters/Heroes/Greystone/Textures/T_Greystone_Head_Torso_RGB.ubulk" 1509
"C:/Users/kimkiyong/Documents/GitHub/ProjectBBK/Content/ParagonGreystone/Characters/Heroes/Greystone/Textures/T_Greystone_Head_Torso_RGB.uasset" 1510
"C:/Users/kimkiyong/Documents/GitHub/ProjectBBK/Content/ParagonGreystone/Characters/Heroes/Greystone/Textures/T_Greystone_Head_Torso_RGB.uexp" 1511
"C:/Users/kimkiyong/Documents/GitHub/ProjectBBK/Content/ParagonGreystone/Characters/Heroes/Greystone/Textures/T_Greystone_Fbx_Default_Material_7_EMask.ubulk" 1512
"C:/Users/kimkiyong/Documents/GitHub/ProjectBBK/Content/ParagonGreystone/Characters/Heroes/Greystone/Textures/T_Greystone_Fbx_Default_Material_7_EMask.uasset" 1513
"C:/Users/kimkiyong/Documents/GitHub/ProjectBBK/Content/ParagonGreystone/Characters/Heroes/Greystone/Textures/T_Greystone_Fbx_Default_Material_7_EMask.uexp" 1514
"C:/Users/kimkiyong/Documents/GitHub/ProjectBBK/Content/ParagonGreystone/Characters/Heroes/Greystone/Textures/T_CloudSmoke_WispInk_Chromashift_Tile.ubulk" 1515
"C:/Users/kimkiyong/Documents/GitHub/ProjectBBK/Content/ParagonGreystone/Characters/Heroes/Greystone/Textures/T_CloudSmoke_WispInk_Chromashift_Tile.uasset" 1516
"C:/Users/kimkiyong/Documents/GitHub/ProjectBBK/Content/ParagonGreystone/Characters/Heroes/Greystone/Textures/T_CloudSmoke_WispInk_Chromashift_Tile.uexp" 1517
"C:/Users/kimkiyong/Documents/GitHub/ProjectBBK/Content/ParagonGreystone/Characters/Global/MaterialLayers/Rock/T_HadriansWall_RockFaceTiling_N.ubulk" 1518
"C:/Users/kimkiyong/Documents/GitHub/ProjectBBK/Content/ParagonGreystone/Characters/Global/MaterialLayers/Rock/T_HadriansWall_RockFaceTiling_N.uasset" 1519
"C:/Users/kimkiyong/Documents/GitHub/ProjectBBK/Content/ParagonGreystone/Characters/Global/MaterialLayers/Rock/T_HadriansWall_RockFaceTiling_N.uexp" 1520
"C:/Users/kimkiyong/Documents/GitHub/ProjectBBK/Content/ParagonGreystone/Characters/Global/MaterialLayers/Rock/T_TilingRock_A_D.ubulk" 1521
"C:/Users/kimkiyong/Documents/GitHub/ProjectBBK/Content/ParagonGreystone/Characters/Global/MaterialLayers/Rock/T_TilingRock_A_D.uasset" 1522
"C:/Users/kimkiyong/Documents/GitHub/ProjectBBK/Content/ParagonGreystone/Characters/Global/MaterialLayers/Rock/T_TilingRock_A_D.uexp" 1523
"C:/Users/kimkiyong/Documents/GitHub/ProjectBBK/Content/ParagonGreystone/Characters/Heroes/Greystone/Materials/MF_GreystoneEffects.uasset" 1524
"C:/Users/kimkiyong/Documents/GitHub/ProjectBBK/Content/ParagonGreystone/Characters/Heroes/Greystone/Materials/MF_GreystoneEffects.uexp" 1525
"C:/Users/kimkiyong/Documents/GitHub/ProjectBBK/Content/ParagonGreystone/Characters/Global/MaterialLayers/Skin/ML_Skin.uasset" 1526
"C:/Users/kimkiyong/Documents/GitHub/ProjectBBK/Content/ParagonGreystone/Characters/Global/MaterialLayers/Skin/ML_Skin.uexp" 1527
"C:/Users/kimkiyong/Documents/GitHub/ProjectBBK/Content/ParagonGreystone/Characters/Heroes/Greystone/Skins/Tough/Textures/T_Greystone_Tough_StoneMask.ubulk" 1528
"C:/Users/kimkiyong/Documents/GitHub/ProjectBBK/Content/ParagonGreystone/Characters/Heroes/Greystone/Skins/Tough/Textures/T_Greystone_Tough_StoneMask.uasset" 1529
"C:/Users/kimkiyong/Documents/GitHub/ProjectBBK/Content/ParagonGreystone/Characters/Heroes/Greystone/Skins/Tough/Textures/T_Greystone_Tough_StoneMask.uexp" 1530
"C:/Users/kimkiyong/Documents/GitHub/ProjectBBK/Content/ParagonGreystone/Characters/Heroes/Greystone/Skins/Tough/Textures/T_Greystone_ToughTorsoNormalDemo.ubulk" 1531
"C:/Users/kimkiyong/Documents/GitHub/ProjectBBK/Content/ParagonGreystone/Characters/Heroes/Greystone/Skins/Tough/Textures/T_Greystone_ToughTorsoNormalDemo.uasset" 1532
"C:/Users/kimkiyong/Documents/GitHub/ProjectBBK/Content/ParagonGreystone/Characters/Heroes/Greystone/Skins/Tough/Textures/T_Greystone_ToughTorsoNormalDemo.uexp" 1533
"C:/Users/kimkiyong/Documents/GitHub/ProjectBBK/Content/ParagonGreystone/Characters/Heroes/Greystone/Skins/Novaborn/Textures/T_Greystone_Novaborn_Head_co.ubulk" 1534
"C:/Users/kimkiyong/Documents/GitHub/ProjectBBK/Content/ParagonGreystone/Characters/Heroes/Greystone/Skins/Novaborn/Textures/T_Greystone_Novaborn_Head_co.uasset" 1535
"C:/Users/kimkiyong/Documents/GitHub/ProjectBBK/Content/ParagonGreystone/Characters/Heroes/Greystone/Skins/Novaborn/Textures/T_Greystone_Novaborn_Head_co.uexp" 1536
"C:/Users/kimkiyong/Documents/GitHub/ProjectBBK/Content/ParagonGreystone/Characters/Heroes/Greystone/Skins/Novaborn/Textures/T_Greystone_Novaborn_Head_RGB.ubulk" 1537
"C:/Users/kimkiyong/Documents/GitHub/ProjectBBK/Content/ParagonGreystone/Characters/Heroes/Greystone/Skins/Novaborn/Textures/T_Greystone_Novaborn_Head_RGB.uasset" 1538
"C:/Users/kimkiyong/Documents/GitHub/ProjectBBK/Content/ParagonGreystone/Characters/Heroes/Greystone/Skins/Novaborn/Textures/T_Greystone_Novaborn_Head_RGB.uexp" 1539
"C:/Users/kimkiyong/Documents/GitHub/ProjectBBK/Content/ParagonGreystone/Characters/Heroes/Greystone/Skins/Novaborn/Textures/T_Greystone_Novaborn_Head_Spc.ubulk" 1540
"C:/Users/kimkiyong/Documents/GitHub/ProjectBBK/Content/ParagonGreystone/Characters/Heroes/Greystone/Skins/Novaborn/Textures/T_Greystone_Novaborn_Head_Spc.uasset" 1541
"C:/Users/kimkiyong/Documents/GitHub/ProjectBBK/Content/ParagonGreystone/Characters/Heroes/Greystone/Skins/Novaborn/Textures/T_Greystone_Novaborn_Head_Spc.uexp" 1542
"C:/Users/kimkiyong/Documents/GitHub/ProjectBBK/Content/ParagonGreystone/Characters/Heroes/Greystone/Skins/Tough/Materials/M_Greystone_Tough_head_skin.uasset" 1543
"C:/Users/kimkiyong/Documents/GitHub/ProjectBBK/Content/ParagonGreystone/Characters/Heroes/Greystone/Skins/Tough/Materials/M_Greystone_Tough_head_skin.uexp" 1544
"C:/Users/kimkiyong/Documents/GitHub/ProjectBBK/Content/ParagonGreystone/Characters/Global/Hair/T_GreystoneHair_Flow.uasset" 1545
"C:/Users/kimkiyong/Documents/GitHub/ProjectBBK/Content/ParagonGreystone/Characters/Global/Hair/T_GreystoneHair_Flow.uexp" 1546
"../../../Engine/Content/EngineResources/Black.uasset" 1547
"../../../Engine/Content/EngineResources/Black.uexp" 1548
"../../../Engine/Content/EditorMaterials/Cascade/CASC_Solo_On.uasset" 1549
"../../../Engine/Content/EditorMaterials/Cascade/CASC_Solo_On.uexp" 1550
"C:/Users/kimkiyong/Documents/GitHub/ProjectBBK/Content/ParagonGreystone/Characters/Global/MaterialFunctions/MF_ParagonCharacterHairWind.uasset" 1551
"C:/Users/kimkiyong/Documents/GitHub/ProjectBBK/Content/ParagonGreystone/Characters/Global/MaterialFunctions/MF_ParagonCharacterHairWind.uexp" 1552
"C:/Users/kimkiyong/Documents/GitHub/ProjectBBK/Content/ParagonGreystone/Characters/Global/Hair/T_gradient_stasis.ubulk" 1553
"C:/Users/kimkiyong/Documents/GitHub/ProjectBBK/Content/ParagonGreystone/Characters/Global/Hair/T_gradient_stasis.uasset" 1554
"C:/Users/kimkiyong/Documents/GitHub/ProjectBBK/Content/ParagonGreystone/Characters/Global/Hair/T_gradient_stasis.uexp" 1555
"C:/Users/kimkiyong/Documents/GitHub/ProjectBBK/Content/ParagonGreystone/Characters/Global/Hair/T_Fire_Tiled_D.ubulk" 1556
"C:/Users/kimkiyong/Documents/GitHub/ProjectBBK/Content/ParagonGreystone/Characters/Global/Hair/T_Fire_Tiled_D.uasset" 1557
"C:/Users/kimkiyong/Documents/GitHub/ProjectBBK/Content/ParagonGreystone/Characters/Global/Hair/T_Fire_Tiled_D.uexp" 1558
"C:/Users/kimkiyong/Documents/GitHub/ProjectBBK/Content/ParagonGreystone/Characters/Global/Hair/T_Caustics_2.ubulk" 1559
"C:/Users/kimkiyong/Documents/GitHub/ProjectBBK/Content/ParagonGreystone/Characters/Global/Hair/T_Caustics_2.uasset" 1560
"C:/Users/kimkiyong/Documents/GitHub/ProjectBBK/Content/ParagonGreystone/Characters/Global/Hair/T_Caustics_2.uexp" 1561
"../../../Engine/Content/Functions/Engine_MaterialFunctions02/Math/MultiplyAdd.uasset" 1562
"../../../Engine/Content/Functions/Engine_MaterialFunctions02/Math/MultiplyAdd.uexp" 1563
"C:/Users/kimkiyong/Documents/GitHub/ProjectBBK/Content/ParagonGreystone/Characters/Global/Hair/TestContent/T_HairClump02_Roots.ubulk" 1564
"C:/Users/kimkiyong/Documents/GitHub/ProjectBBK/Content/ParagonGreystone/Characters/Global/Hair/TestContent/T_HairClump02_Roots.uasset" 1565
"C:/Users/kimkiyong/Documents/GitHub/ProjectBBK/Content/ParagonGreystone/Characters/Global/Hair/TestContent/T_HairClump02_Roots.uexp" 1566
"C:/Users/kimkiyong/Documents/GitHub/ProjectBBK/Content/ParagonGreystone/Characters/Global/Hair/TestContent/T_HairClump02_ID.ubulk" 1567
"C:/Users/kimkiyong/Documents/GitHub/ProjectBBK/Content/ParagonGreystone/Characters/Global/Hair/TestContent/T_HairClump02_ID.uasset" 1568
"C:/Users/kimkiyong/Documents/GitHub/ProjectBBK/Content/ParagonGreystone/Characters/Global/Hair/TestContent/T_HairClump02_ID.uexp" 1569
"C:/Users/kimkiyong/Documents/GitHub/ProjectBBK/Content/ParagonGreystone/Characters/Global/Hair/TestContent/T_HairClump02_DyeMask.ubulk" 1570
"C:/Users/kimkiyong/Documents/GitHub/ProjectBBK/Content/ParagonGreystone/Characters/Global/Hair/TestContent/T_HairClump02_DyeMask.uasset" 1571
"C:/Users/kimkiyong/Documents/GitHub/ProjectBBK/Content/ParagonGreystone/Characters/Global/Hair/TestContent/T_HairClump02_DyeMask.uexp" 1572
"C:/Users/kimkiyong/Documents/GitHub/ProjectBBK/Content/ParagonGreystone/Characters/Global/Hair/TestContent/T_HairClump02_Depth.ubulk" 1573
"C:/Users/kimkiyong/Documents/GitHub/ProjectBBK/Content/ParagonGreystone/Characters/Global/Hair/TestContent/T_HairClump02_Depth.uasset" 1574
"C:/Users/kimkiyong/Documents/GitHub/ProjectBBK/Content/ParagonGreystone/Characters/Global/Hair/TestContent/T_HairClump02_Depth.uexp" 1575
"C:/Users/kimkiyong/Documents/GitHub/ProjectBBK/Content/ParagonGreystone/Characters/Global/Hair/TestContent/T_HairClump02_Alpha.ubulk" 1576
"C:/Users/kimkiyong/Documents/GitHub/ProjectBBK/Content/ParagonGreystone/Characters/Global/Hair/TestContent/T_HairClump02_Alpha.uasset" 1577
"C:/Users/kimkiyong/Documents/GitHub/ProjectBBK/Content/ParagonGreystone/Characters/Global/Hair/TestContent/T_HairClump02_Alpha.uexp" 1578
"C:/Users/kimkiyong/Documents/GitHub/ProjectBBK/Content/ParagonGreystone/Characters/Global/Hair/Materials/MF_BlendHairColorsWithParam.uasset" 1579
"C:/Users/kimkiyong/Documents/GitHub/ProjectBBK/Content/ParagonGreystone/Characters/Global/Hair/Materials/MF_BlendHairColorsWithParam.uexp" 1580
"C:/Users/kimkiyong/Documents/GitHub/ProjectBBK/Content/ParagonGreystone/Characters/Global/Hair/Materials/M_HairSheet_Master2.uasset" 1581
"C:/Users/kimkiyong/Documents/GitHub/ProjectBBK/Content/ParagonGreystone/Characters/Global/Hair/Materials/M_HairSheet_Master2.uexp" 1582
"C:/Users/kimkiyong/Documents/GitHub/ProjectBBK/Content/ParagonGreystone/Characters/Global/Hair/SharedHairContent/MediumLength/T_Hair_MediumLength_Roots.ubulk" 1583
"C:/Users/kimkiyong/Documents/GitHub/ProjectBBK/Content/ParagonGreystone/Characters/Global/Hair/SharedHairContent/MediumLength/T_Hair_MediumLength_Roots.uasset" 1584
"C:/Users/kimkiyong/Documents/GitHub/ProjectBBK/Content/ParagonGreystone/Characters/Global/Hair/SharedHairContent/MediumLength/T_Hair_MediumLength_Roots.uexp" 1585
"C:/Users/kimkiyong/Documents/GitHub/ProjectBBK/Content/ParagonGreystone/Characters/Global/Hair/SharedHairContent/MediumLength/T_Hair_MediumLength_Opacity.ubulk" 1586
"C:/Users/kimkiyong/Documents/GitHub/ProjectBBK/Content/ParagonGreystone/Characters/Global/Hair/SharedHairContent/MediumLength/T_Hair_MediumLength_Opacity.uasset" 1587
"C:/Users/kimkiyong/Documents/GitHub/ProjectBBK/Content/ParagonGreystone/Characters/Global/Hair/SharedHairContent/MediumLength/T_Hair_MediumLength_Opacity.uexp" 1588
"C:/Users/kimkiyong/Documents/GitHub/ProjectBBK/Content/ParagonGreystone/Characters/Global/Hair/SharedHairContent/MediumLength/T_Hair_MediumLength_ID.ubulk" 1589
"C:/Users/kimkiyong/Documents/GitHub/ProjectBBK/Content/ParagonGreystone/Characters/Global/Hair/SharedHairContent/MediumLength/T_Hair_MediumLength_ID.uasset" 1590
"C:/Users/kimkiyong/Documents/GitHub/ProjectBBK/Content/ParagonGreystone/Characters/Global/Hair/SharedHairContent/MediumLength/T_Hair_MediumLength_ID.uexp" 1591
"C:/Users/kimkiyong/Documents/GitHub/ProjectBBK/Content/ParagonGreystone/Characters/Global/Hair/SharedHairContent/MediumLength/T_Hair_MediumLength_Depth.ubulk" 1592
"C:/Users/kimkiyong/Documents/GitHub/ProjectBBK/Content/ParagonGreystone/Characters/Global/Hair/SharedHairContent/MediumLength/T_Hair_MediumLength_Depth.uasset" 1593
"C:/Users/kimkiyong/Documents/GitHub/ProjectBBK/Content/ParagonGreystone/Characters/Global/Hair/SharedHairContent/MediumLength/T_Hair_MediumLength_Depth.uexp" 1594
"C:/Users/kimkiyong/Documents/GitHub/ProjectBBK/Content/ParagonGreystone/Characters/Heroes/Greystone/Skins/Tough/Materials/M_Greystone_Tough_Hair_Demo.uasset" 1595
"C:/Users/kimkiyong/Documents/GitHub/ProjectBBK/Content/ParagonGreystone/Characters/Heroes/Greystone/Skins/Tough/Materials/M_Greystone_Tough_Hair_Demo.uexp" 1596
"C:/Users/kimkiyong/Documents/GitHub/ProjectBBK/Content/ParagonGreystone/Characters/Global/MaterialFunctions/MF_Metal_AO.uasset" 1597
"C:/Users/kimkiyong/Documents/GitHub/ProjectBBK/Content/ParagonGreystone/Characters/Global/MaterialFunctions/MF_Metal_AO.uexp" 1598
"C:/Users/kimkiyong/Documents/GitHub/ProjectBBK/Content/ParagonGreystone/Characters/Global/MaterialFunctions/MF_MatLayerBlend_TenLayerBlend.uasset" 1599
"C:/Users/kimkiyong/Documents/GitHub/ProjectBBK/Content/ParagonGreystone/Characters/Global/MaterialFunctions/MF_MatLayerBlend_TenLayerBlend.uexp" 1600
"C:/Users/kimkiyong/Documents/GitHub/ProjectBBK/Content/ParagonGreystone/Characters/Global/MaterialFunctions/MaterialLayerConstructors/MF_BaseColorTintAndContrast.uasset" 1601
"C:/Users/kimkiyong/Documents/GitHub/ProjectBBK/Content/ParagonGreystone/Characters/Global/MaterialFunctions/MaterialLayerConstructors/MF_BaseColorTintAndContrast.uexp" 1602
"C:/Users/kimkiyong/Documents/GitHub/ProjectBBK/Content/ParagonGreystone/Characters/Global/MaterialFunctions/MaterialLayerConstructors/MF_RoughnessAdjustment.uasset" 1603
"C:/Users/kimkiyong/Documents/GitHub/ProjectBBK/Content/ParagonGreystone/Characters/Global/MaterialFunctions/MaterialLayerConstructors/MF_RoughnessAdjustment.uexp" 1604
"C:/Users/kimkiyong/Documents/GitHub/ProjectBBK/Content/ParagonGreystone/Characters/Global/MaterialLayers/Leather/T_Dark_Leather_N.ubulk" 1605
"C:/Users/kimkiyong/Documents/GitHub/ProjectBBK/Content/ParagonGreystone/Characters/Global/MaterialLayers/Leather/T_Dark_Leather_N.uasset" 1606
"C:/Users/kimkiyong/Documents/GitHub/ProjectBBK/Content/ParagonGreystone/Characters/Global/MaterialLayers/Leather/T_Dark_Leather_N.uexp" 1607
"C:/Users/kimkiyong/Documents/GitHub/ProjectBBK/Content/ParagonGreystone/Characters/Global/MaterialLayers/Leather/T_leather_02.ubulk" 1608
"C:/Users/kimkiyong/Documents/GitHub/ProjectBBK/Content/ParagonGreystone/Characters/Global/MaterialLayers/Leather/T_leather_02.uasset" 1609
"C:/Users/kimkiyong/Documents/GitHub/ProjectBBK/Content/ParagonGreystone/Characters/Global/MaterialLayers/Leather/T_leather_02.uexp" 1610
"C:/Users/kimkiyong/Documents/GitHub/ProjectBBK/Content/ParagonGreystone/Characters/Global/MaterialLayers/Leather/T_Dark_Leather2_desat.ubulk" 1611
"C:/Users/kimkiyong/Documents/GitHub/ProjectBBK/Content/ParagonGreystone/Characters/Global/MaterialLayers/Leather/T_Dark_Leather2_desat.uasset" 1612
"C:/Users/kimkiyong/Documents/GitHub/ProjectBBK/Content/ParagonGreystone/Characters/Global/MaterialLayers/Leather/T_Dark_Leather2_desat.uexp" 1613
"C:/Users/kimkiyong/Documents/GitHub/ProjectBBK/Content/ParagonGreystone/Characters/Global/MaterialLayers/Leather/ML_Dark_Leather02_Brown_3.uasset" 1614
"C:/Users/kimkiyong/Documents/GitHub/ProjectBBK/Content/ParagonGreystone/Characters/Global/MaterialLayers/Leather/ML_Dark_Leather02_Brown_3.uexp" 1615
"C:/Users/kimkiyong/Documents/GitHub/ProjectBBK/Content/ParagonGreystone/Characters/Global/MaterialLayers/Leather/T_Synthetic_Leather01_D.ubulk" 1616
"C:/Users/kimkiyong/Documents/GitHub/ProjectBBK/Content/ParagonGreystone/Characters/Global/MaterialLayers/Leather/T_Synthetic_Leather01_D.uasset" 1617
"C:/Users/kimkiyong/Documents/GitHub/ProjectBBK/Content/ParagonGreystone/Characters/Global/MaterialLayers/Leather/T_Synthetic_Leather01_D.uexp" 1618
"C:/Users/kimkiyong/Documents/GitHub/ProjectBBK/Content/ParagonGreystone/Characters/Global/MaterialLayers/Leather/ML_Synthetic_Leather_Dark.uasset" 1619
"C:/Users/kimkiyong/Documents/GitHub/ProjectBBK/Content/ParagonGreystone/Characters/Global/MaterialLayers/Leather/ML_Synthetic_Leather_Dark.uexp" 1620
"C:/Users/kimkiyong/Documents/GitHub/ProjectBBK/Content/ParagonGreystone/Characters/Global/MaterialLayers/Rubber/T_ML_FineRubber_N.ubulk" 1621
"C:/Users/kimkiyong/Documents/GitHub/ProjectBBK/Content/ParagonGreystone/Characters/Global/MaterialLayers/Rubber/T_ML_FineRubber_N.uasset" 1622
"C:/Users/kimkiyong/Documents/GitHub/ProjectBBK/Content/ParagonGreystone/Characters/Global/MaterialLayers/Rubber/T_ML_FineRubber_N.uexp" 1623
"C:/Users/kimkiyong/Documents/GitHub/ProjectBBK/Content/ParagonGreystone/Characters/Global/MaterialLayers/Synthetics/ML_FlatPaint.uasset" 1624
"C:/Users/kimkiyong/Documents/GitHub/ProjectBBK/Content/ParagonGreystone/Characters/Global/MaterialLayers/Synthetics/ML_FlatPaint.uexp" 1625
"C:/Users/kimkiyong/Documents/GitHub/ProjectBBK/Content/ParagonGreystone/Characters/Global/MaterialLayers/Metal/T_gold_01.ubulk" 1626
"C:/Users/kimkiyong/Documents/GitHub/ProjectBBK/Content/ParagonGreystone/Characters/Global/MaterialLayers/Metal/T_gold_01.uasset" 1627
"C:/Users/kimkiyong/Documents/GitHub/ProjectBBK/Content/ParagonGreystone/Characters/Global/MaterialLayers/Metal/T_gold_01.uexp" 1628
"C:/Users/kimkiyong/Documents/GitHub/ProjectBBK/Content/ParagonGreystone/Characters/Global/MaterialLayers/Metal/T_Blank_N.ubulk" 1629
"C:/Users/kimkiyong/Documents/GitHub/ProjectBBK/Content/ParagonGreystone/Characters/Global/MaterialLayers/Metal/T_Blank_N.uasset" 1630
"C:/Users/kimkiyong/Documents/GitHub/ProjectBBK/Content/ParagonGreystone/Characters/Global/MaterialLayers/Metal/T_Blank_N.uexp" 1631
"C:/Users/kimkiyong/Documents/GitHub/ProjectBBK/Content/ParagonGreystone/Characters/Global/MaterialLayers/Metal/ML_WarmGold_desaturated.uasset" 1632
"C:/Users/kimkiyong/Documents/GitHub/ProjectBBK/Content/ParagonGreystone/Characters/Global/MaterialLayers/Metal/ML_WarmGold_desaturated.uexp" 1633
"C:/Users/kimkiyong/Documents/GitHub/ProjectBBK/Content/ParagonGreystone/Characters/Global/MaterialLayers/Metal/T_ML_Aluminum_01_N.ubulk" 1634
"C:/Users/kimkiyong/Documents/GitHub/ProjectBBK/Content/ParagonGreystone/Characters/Global/MaterialLayers/Metal/T_ML_Aluminum_01_N.uasset" 1635
"C:/Users/kimkiyong/Documents/GitHub/ProjectBBK/Content/ParagonGreystone/Characters/Global/MaterialLayers/Metal/T_ML_Aluminum_01_N.uexp" 1636
"../../../Engine/Content/EngineMaterials/FlatNormal.uasset" 1637
"../../../Engine/Content/EngineMaterials/FlatNormal.uexp" 1638
"C:/Users/kimkiyong/Documents/GitHub/ProjectBBK/Content/ParagonGreystone/Characters/Global/MaterialLayers/Metal/T_hardmetal2_D.ubulk" 1639
"C:/Users/kimkiyong/Documents/GitHub/ProjectBBK/Content/ParagonGreystone/Characters/Global/MaterialLayers/Metal/T_hardmetal2_D.uasset" 1640
"C:/Users/kimkiyong/Documents/GitHub/ProjectBBK/Content/ParagonGreystone/Characters/Global/MaterialLayers/Metal/T_hardmetal2_D.uexp" 1641
"C:/Users/kimkiyong/Documents/GitHub/ProjectBBK/Content/ParagonGreystone/Characters/Global/MaterialLayers/Metal/ML_MediumContrastHardMetal.uasset" 1642
"C:/Users/kimkiyong/Documents/GitHub/ProjectBBK/Content/ParagonGreystone/Characters/Global/MaterialLayers/Metal/ML_MediumContrastHardMetal.uexp" 1643
"C:/Users/kimkiyong/Documents/GitHub/ProjectBBK/Content/ParagonGreystone/Characters/Global/MaterialLayers/Fabric/T_ML_Fabric_Blue_Medium_N.ubulk" 1644
"C:/Users/kimkiyong/Documents/GitHub/ProjectBBK/Content/ParagonGreystone/Characters/Global/MaterialLayers/Fabric/T_ML_Fabric_Blue_Medium_N.uasset" 1645
"C:/Users/kimkiyong/Documents/GitHub/ProjectBBK/Content/ParagonGreystone/Characters/Global/MaterialLayers/Fabric/T_ML_Fabric_Blue_Medium_N.uexp" 1646
"C:/Users/kimkiyong/Documents/GitHub/ProjectBBK/Content/ParagonGreystone/Characters/Global/MaterialLayers/Fabric/T_ML_Fabric_Dirty.ubulk" 1647
"C:/Users/kimkiyong/Documents/GitHub/ProjectBBK/Content/ParagonGreystone/Characters/Global/MaterialLayers/Fabric/T_ML_Fabric_Dirty.uasset" 1648
"C:/Users/kimkiyong/Documents/GitHub/ProjectBBK/Content/ParagonGreystone/Characters/Global/MaterialLayers/Fabric/T_ML_Fabric_Dirty.uexp" 1649
"C:/Users/kimkiyong/Documents/GitHub/ProjectBBK/Content/ParagonGreystone/Characters/Global/MaterialLayers/Fabric/MF_ClothShading.uasset" 1650
"C:/Users/kimkiyong/Documents/GitHub/ProjectBBK/Content/ParagonGreystone/Characters/Global/MaterialLayers/Fabric/MF_ClothShading.uexp" 1651
"C:/Users/kimkiyong/Documents/GitHub/ProjectBBK/Content/ParagonGreystone/Characters/Global/MaterialLayers/Fabric/ML_Fabric_Dirty.uasset" 1652
"C:/Users/kimkiyong/Documents/GitHub/ProjectBBK/Content/ParagonGreystone/Characters/Global/MaterialLayers/Fabric/ML_Fabric_Dirty.uexp" 1653
"C:/Users/kimkiyong/Documents/GitHub/ProjectBBK/Content/ParagonGreystone/Characters/Heroes/Greystone/Skins/Tough/Textures/T_Greystone_ToughlookArmMask4.ubulk" 1654
"C:/Users/kimkiyong/Documents/GitHub/ProjectBBK/Content/ParagonGreystone/Characters/Heroes/Greystone/Skins/Tough/Textures/T_Greystone_ToughlookArmMask4.uasset" 1655
"C:/Users/kimkiyong/Documents/GitHub/ProjectBBK/Content/ParagonGreystone/Characters/Heroes/Greystone/Skins/Tough/Textures/T_Greystone_ToughlookArmMask4.uexp" 1656
"C:/Users/kimkiyong/Documents/GitHub/ProjectBBK/Content/ParagonGreystone/Characters/Heroes/Greystone/Skins/Tough/Textures/T_Greystone_ToughlookArmMask3.ubulk" 1657
"C:/Users/kimkiyong/Documents/GitHub/ProjectBBK/Content/ParagonGreystone/Characters/Heroes/Greystone/Skins/Tough/Textures/T_Greystone_ToughlookArmMask3.uasset" 1658
"C:/Users/kimkiyong/Documents/GitHub/ProjectBBK/Content/ParagonGreystone/Characters/Heroes/Greystone/Skins/Tough/Textures/T_Greystone_ToughlookArmMask3.uexp" 1659
"C:/Users/kimkiyong/Documents/GitHub/ProjectBBK/Content/ParagonGreystone/Characters/Heroes/Greystone/Skins/Tough/Textures/T_Greystone_ToughlookArmMask2.ubulk" 1660
"C:/Users/kimkiyong/Documents/GitHub/ProjectBBK/Content/ParagonGreystone/Characters/Heroes/Greystone/Skins/Tough/Textures/T_Greystone_ToughlookArmMask2.uasset" 1661
"C:/Users/kimkiyong/Documents/GitHub/ProjectBBK/Content/ParagonGreystone/Characters/Heroes/Greystone/Skins/Tough/Textures/T_Greystone_ToughlookArmMask2.uexp" 1662
"C:/Users/kimkiyong/Documents/GitHub/ProjectBBK/Content/ParagonGreystone/Characters/Heroes/Greystone/Skins/Tough/Textures/T_Greystone_ToughlookArmMask1.ubulk" 1663
"C:/Users/kimkiyong/Documents/GitHub/ProjectBBK/Content/ParagonGreystone/Characters/Heroes/Greystone/Skins/Tough/Textures/T_Greystone_ToughlookArmMask1.uasset" 1664
"C:/Users/kimkiyong/Documents/GitHub/ProjectBBK/Content/ParagonGreystone/Characters/Heroes/Greystone/Skins/Tough/Textures/T_Greystone_ToughlookArmMask1.uexp" 1665
"C:/Users/kimkiyong/Documents/GitHub/ProjectBBK/Content/ParagonGreystone/Characters/Heroes/Greystone/Skins/Tough/Textures/T_Greystone_ToughlookArmMask.ubulk" 1666
"C:/Users/kimkiyong/Documents/GitHub/ProjectBBK/Content/ParagonGreystone/Characters/Heroes/Greystone/Skins/Tough/Textures/T_Greystone_ToughlookArmMask.uasset" 1667
"C:/Users/kimkiyong/Documents/GitHub/ProjectBBK/Content/ParagonGreystone/Characters/Heroes/Greystone/Skins/Tough/Textures/T_Greystone_ToughlookArmMask.uexp" 1668
"C:/Users/kimkiyong/Documents/GitHub/ProjectBBK/Content/ParagonGreystone/Characters/Heroes/Greystone/Skins/Tough/Textures/T_Greystone_ToughArmsOcclusionlDemo.ubulk" 1669
"C:/Users/kimkiyong/Documents/GitHub/ProjectBBK/Content/ParagonGreystone/Characters/Heroes/Greystone/Skins/Tough/Textures/T_Greystone_ToughArmsOcclusionlDemo.uasset" 1670
"C:/Users/kimkiyong/Documents/GitHub/ProjectBBK/Content/ParagonGreystone/Characters/Heroes/Greystone/Skins/Tough/Textures/T_Greystone_ToughArmsOcclusionlDemo.uexp" 1671
"C:/Users/kimkiyong/Documents/GitHub/ProjectBBK/Content/ParagonGreystone/Characters/Heroes/Greystone/Skins/Tough/Textures/T_Greystone_ToughArmsNormalDemo.ubulk" 1672
"C:/Users/kimkiyong/Documents/GitHub/ProjectBBK/Content/ParagonGreystone/Characters/Heroes/Greystone/Skins/Tough/Textures/T_Greystone_ToughArmsNormalDemo.uasset" 1673
"C:/Users/kimkiyong/Documents/GitHub/ProjectBBK/Content/ParagonGreystone/Characters/Heroes/Greystone/Skins/Tough/Textures/T_Greystone_ToughArmsNormalDemo.uexp" 1674
"C:/Users/kimkiyong/Documents/GitHub/ProjectBBK/Content/ParagonGreystone/Characters/Heroes/Greystone/Skins/Tough/Materials/M_Greystone_ToughArms.uasset" 1675
"C:/Users/kimkiyong/Documents/GitHub/ProjectBBK/Content/ParagonGreystone/Characters/Heroes/Greystone/Skins/Tough/Materials/M_Greystone_ToughArms.uexp" 1676
"../../../Engine/Content/Functions/MaterialLayerFunctions/MatLayerBlend_ModulateRoughness.uasset" 1677
"../../../Engine/Content/Functions/MaterialLayerFunctions/MatLayerBlend_ModulateRoughness.uexp" 1678
"C:/Users/kimkiyong/Documents/GitHub/ProjectBBK/Content/ParagonGreystone/Characters/Global/MaterialLayers/Metal/T_RoughMetal01_N.ubulk" 1679
"C:/Users/kimkiyong/Documents/GitHub/ProjectBBK/Content/ParagonGreystone/Characters/Global/MaterialLayers/Metal/T_RoughMetal01_N.uasset" 1680
"C:/Users/kimkiyong/Documents/GitHub/ProjectBBK/Content/ParagonGreystone/Characters/Global/MaterialLayers/Metal/T_RoughMetal01_N.uexp" 1681
"C:/Users/kimkiyong/Documents/GitHub/ProjectBBK/Content/ParagonGreystone/Characters/Global/MaterialLayers/Metal/T_RoughMetal01.ubulk" 1682
"C:/Users/kimkiyong/Documents/GitHub/ProjectBBK/Content/ParagonGreystone/Characters/Global/MaterialLayers/Metal/T_RoughMetal01.uasset" 1683
"C:/Users/kimkiyong/Documents/GitHub/ProjectBBK/Content/ParagonGreystone/Characters/Global/MaterialLayers/Metal/T_RoughMetal01.uexp" 1684
"C:/Users/kimkiyong/Documents/GitHub/ProjectBBK/Content/ParagonGreystone/Characters/Global/MaterialLayers/Metal/T_ML_Aluminum01_N.ubulk" 1685
"C:/Users/kimkiyong/Documents/GitHub/ProjectBBK/Content/ParagonGreystone/Characters/Global/MaterialLayers/Metal/T_ML_Aluminum01_N.uasset" 1686
"C:/Users/kimkiyong/Documents/GitHub/ProjectBBK/Content/ParagonGreystone/Characters/Global/MaterialLayers/Metal/T_ML_Aluminum01_N.uexp" 1687
"C:/Users/kimkiyong/Documents/GitHub/ProjectBBK/Content/ParagonGreystone/Characters/Global/MaterialLayers/Metal/T_ML_Aluminum01.ubulk" 1688
"C:/Users/kimkiyong/Documents/GitHub/ProjectBBK/Content/ParagonGreystone/Characters/Global/MaterialLayers/Metal/T_ML_Aluminum01.uasset" 1689
"C:/Users/kimkiyong/Documents/GitHub/ProjectBBK/Content/ParagonGreystone/Characters/Global/MaterialLayers/Metal/T_ML_Aluminum01.uexp" 1690
"C:/Users/kimkiyong/Documents/GitHub/ProjectBBK/Content/ParagonGreystone/Characters/Global/MaterialLayers/Metal/ML_SoftMetal01.uasset" 1691
"C:/Users/kimkiyong/Documents/GitHub/ProjectBBK/Content/ParagonGreystone/Characters/Global/MaterialLayers/Metal/ML_SoftMetal01.uexp" 1692
"C:/Users/kimkiyong/Documents/GitHub/ProjectBBK/Content/ParagonGreystone/Characters/Global/MaterialFunctions/MaterialLayerConstructors/MLC_SolidValues.uasset" 1693
"C:/Users/kimkiyong/Documents/GitHub/ProjectBBK/Content/ParagonGreystone/Characters/Global/MaterialFunctions/MaterialLayerConstructors/MLC_SolidValues.uexp" 1694
"C:/Users/kimkiyong/Documents/GitHub/ProjectBBK/Content/ParagonGreystone/Characters/Global/MaterialLayers/Metal/ML_LowContrastHardMetal.uasset" 1695
"C:/Users/kimkiyong/Documents/GitHub/ProjectBBK/Content/ParagonGreystone/Characters/Global/MaterialLayers/Metal/ML_LowContrastHardMetal.uexp" 1696
"C:/Users/kimkiyong/Documents/GitHub/ProjectBBK/Content/ParagonGreystone/Characters/Heroes/Greystone/Skins/Tough/Textures/T_Greystone_ToughlookLegMask3.ubulk" 1697
"C:/Users/kimkiyong/Documents/GitHub/ProjectBBK/Content/ParagonGreystone/Characters/Heroes/Greystone/Skins/Tough/Textures/T_Greystone_ToughlookLegMask3.uasset" 1698
"C:/Users/kimkiyong/Documents/GitHub/ProjectBBK/Content/ParagonGreystone/Characters/Heroes/Greystone/Skins/Tough/Textures/T_Greystone_ToughlookLegMask3.uexp" 1699
"C:/Users/kimkiyong/Documents/GitHub/ProjectBBK/Content/ParagonGreystone/Characters/Heroes/Greystone/Skins/Tough/Textures/T_Greystone_ToughlookLegMask2.ubulk" 1700
"C:/Users/kimkiyong/Documents/GitHub/ProjectBBK/Content/ParagonGreystone/Characters/Heroes/Greystone/Skins/Tough/Textures/T_Greystone_ToughlookLegMask2.uasset" 1701
"C:/Users/kimkiyong/Documents/GitHub/ProjectBBK/Content/ParagonGreystone/Characters/Heroes/Greystone/Skins/Tough/Textures/T_Greystone_ToughlookLegMask2.uexp" 1702
"C:/Users/kimkiyong/Documents/GitHub/ProjectBBK/Content/ParagonGreystone/Characters/Heroes/Greystone/Skins/Tough/Textures/T_Greystone_ToughlookLegMask1.ubulk" 1703
"C:/Users/kimkiyong/Documents/GitHub/ProjectBBK/Content/ParagonGreystone/Characters/Heroes/Greystone/Skins/Tough/Textures/T_Greystone_ToughlookLegMask1.uasset" 1704
"C:/Users/kimkiyong/Documents/GitHub/ProjectBBK/Content/ParagonGreystone/Characters/Heroes/Greystone/Skins/Tough/Textures/T_Greystone_ToughlookLegMask1.uexp" 1705
"C:/Users/kimkiyong/Documents/GitHub/ProjectBBK/Content/ParagonGreystone/Characters/Heroes/Greystone/Skins/Tough/Textures/T_Greystone_ToughlookLegMask.ubulk" 1706
"C:/Users/kimkiyong/Documents/GitHub/ProjectBBK/Content/ParagonGreystone/Characters/Heroes/Greystone/Skins/Tough/Textures/T_Greystone_ToughlookLegMask.uasset" 1707
"C:/Users/kimkiyong/Documents/GitHub/ProjectBBK/Content/ParagonGreystone/Characters/Heroes/Greystone/Skins/Tough/Textures/T_Greystone_ToughlookLegMask.uexp" 1708
"C:/Users/kimkiyong/Documents/GitHub/ProjectBBK/Content/ParagonGreystone/Characters/Heroes/Greystone/Skins/Tough/Textures/T_Greystone_ToughLegsOcclusionDemo.ubulk" 1709
"C:/Users/kimkiyong/Documents/GitHub/ProjectBBK/Content/ParagonGreystone/Characters/Heroes/Greystone/Skins/Tough/Textures/T_Greystone_ToughLegsOcclusionDemo.uasset" 1710
"C:/Users/kimkiyong/Documents/GitHub/ProjectBBK/Content/ParagonGreystone/Characters/Heroes/Greystone/Skins/Tough/Textures/T_Greystone_ToughLegsOcclusionDemo.uexp" 1711
"C:/Users/kimkiyong/Documents/GitHub/ProjectBBK/Content/ParagonGreystone/Characters/Heroes/Greystone/Skins/Tough/Textures/T_Greystone_ToughLegsNormalDemo.ubulk" 1712
"C:/Users/kimkiyong/Documents/GitHub/ProjectBBK/Content/ParagonGreystone/Characters/Heroes/Greystone/Skins/Tough/Textures/T_Greystone_ToughLegsNormalDemo.uasset" 1713
"C:/Users/kimkiyong/Documents/GitHub/ProjectBBK/Content/ParagonGreystone/Characters/Heroes/Greystone/Skins/Tough/Textures/T_Greystone_ToughLegsNormalDemo.uexp" 1714
"C:/Users/kimkiyong/Documents/GitHub/ProjectBBK/Content/ParagonGreystone/Characters/Heroes/Greystone/Skins/Tough/Materials/M_Greystone_ToughLegs.uasset" 1715
"C:/Users/kimkiyong/Documents/GitHub/ProjectBBK/Content/ParagonGreystone/Characters/Heroes/Greystone/Skins/Tough/Materials/M_Greystone_ToughLegs.uexp" 1716
"../../../Engine/Content/Functions/Engine_MaterialFunctions03/Blends/Blend_Screen.uasset" 1717
"../../../Engine/Content/Functions/Engine_MaterialFunctions03/Blends/Blend_Screen.uexp" 1718
"C:/Users/kimkiyong/Documents/GitHub/ProjectBBK/Content/ParagonGreystone/Characters/Global/MaterialFunctions/MF_Fuzz_Layer.uasset" 1719
"C:/Users/kimkiyong/Documents/GitHub/ProjectBBK/Content/ParagonGreystone/Characters/Global/MaterialFunctions/MF_Fuzz_Layer.uexp" 1720
"C:/Users/kimkiyong/Documents/GitHub/ProjectBBK/Content/ParagonGreystone/Characters/Global/MaterialLayers/Rock/T_RockTextureTile_000_D.ubulk" 1721
"C:/Users/kimkiyong/Documents/GitHub/ProjectBBK/Content/ParagonGreystone/Characters/Global/MaterialLayers/Rock/T_RockTextureTile_000_D.uasset" 1722
"C:/Users/kimkiyong/Documents/GitHub/ProjectBBK/Content/ParagonGreystone/Characters/Global/MaterialLayers/Rock/T_RockTextureTile_000_D.uexp" 1723
"C:/Users/kimkiyong/Documents/GitHub/ProjectBBK/Content/ParagonGreystone/Characters/Global/MaterialLayers/Rock/T_MarbleVein_D.ubulk" 1724
"C:/Users/kimkiyong/Documents/GitHub/ProjectBBK/Content/ParagonGreystone/Characters/Global/MaterialLayers/Rock/T_MarbleVein_D.uasset" 1725
"C:/Users/kimkiyong/Documents/GitHub/ProjectBBK/Content/ParagonGreystone/Characters/Global/MaterialLayers/Rock/T_MarbleVein_D.uexp" 1726
"C:/Users/kimkiyong/Documents/GitHub/ProjectBBK/Content/ParagonGreystone/Characters/Global/MaterialLayers/Rock/T_Greystone_UV1_ScratchNormal.ubulk" 1727
"C:/Users/kimkiyong/Documents/GitHub/ProjectBBK/Content/ParagonGreystone/Characters/Global/MaterialLayers/Rock/T_Greystone_UV1_ScratchNormal.uasset" 1728
"C:/Users/kimkiyong/Documents/GitHub/ProjectBBK/Content/ParagonGreystone/Characters/Global/MaterialLayers/Rock/T_Greystone_UV1_ScratchNormal.uexp" 1729
"C:/Users/kimkiyong/Documents/GitHub/ProjectBBK/Content/ParagonGreystone/Characters/Global/MaterialLayers/Rock/T_Greystone_Belt_Chainmall_Hammer_RGB.ubulk" 1730
"C:/Users/kimkiyong/Documents/GitHub/ProjectBBK/Content/ParagonGreystone/Characters/Global/MaterialLayers/Rock/T_Greystone_Belt_Chainmall_Hammer_RGB.uasset" 1731
"C:/Users/kimkiyong/Documents/GitHub/ProjectBBK/Content/ParagonGreystone/Characters/Global/MaterialLayers/Rock/T_Greystone_Belt_Chainmall_Hammer_RGB.uexp" 1732
"C:/Users/kimkiyong/Documents/GitHub/ProjectBBK/Content/ParagonGreystone/Characters/Global/MaterialLayers/Painted/T_PaintScratches.ubulk" 1733
"C:/Users/kimkiyong/Documents/GitHub/ProjectBBK/Content/ParagonGreystone/Characters/Global/MaterialLayers/Painted/T_PaintScratches.uasset" 1734
"C:/Users/kimkiyong/Documents/GitHub/ProjectBBK/Content/ParagonGreystone/Characters/Global/MaterialLayers/Painted/T_PaintScratches.uexp" 1735
"C:/Users/kimkiyong/Documents/GitHub/ProjectBBK/Content/ParagonGreystone/Characters/Global/MaterialLayers/Metal/T_Metal_Scratched.ubulk" 1736
"C:/Users/kimkiyong/Documents/GitHub/ProjectBBK/Content/ParagonGreystone/Characters/Global/MaterialLayers/Metal/T_Metal_Scratched.uasset" 1737
"C:/Users/kimkiyong/Documents/GitHub/ProjectBBK/Content/ParagonGreystone/Characters/Global/MaterialLayers/Metal/T_Metal_Scratched.uexp" 1738
"C:/Users/kimkiyong/Documents/GitHub/ProjectBBK/Content/ParagonGreystone/Characters/Global/MaterialLayers/Rock/MF_Amber.uasset" 1739
"C:/Users/kimkiyong/Documents/GitHub/ProjectBBK/Content/ParagonGreystone/Characters/Global/MaterialLayers/Rock/MF_Amber.uexp" 1740
"C:/Users/kimkiyong/Documents/GitHub/ProjectBBK/Content/ParagonGreystone/Characters/Global/MaterialLayers/Metal/ML_BladeMetal.uasset" 1741
"C:/Users/kimkiyong/Documents/GitHub/ProjectBBK/Content/ParagonGreystone/Characters/Global/MaterialLayers/Metal/ML_BladeMetal.uexp" 1742
"C:/Users/kimkiyong/Documents/GitHub/ProjectBBK/Content/ParagonGreystone/Characters/Heroes/Greystone/Skins/Tough/Textures/T_Greystone_ToughSwordOcclusionDemo.ubulk" 1743
"C:/Users/kimkiyong/Documents/GitHub/ProjectBBK/Content/ParagonGreystone/Characters/Heroes/Greystone/Skins/Tough/Textures/T_Greystone_ToughSwordOcclusionDemo.uasset" 1744
"C:/Users/kimkiyong/Documents/GitHub/ProjectBBK/Content/ParagonGreystone/Characters/Heroes/Greystone/Skins/Tough/Textures/T_Greystone_ToughSwordOcclusionDemo.uexp" 1745
"C:/Users/kimkiyong/Documents/GitHub/ProjectBBK/Content/ParagonGreystone/Characters/Heroes/Greystone/Skins/Tough/Textures/T_Greystone_ToughSwordNormalDemo.ubulk" 1746
"C:/Users/kimkiyong/Documents/GitHub/ProjectBBK/Content/ParagonGreystone/Characters/Heroes/Greystone/Skins/Tough/Textures/T_Greystone_ToughSwordNormalDemo.uasset" 1747
"C:/Users/kimkiyong/Documents/GitHub/ProjectBBK/Content/ParagonGreystone/Characters/Heroes/Greystone/Skins/Tough/Textures/T_Greystone_ToughSwordNormalDemo.uexp" 1748
"C:/Users/kimkiyong/Documents/GitHub/ProjectBBK/Content/ParagonGreystone/Characters/Heroes/Greystone/Skins/Tough/Textures/T_Greystone_ToughlookWeaponMask4.ubulk" 1749
"C:/Users/kimkiyong/Documents/GitHub/ProjectBBK/Content/ParagonGreystone/Characters/Heroes/Greystone/Skins/Tough/Textures/T_Greystone_ToughlookWeaponMask4.uasset" 1750
"C:/Users/kimkiyong/Documents/GitHub/ProjectBBK/Content/ParagonGreystone/Characters/Heroes/Greystone/Skins/Tough/Textures/T_Greystone_ToughlookWeaponMask4.uexp" 1751
"C:/Users/kimkiyong/Documents/GitHub/ProjectBBK/Content/ParagonGreystone/Characters/Heroes/Greystone/Skins/Tough/Textures/T_Greystone_ToughlookWeaponMask3.ubulk" 1752
"C:/Users/kimkiyong/Documents/GitHub/ProjectBBK/Content/ParagonGreystone/Characters/Heroes/Greystone/Skins/Tough/Textures/T_Greystone_ToughlookWeaponMask3.uasset" 1753
"C:/Users/kimkiyong/Documents/GitHub/ProjectBBK/Content/ParagonGreystone/Characters/Heroes/Greystone/Skins/Tough/Textures/T_Greystone_ToughlookWeaponMask3.uexp" 1754
"C:/Users/kimkiyong/Documents/GitHub/ProjectBBK/Content/ParagonGreystone/Characters/Heroes/Greystone/Skins/Tough/Textures/T_Greystone_ToughlookWeaponMask2.ubulk" 1755
"C:/Users/kimkiyong/Documents/GitHub/ProjectBBK/Content/ParagonGreystone/Characters/Heroes/Greystone/Skins/Tough/Textures/T_Greystone_ToughlookWeaponMask2.uasset" 1756
"C:/Users/kimkiyong/Documents/GitHub/ProjectBBK/Content/ParagonGreystone/Characters/Heroes/Greystone/Skins/Tough/Textures/T_Greystone_ToughlookWeaponMask2.uexp" 1757
"C:/Users/kimkiyong/Documents/GitHub/ProjectBBK/Content/ParagonGreystone/Characters/Heroes/Greystone/Skins/Tough/Textures/T_Greystone_ToughlookWeaponMask1.ubulk" 1758
"C:/Users/kimkiyong/Documents/GitHub/ProjectBBK/Content/ParagonGreystone/Characters/Heroes/Greystone/Skins/Tough/Textures/T_Greystone_ToughlookWeaponMask1.uasset" 1759
"C:/Users/kimkiyong/Documents/GitHub/ProjectBBK/Content/ParagonGreystone/Characters/Heroes/Greystone/Skins/Tough/Textures/T_Greystone_ToughlookWeaponMask1.uexp" 1760
"C:/Users/kimkiyong/Documents/GitHub/ProjectBBK/Content/ParagonGreystone/Characters/Heroes/Greystone/Skins/Tough/Textures/T_Greystone_ToughlookWeaponMask.ubulk" 1761
"C:/Users/kimkiyong/Documents/GitHub/ProjectBBK/Content/ParagonGreystone/Characters/Heroes/Greystone/Skins/Tough/Textures/T_Greystone_ToughlookWeaponMask.uasset" 1762
"C:/Users/kimkiyong/Documents/GitHub/ProjectBBK/Content/ParagonGreystone/Characters/Heroes/Greystone/Skins/Tough/Textures/T_Greystone_ToughlookWeaponMask.uexp" 1763
"C:/Users/kimkiyong/Documents/GitHub/ProjectBBK/Content/ParagonGreystone/Characters/Heroes/Greystone/Skins/Tough/Materials/M_Greystone_ToughSword.uasset" 1764
"C:/Users/kimkiyong/Documents/GitHub/ProjectBBK/Content/ParagonGreystone/Characters/Heroes/Greystone/Skins/Tough/Materials/M_Greystone_ToughSword.uexp" 1765
"C:/Users/kimkiyong/Documents/GitHub/ProjectBBK/Content/ParagonGreystone/Characters/Global/MaterialLayers/Skin/T_TilingBone.ubulk" 1766
"C:/Users/kimkiyong/Documents/GitHub/ProjectBBK/Content/ParagonGreystone/Characters/Global/MaterialLayers/Skin/T_TilingBone.uasset" 1767
"C:/Users/kimkiyong/Documents/GitHub/ProjectBBK/Content/ParagonGreystone/Characters/Global/MaterialLayers/Skin/T_TilingBone.uexp" 1768
"C:/Users/kimkiyong/Documents/GitHub/ProjectBBK/Content/ParagonGreystone/Characters/Global/MaterialLayers/Metal/T_Metal_Patina_N.ubulk" 1769
"C:/Users/kimkiyong/Documents/GitHub/ProjectBBK/Content/ParagonGreystone/Characters/Global/MaterialLayers/Metal/T_Metal_Patina_N.uasset" 1770
"C:/Users/kimkiyong/Documents/GitHub/ProjectBBK/Content/ParagonGreystone/Characters/Global/MaterialLayers/Metal/T_Metal_Patina_N.uexp" 1771
"C:/Users/kimkiyong/Documents/GitHub/ProjectBBK/Content/ParagonGreystone/Characters/Global/MaterialLayers/Skin/ML_LowContrastBone.uasset" 1772
"C:/Users/kimkiyong/Documents/GitHub/ProjectBBK/Content/ParagonGreystone/Characters/Global/MaterialLayers/Skin/ML_LowContrastBone.uexp" 1773
"C:/Users/kimkiyong/Documents/GitHub/ProjectBBK/Content/ParagonGreystone/Characters/Global/MaterialLayers/Metal/T_Metal_Aged_N.ubulk" 1774
"C:/Users/kimkiyong/Documents/GitHub/ProjectBBK/Content/ParagonGreystone/Characters/Global/MaterialLayers/Metal/T_Metal_Aged_N.uasset" 1775
"C:/Users/kimkiyong/Documents/GitHub/ProjectBBK/Content/ParagonGreystone/Characters/Global/MaterialLayers/Metal/T_Metal_Aged_N.uexp" 1776
"C:/Users/kimkiyong/Documents/GitHub/ProjectBBK/Content/ParagonGreystone/Characters/Global/MaterialLayers/Metal/T_Metal_Aged_D.ubulk" 1777
"C:/Users/kimkiyong/Documents/GitHub/ProjectBBK/Content/ParagonGreystone/Characters/Global/MaterialLayers/Metal/T_Metal_Aged_D.uasset" 1778
"C:/Users/kimkiyong/Documents/GitHub/ProjectBBK/Content/ParagonGreystone/Characters/Global/MaterialLayers/Metal/T_Metal_Aged_D.uexp" 1779
"C:/Users/kimkiyong/Documents/GitHub/ProjectBBK/Content/ParagonGreystone/Characters/Heroes/Greystone/Skins/Tough/Textures/T_Greystone_ToughTorsoOcclusionDemo.ubulk" 1780
"C:/Users/kimkiyong/Documents/GitHub/ProjectBBK/Content/ParagonGreystone/Characters/Heroes/Greystone/Skins/Tough/Textures/T_Greystone_ToughTorsoOcclusionDemo.uasset" 1781
"C:/Users/kimkiyong/Documents/GitHub/ProjectBBK/Content/ParagonGreystone/Characters/Heroes/Greystone/Skins/Tough/Textures/T_Greystone_ToughTorsoOcclusionDemo.uexp" 1782
"C:/Users/kimkiyong/Documents/GitHub/ProjectBBK/Content/ParagonGreystone/Characters/Heroes/Greystone/Skins/Tough/Textures/T_Greystone_ToughlookTorsoMask.ubulk" 1783
"C:/Users/kimkiyong/Documents/GitHub/ProjectBBK/Content/ParagonGreystone/Characters/Heroes/Greystone/Skins/Tough/Textures/T_Greystone_ToughlookTorsoMask.uasset" 1784
"C:/Users/kimkiyong/Documents/GitHub/ProjectBBK/Content/ParagonGreystone/Characters/Heroes/Greystone/Skins/Tough/Textures/T_Greystone_ToughlookTorsoMask.uexp" 1785
"C:/Users/kimkiyong/Documents/GitHub/ProjectBBK/Content/ParagonGreystone/Characters/Heroes/Greystone/Skins/Tough/Textures/T_Greystone_ToughlookTorsoIDMask5.ubulk" 1786
"C:/Users/kimkiyong/Documents/GitHub/ProjectBBK/Content/ParagonGreystone/Characters/Heroes/Greystone/Skins/Tough/Textures/T_Greystone_ToughlookTorsoIDMask5.uasset" 1787
"C:/Users/kimkiyong/Documents/GitHub/ProjectBBK/Content/ParagonGreystone/Characters/Heroes/Greystone/Skins/Tough/Textures/T_Greystone_ToughlookTorsoIDMask5.uexp" 1788
"C:/Users/kimkiyong/Documents/GitHub/ProjectBBK/Content/ParagonGreystone/Characters/Heroes/Greystone/Skins/Tough/Textures/T_Greystone_ToughlookTorsoIDMask3.ubulk" 1789
"C:/Users/kimkiyong/Documents/GitHub/ProjectBBK/Content/ParagonGreystone/Characters/Heroes/Greystone/Skins/Tough/Textures/T_Greystone_ToughlookTorsoIDMask3.uasset" 1790
"C:/Users/kimkiyong/Documents/GitHub/ProjectBBK/Content/ParagonGreystone/Characters/Heroes/Greystone/Skins/Tough/Textures/T_Greystone_ToughlookTorsoIDMask3.uexp" 1791
"C:/Users/kimkiyong/Documents/GitHub/ProjectBBK/Content/ParagonGreystone/Characters/Heroes/Greystone/Skins/Tough/Textures/T_Greystone_ToughlookTorsoIDMask2.ubulk" 1792
"C:/Users/kimkiyong/Documents/GitHub/ProjectBBK/Content/ParagonGreystone/Characters/Heroes/Greystone/Skins/Tough/Textures/T_Greystone_ToughlookTorsoIDMask2.uasset" 1793
"C:/Users/kimkiyong/Documents/GitHub/ProjectBBK/Content/ParagonGreystone/Characters/Heroes/Greystone/Skins/Tough/Textures/T_Greystone_ToughlookTorsoIDMask2.uexp" 1794
"C:/Users/kimkiyong/Documents/GitHub/ProjectBBK/Content/ParagonGreystone/Characters/Heroes/Greystone/Skins/Tough/Textures/T_Greystone_ToughlookTorsoIDMask.ubulk" 1795
"C:/Users/kimkiyong/Documents/GitHub/ProjectBBK/Content/ParagonGreystone/Characters/Heroes/Greystone/Skins/Tough/Textures/T_Greystone_ToughlookTorsoIDMask.uasset" 1796
"C:/Users/kimkiyong/Documents/GitHub/ProjectBBK/Content/ParagonGreystone/Characters/Heroes/Greystone/Skins/Tough/Textures/T_Greystone_ToughlookTorsoIDMask.uexp" 1797
"C:/Users/kimkiyong/Documents/GitHub/ProjectBBK/Content/ParagonGreystone/Characters/Heroes/Greystone/Skins/Tough/Textures/T_Greystone_ToughlookTorsoIDMask4.ubulk" 1798
"C:/Users/kimkiyong/Documents/GitHub/ProjectBBK/Content/ParagonGreystone/Characters/Heroes/Greystone/Skins/Tough/Textures/T_Greystone_ToughlookTorsoIDMask4.uasset" 1799
"C:/Users/kimkiyong/Documents/GitHub/ProjectBBK/Content/ParagonGreystone/Characters/Heroes/Greystone/Skins/Tough/Textures/T_Greystone_ToughlookTorsoIDMask4.uexp" 1800
"C:/Users/kimkiyong/Documents/GitHub/ProjectBBK/Content/ParagonGreystone/Characters/Heroes/Greystone/Skins/Tough/Materials/MF_Greystone_Tough_effect.uasset" 1801
"C:/Users/kimkiyong/Documents/GitHub/ProjectBBK/Content/ParagonGreystone/Characters/Heroes/Greystone/Skins/Tough/Materials/MF_Greystone_Tough_effect.uexp" 1802
"C:/Users/kimkiyong/Documents/GitHub/ProjectBBK/Content/ParagonGreystone/Characters/Heroes/Greystone/Skins/Tough/Materials/M_Greystone_ToughTorso.uasset" 1803
"C:/Users/kimkiyong/Documents/GitHub/ProjectBBK/Content/ParagonGreystone/Characters/Heroes/Greystone/Skins/Tough/Materials/M_Greystone_ToughTorso.uexp" 1804
"C:/Users/kimkiyong/Documents/GitHub/ProjectBBK/Content/ParagonGreystone/Characters/Heroes/Greystone/Skins/Tough/Meshes/Greystone_Tough.uasset" 1805
"C:/Users/kimkiyong/Documents/GitHub/ProjectBBK/Content/ParagonGreystone/Characters/Heroes/Greystone/Skins/Tough/Meshes/Greystone_Tough.uexp" 1806
"../../../Engine/Content/VREditor/Sounds/UI/Drop_Item_From_ContentBrowser.ubulk" 1807
"../../../Engine/Content/VREditor/Sounds/UI/Drop_Item_From_ContentBrowser.uasset" 1808
"../../../Engine/Content/VREditor/Sounds/UI/Drop_Item_From_ContentBrowser.uexp" 1809
"../../../Engine/Content/VREditor/TransformGizmo/TransformGizmoMaterial_Inst.uasset" 1810
"../../../Engine/Content/VREditor/TransformGizmo/TransformGizmoMaterial_Inst.uexp" 1811
"../../../Engine/Content/VREditor/TransformGizmo/TranslucentTransformGizmoMaterial_Inst.uasset" 1812
"../../../Engine/Content/VREditor/TransformGizmo/TranslucentTransformGizmoMaterial_Inst.uexp" 1813
"../../../Engine/Content/Functions/Engine_MaterialFunctions02/SplitComponents.uasset" 1814
"../../../Engine/Content/Functions/Engine_MaterialFunctions02/SplitComponents.uexp" 1815
"../../../Engine/Content/VREditor/SnapGrid/SnapGridMaterial.uasset" 1816
"../../../Engine/Content/VREditor/SnapGrid/SnapGridMaterial.uexp" 1817
"../../../Engine/Content/VREditor/SnapGrid/SnapGridPlaneMesh.ubulk" 1818
"../../../Engine/Content/VREditor/SnapGrid/SnapGridPlaneMesh.uasset" 1819
"../../../Engine/Content/VREditor/SnapGrid/SnapGridPlaneMesh.uexp" 1820
"../../../Engine/Content/VREditor/Sounds/UI/Gizmo_Handle_Clicked.ubulk" 1821
"../../../Engine/Content/VREditor/Sounds/UI/Gizmo_Handle_Clicked.uasset" 1822
"../../../Engine/Content/VREditor/Sounds/UI/Gizmo_Handle_Clicked.uexp" 1823
"../../../Engine/Content/VREditor/Sounds/UI/Object_PickUp.ubulk" 1824
"../../../Engine/Content/VREditor/Sounds/UI/Object_PickUp.uasset" 1825
"../../../Engine/Content/VREditor/Sounds/UI/Object_PickUp.uexp" 1826
"../../../Engine/Content/VREditor/Sounds/UI/Object_Snaps_To_Another_Actor.ubulk" 1827
"../../../Engine/Content/VREditor/Sounds/UI/Object_Snaps_To_Another_Actor.uasset" 1828
"../../../Engine/Content/VREditor/Sounds/UI/Object_Snaps_To_Another_Actor.uexp" 1829
"../../../Engine/Content/VREditor/Sounds/UI/Object_Snaps_To_Grid.ubulk" 1830
"../../../Engine/Content/VREditor/Sounds/UI/Object_Snaps_To_Grid.uasset" 1831
"../../../Engine/Content/VREditor/Sounds/UI/Object_Snaps_To_Grid.uexp" 1832
"../../../Engine/Content/VREditor/Sounds/UI/Scaling_Down.ubulk" 1833
"../../../Engine/Content/VREditor/Sounds/UI/Scaling_Down.uasset" 1834
"../../../Engine/Content/VREditor/Sounds/UI/Scaling_Down.uexp" 1835
"../../../Engine/Content/VREditor/Sounds/UI/Scaling_Up.ubulk" 1836
"../../../Engine/Content/VREditor/Sounds/UI/Scaling_Up.uasset" 1837
"../../../Engine/Content/VREditor/Sounds/UI/Scaling_Up.uexp" 1838
"../../../Engine/Content/VREditor/Sounds/UI/Selection_Changes.ubulk" 1839
"../../../Engine/Content/VREditor/Sounds/UI/Selection_Changes.uasset" 1840
"../../../Engine/Content/VREditor/Sounds/UI/Selection_Changes.uexp" 1841
"../../../Engine/Content/VREditor/TransformGizmo/PlaneTranslationHandle.ubulk" 1842
"../../../Engine/Content/VREditor/TransformGizmo/PlaneTranslationHandle.uasset" 1843
"../../../Engine/Content/VREditor/TransformGizmo/PlaneTranslationHandle.uexp" 1844
"../../../Engine/Content/VREditor/TransformGizmo/RotationHandleFull.ubulk" 1845
"../../../Engine/Content/VREditor/TransformGizmo/RotationHandleFull.uasset" 1846
"../../../Engine/Content/VREditor/TransformGizmo/RotationHandleFull.uexp" 1847
"../../../Engine/Content/VREditor/TransformGizmo/RotationHandleIndicator.ubulk" 1848
"../../../Engine/Content/VREditor/TransformGizmo/RotationHandleIndicator.uasset" 1849
"../../../Engine/Content/VREditor/TransformGizmo/RotationHandleIndicator.uexp" 1850
"../../../Engine/Content/VREditor/TransformGizmo/RotationHandleQuarter.ubulk" 1851
"../../../Engine/Content/VREditor/TransformGizmo/RotationHandleQuarter.uasset" 1852
"../../../Engine/Content/VREditor/TransformGizmo/RotationHandleQuarter.uexp" 1853
"../../../Engine/Content/VREditor/TransformGizmo/StartRotationHandleIndicator.ubulk" 1854
"../../../Engine/Content/VREditor/TransformGizmo/StartRotationHandleIndicator.uasset" 1855
"../../../Engine/Content/VREditor/TransformGizmo/StartRotationHandleIndicator.uexp" 1856
"../../../Engine/Content/VREditor/TransformGizmo/TransformGizmoFreeRotation.ubulk" 1857
"../../../Engine/Content/VREditor/TransformGizmo/TransformGizmoFreeRotation.uasset" 1858
"../../../Engine/Content/VREditor/TransformGizmo/TransformGizmoFreeRotation.uexp" 1859
"../../../Engine/Content/VREditor/TransformGizmo/TranslateArrowHandle.ubulk" 1860
"../../../Engine/Content/VREditor/TransformGizmo/TranslateArrowHandle.uasset" 1861
"../../../Engine/Content/VREditor/TransformGizmo/TranslateArrowHandle.uexp" 1862
"../../../Engine/Content/VREditor/TransformGizmo/UniformScaleHandle.ubulk" 1863
"../../../Engine/Content/VREditor/TransformGizmo/UniformScaleHandle.uasset" 1864
"../../../Engine/Content/VREditor/TransformGizmo/UniformScaleHandle.uexp" 1865
"../../../Engine/Content/EngineResources/LandscapeVisibilityLayerInfo.uasset" 1866
"../../../Engine/Content/EngineResources/LandscapeVisibilityLayerInfo.uexp" 1867
"C:/Users/kimkiyong/Documents/GitHub/ProjectBBK/Content/Maps/DA_LevelSequence.uasset" 1868
"C:/Users/kimkiyong/Documents/GitHub/ProjectBBK/Content/Maps/DA_LevelSequence.uexp" 1869
"../../../Engine/Plugins/Animation/DeformerGraph/Content/DeformerFunctions/DG_Function_LinearBlendSkin_Morph_Cloth.uasset" 1870
"../../../Engine/Plugins/Animation/DeformerGraph/Content/DeformerFunctions/DG_Function_LinearBlendSkin_Morph_Cloth.uexp" 1871
"../../../Engine/Plugins/Animation/DeformerGraph/Content/Deformers/DG_LinearBlendSkin_Morph_Cloth.uasset" 1872
"../../../Engine/Plugins/Animation/DeformerGraph/Content/Deformers/DG_LinearBlendSkin_Morph_Cloth.uexp" 1873
"../../../Engine/Plugins/Animation/DeformerGraph/Content/DeformerFunctions/DG_Function_LinearBlendSkin_Morph_Cloth_PositionOnly.uasset" 1874
"../../../Engine/Plugins/Animation/DeformerGraph/Content/DeformerFunctions/DG_Function_LinearBlendSkin_Morph_Cloth_PositionOnly.uexp" 1875
"../../../Engine/Plugins/Animation/DeformerGraph/Content/DeformerFunctions/DG_Function_ComputeNormalsTangents.uasset" 1876
"../../../Engine/Plugins/Animation/DeformerGraph/Content/DeformerFunctions/DG_Function_ComputeNormalsTangents.uexp" 1877
"../../../Engine/Plugins/Animation/DeformerGraph/Content/Deformers/DG_LinearBlendSkin_Morph_Cloth_RecomputeNormals.uasset" 1878
"../../../Engine/Plugins/Animation/DeformerGraph/Content/Deformers/DG_LinearBlendSkin_Morph_Cloth_RecomputeNormals.uexp" 1879
"../../../Engine/Plugins/NNE/NNEDenoiser/Content/NNEDT_Oidn2-3_Balanced.uasset" 1880
"../../../Engine/Plugins/NNE/NNEDenoiser/Content/NNEDT_Oidn2-3_Balanced.uexp" 1881
"../../../Engine/Plugins/NNE/NNEDenoiser/Content/NNEDT_Oidn2-3_Balanced_Alpha.uasset" 1882
"../../../Engine/Plugins/NNE/NNEDenoiser/Content/NNEDT_Oidn2-3_Balanced_Alpha.uexp" 1883
"../../../Engine/Plugins/NNE/NNEDenoiser/Content/NNED_Oidn2-3_Balanced.uasset" 1884
"../../../Engine/Plugins/NNE/NNEDenoiser/Content/NNED_Oidn2-3_Balanced.uexp" 1885
"../../../Engine/Plugins/NNE/NNEDenoiser/Content/NNED_Oidn2-3_Balanced_Alpha.uasset" 1886
"../../../Engine/Plugins/NNE/NNEDenoiser/Content/NNED_Oidn2-3_Balanced_Alpha.uexp" 1887
"../../../Engine/Plugins/NNE/NNEDenoiser/Content/NNED_Oidn2-3_Fast.uasset" 1888
"../../../Engine/Plugins/NNE/NNEDenoiser/Content/NNED_Oidn2-3_Fast.uexp" 1889
"../../../Engine/Plugins/NNE/NNEDenoiser/Content/NNED_Oidn2-3_Fast_Alpha.uasset" 1890
"../../../Engine/Plugins/NNE/NNEDenoiser/Content/NNED_Oidn2-3_Fast_Alpha.uexp" 1891
"../../../Engine/Plugins/NNE/NNEDenoiser/Content/NNED_Oidn2-3_HighQuality.uasset" 1892
"../../../Engine/Plugins/NNE/NNEDenoiser/Content/NNED_Oidn2-3_HighQuality.uexp" 1893
"../../../Engine/Plugins/NNE/NNEDenoiser/Content/NNED_Oidn2-3_HighQuality_Alpha.uasset" 1894
"../../../Engine/Plugins/NNE/NNEDenoiser/Content/NNED_Oidn2-3_HighQuality_Alpha.uexp" 1895
"../../../Engine/Content/Maps/Entry_BuiltData.uasset" 1896
"../../../Engine/Content/Maps/Entry_BuiltData.uexp" 1897
"../../../Engine/Content/Maps/Entry.uexp" 1898
"../../../Engine/Content/Maps/Entry.umap" 1899
"../../../Engine/Content/Maps/Templates/OpenWorld.uexp" 1900
"../../../Engine/Content/Maps/Templates/OpenWorld.ubulk" 1901
"../../../Engine/Content/Maps/Templates/OpenWorld.umap" 1902
"../../../Engine/Content/EngineSky/T_Sky_Stars.ubulk" 1903
"../../../Engine/Content/EngineSky/T_Sky_Stars.uasset" 1904
"../../../Engine/Content/EngineSky/T_Sky_Stars.uexp" 1905
"../../../Engine/Content/EngineSky/T_Sky_Clouds_M.ubulk" 1906
"../../../Engine/Content/EngineSky/T_Sky_Clouds_M.uasset" 1907
"../../../Engine/Content/EngineSky/T_Sky_Clouds_M.uexp" 1908
"../../../Engine/Content/EngineSky/T_Sky_Blue.ubulk" 1909
"../../../Engine/Content/EngineSky/T_Sky_Blue.uasset" 1910
"../../../Engine/Content/EngineSky/T_Sky_Blue.uexp" 1911
"../../../Engine/Content/EngineSky/M_Sky_Panning_Clouds2.uasset" 1912
"../../../Engine/Content/EngineSky/M_Sky_Panning_Clouds2.uexp" 1913
"../../../Engine/Content/EngineSky/SM_SkySphere.ubulk" 1914
"../../../Engine/Content/EngineSky/SM_SkySphere.uasset" 1915
"../../../Engine/Content/EngineSky/SM_SkySphere.uexp" 1916
"../../../Engine/Content/EngineSky/C_Sky_Zenith_Color.uasset" 1917
"../../../Engine/Content/EngineSky/C_Sky_Zenith_Color.uexp" 1918
"../../../Engine/Content/EngineSky/C_Sky_Horizon_Color.uasset" 1919
"../../../Engine/Content/EngineSky/C_Sky_Horizon_Color.uexp" 1920
"../../../Engine/Content/EngineSky/C_Sky_Cloud_Color.uasset" 1921
"../../../Engine/Content/EngineSky/C_Sky_Cloud_Color.uexp" 1922
"../../../Engine/Content/EngineSky/BP_Sky_Sphere.uasset" 1923
"../../../Engine/Content/EngineSky/BP_Sky_Sphere.uexp" 1924
"../../../Engine/Content/EngineMaterials/DefaultPhysicalMaterial.uasset" 1925
"../../../Engine/Content/EngineMaterials/DefaultPhysicalMaterial.uexp" 1926
"../../../Engine/Plugins/FX/Niagara/Content/DefaultAssets/DefaultSpriteMaterial.uasset" 1927
"../../../Engine/Plugins/FX/Niagara/Content/DefaultAssets/DefaultSpriteMaterial.uexp" 1928
"../../../Engine/Plugins/FX/Niagara/Content/DefaultAssets/DefaultRIbbonMaterial.uasset" 1929
"../../../Engine/Plugins/FX/Niagara/Content/DefaultAssets/DefaultRIbbonMaterial.uexp" 1930
"C:/Users/kimkiyong/Documents/GitHub/ProjectBBK/Content/MsvFx_Niagara_Explosion_Pack_01/Resources/Texture/T_Smoke/T_smoke_sprite_sheet_N.uasset" 1931
"C:/Users/kimkiyong/Documents/GitHub/ProjectBBK/Content/MsvFx_Niagara_Explosion_Pack_01/Resources/Texture/T_Smoke/T_smoke_sprite_sheet_N.uexp" 1932
"C:/Users/kimkiyong/Documents/GitHub/ProjectBBK/Content/MsvFx_Niagara_Explosion_Pack_01/Resources/Texture/T_Smoke/T_smoke_sprite_sheet.uasset" 1933
"C:/Users/kimkiyong/Documents/GitHub/ProjectBBK/Content/MsvFx_Niagara_Explosion_Pack_01/Resources/Texture/T_Smoke/T_smoke_sprite_sheet.uexp" 1934
"C:/Users/kimkiyong/Documents/GitHub/ProjectBBK/Content/MsvFx_Niagara_Explosion_Pack_01/Resources/Materials/MasterMTL/M_Smoke.uasset" 1935
"C:/Users/kimkiyong/Documents/GitHub/ProjectBBK/Content/MsvFx_Niagara_Explosion_Pack_01/Resources/Materials/MasterMTL/M_Smoke.uexp" 1936
"C:/Users/kimkiyong/Documents/GitHub/ProjectBBK/Content/MsvFx_Niagara_Explosion_Pack_01/Resources/Materials/InstanceMTL/MI_Smoke_01.uasset" 1937
"C:/Users/kimkiyong/Documents/GitHub/ProjectBBK/Content/MsvFx_Niagara_Explosion_Pack_01/Resources/Materials/InstanceMTL/MI_Smoke_01.uexp" 1938
"C:/Users/kimkiyong/Documents/GitHub/ProjectBBK/Content/MsvFx_Niagara_Explosion_Pack_01/Prefabs/Niagara_Dust_Explosion_01.uasset" 1939
"C:/Users/kimkiyong/Documents/GitHub/ProjectBBK/Content/MsvFx_Niagara_Explosion_Pack_01/Prefabs/Niagara_Dust_Explosion_01.uexp" 1940
"C:/Users/kimkiyong/Documents/GitHub/ProjectBBK/Content/Monster/UI/OnlyHP.uasset" 1941
"C:/Users/kimkiyong/Documents/GitHub/ProjectBBK/Content/Monster/UI/OnlyHP.uexp" 1942
"C:/Users/kimkiyong/Documents/GitHub/ProjectBBK/Content/Monster/UI/HeirofLightBold.uexp" 1943
"C:/Users/kimkiyong/Documents/GitHub/ProjectBBK/Content/Monster/UI/HeirofLightBold.uasset" 1944
"C:/Users/kimkiyong/Documents/GitHub/ProjectBBK/Content/Monster/UI/HeirofLightBold.ufont" 1945
"C:/Users/kimkiyong/Documents/GitHub/ProjectBBK/Content/Monster/UI/HeirofLightBold_Font.uasset" 1946
"C:/Users/kimkiyong/Documents/GitHub/ProjectBBK/Content/Monster/UI/HeirofLightBold_Font.uexp" 1947
"C:/Users/kimkiyong/Documents/GitHub/ProjectBBK/Content/Monster/UI/GroogyBar.uasset" 1948
"C:/Users/kimkiyong/Documents/GitHub/ProjectBBK/Content/Monster/UI/GroogyBar.uexp" 1949
"C:/Users/kimkiyong/Documents/GitHub/ProjectBBK/Content/Monster/UI/EmptyHPBar2.uasset" 1950
"C:/Users/kimkiyong/Documents/GitHub/ProjectBBK/Content/Monster/UI/EmptyHPBar2.uexp" 1951
"C:/Users/kimkiyong/Documents/GitHub/ProjectBBK/Content/Monster/UI/BaseBar.uasset" 1952
"C:/Users/kimkiyong/Documents/GitHub/ProjectBBK/Content/Monster/UI/BaseBar.uexp" 1953
"C:/Users/kimkiyong/Documents/GitHub/ProjectBBK/Content/Monster/UI/BPC_NormalMonsterHPWidget.uasset" 1954
"C:/Users/kimkiyong/Documents/GitHub/ProjectBBK/Content/Monster/UI/BPC_NormalMonsterHPWidget.uexp" 1955
"C:/Users/kimkiyong/Documents/GitHub/ProjectBBK/Content/Monster/Object/M_HitFlash.uasset" 1956
"C:/Users/kimkiyong/Documents/GitHub/ProjectBBK/Content/Monster/Object/M_HitFlash.uexp" 1957
"C:/Users/kimkiyong/Documents/GitHub/ProjectBBK/Content/Monster/AI/BB_Monster.uasset" 1958
"C:/Users/kimkiyong/Documents/GitHub/ProjectBBK/Content/Monster/AI/BB_Monster.uexp" 1959
"C:/Users/kimkiyong/Documents/GitHub/ProjectBBK/Content/Monster/AI/BT_Monster_Melee.uasset" 1960
"C:/Users/kimkiyong/Documents/GitHub/ProjectBBK/Content/Monster/AI/BT_Monster_Melee.uexp" 1961
"C:/Users/kimkiyong/Documents/GitHub/ProjectBBK/Content/Basic_VFX/Texture/T_glow_2.uasset" 1962
"C:/Users/kimkiyong/Documents/GitHub/ProjectBBK/Content/Basic_VFX/Texture/T_glow_2.uexp" 1963
"C:/Users/kimkiyong/Documents/GitHub/ProjectBBK/Content/Basic_VFX/Materials/M_light.uasset" 1964
"C:/Users/kimkiyong/Documents/GitHub/ProjectBBK/Content/Basic_VFX/Materials/M_light.uexp" 1965
"C:/Users/kimkiyong/Documents/GitHub/ProjectBBK/Content/Basic_VFX/Texture/T_ring.uasset" 1966
"C:/Users/kimkiyong/Documents/GitHub/ProjectBBK/Content/Basic_VFX/Texture/T_ring.uexp" 1967
"C:/Users/kimkiyong/Documents/GitHub/ProjectBBK/Content/Basic_VFX/Materials/M_light_2.uasset" 1968
"C:/Users/kimkiyong/Documents/GitHub/ProjectBBK/Content/Basic_VFX/Materials/M_light_2.uexp" 1969
"C:/Users/kimkiyong/Documents/GitHub/ProjectBBK/Content/Basic_VFX/Niagara/NS_EXPBall.uasset" 1970
"C:/Users/kimkiyong/Documents/GitHub/ProjectBBK/Content/Basic_VFX/Niagara/NS_EXPBall.uexp" 1971
"C:/Users/kimkiyong/Documents/GitHub/ProjectBBK/Content/PlayerCharacter/Blueprint/GAS/Effects/GE_GainExperience.uasset" 1972
"C:/Users/kimkiyong/Documents/GitHub/ProjectBBK/Content/PlayerCharacter/Blueprint/GAS/Effects/GE_GainExperience.uexp" 1973
"C:/Users/kimkiyong/Documents/GitHub/ProjectBBK/Content/PlayerCharacter/Blueprint/GAS/BP_ExpOrb.uasset" 1974
"C:/Users/kimkiyong/Documents/GitHub/ProjectBBK/Content/PlayerCharacter/Blueprint/GAS/BP_ExpOrb.uexp" 1975
"C:/Users/kimkiyong/Documents/GitHub/ProjectBBK/Content/ParagonRampage/Characters/Heroes/Rampage/Meshes/Rampage_Skeleton.uasset" 1976
"C:/Users/kimkiyong/Documents/GitHub/ProjectBBK/Content/ParagonRampage/Characters/Heroes/Rampage/Meshes/Rampage_Skeleton.uexp" 1977
"C:/Users/kimkiyong/Documents/GitHub/ProjectBBK/Content/ParagonRampage/Characters/Heroes/Rampage/Meshes/Rampage_Extents.uasset" 1978
"C:/Users/kimkiyong/Documents/GitHub/ProjectBBK/Content/ParagonRampage/Characters/Heroes/Rampage/Meshes/Rampage_Extents.uexp" 1979
"C:/Users/kimkiyong/Documents/GitHub/ProjectBBK/Content/ParagonRampage/Characters/Heroes/Rampage/Meshes/Rampage_CylShadows.uasset" 1980
"C:/Users/kimkiyong/Documents/GitHub/ProjectBBK/Content/ParagonRampage/Characters/Heroes/Rampage/Meshes/Rampage_CylShadows.uexp" 1981
"C:/Users/kimkiyong/Documents/GitHub/ProjectBBK/Content/ParagonRampage/Characters/Heroes/Rampage/Textures/T_Rampage_Torso_T.ubulk" 1982
"C:/Users/kimkiyong/Documents/GitHub/ProjectBBK/Content/ParagonRampage/Characters/Heroes/Rampage/Textures/T_Rampage_Torso_T.uasset" 1983
"C:/Users/kimkiyong/Documents/GitHub/ProjectBBK/Content/ParagonRampage/Characters/Heroes/Rampage/Textures/T_Rampage_Torso_T.uexp" 1984
"C:/Users/kimkiyong/Documents/GitHub/ProjectBBK/Content/ParagonRampage/Characters/Heroes/Rampage/Textures/T_Rampage_Torso_N.ubulk" 1985
"C:/Users/kimkiyong/Documents/GitHub/ProjectBBK/Content/ParagonRampage/Characters/Heroes/Rampage/Textures/T_Rampage_Torso_N.uasset" 1986
"C:/Users/kimkiyong/Documents/GitHub/ProjectBBK/Content/ParagonRampage/Characters/Heroes/Rampage/Textures/T_Rampage_Torso_N.uexp" 1987
"C:/Users/kimkiyong/Documents/GitHub/ProjectBBK/Content/ParagonRampage/Characters/Heroes/Rampage/Textures/T_Rampage_Torso_D.ubulk" 1988
"C:/Users/kimkiyong/Documents/GitHub/ProjectBBK/Content/ParagonRampage/Characters/Heroes/Rampage/Textures/T_Rampage_Torso_D.uasset" 1989
"C:/Users/kimkiyong/Documents/GitHub/ProjectBBK/Content/ParagonRampage/Characters/Heroes/Rampage/Textures/T_Rampage_Torso_D.uexp" 1990
"C:/Users/kimkiyong/Documents/GitHub/ProjectBBK/Content/ParagonRampage/Characters/Heroes/Rampage/Materials/SteelSubsurfaceProfileRampage.uasset" 1991
"C:/Users/kimkiyong/Documents/GitHub/ProjectBBK/Content/ParagonRampage/Characters/Heroes/Rampage/Materials/SteelSubsurfaceProfileRampage.uexp" 1992
"C:/Users/kimkiyong/Documents/GitHub/ProjectBBK/Content/ParagonRampage/Characters/Global/T_TestML_Mask.ubulk" 1993
"C:/Users/kimkiyong/Documents/GitHub/ProjectBBK/Content/ParagonRampage/Characters/Global/T_TestML_Mask.uasset" 1994
"C:/Users/kimkiyong/Documents/GitHub/ProjectBBK/Content/ParagonRampage/Characters/Global/T_TestML_Mask.uexp" 1995
"C:/Users/kimkiyong/Documents/GitHub/ProjectBBK/Content/ParagonRampage/Characters/Global/T_Black_Linear.uasset" 1996
"C:/Users/kimkiyong/Documents/GitHub/ProjectBBK/Content/ParagonRampage/Characters/Global/T_Black_Linear.uexp" 1997
"C:/Users/kimkiyong/Documents/GitHub/ProjectBBK/Content/ParagonRampage/Characters/Global/ParameterCollections/OrionGlobalGameplayCollection.uasset" 1998
"C:/Users/kimkiyong/Documents/GitHub/ProjectBBK/Content/ParagonRampage/Characters/Global/ParameterCollections/OrionGlobalGameplayCollection.uexp" 1999
"C:/Users/kimkiyong/Documents/GitHub/ProjectBBK/Content/ParagonRampage/Characters/Global/MaterialLayers/ML_Blank.uasset" 2000
"C:/Users/kimkiyong/Documents/GitHub/ProjectBBK/Content/ParagonRampage/Characters/Global/MaterialLayers/ML_Blank.uexp" 2001
"C:/Users/kimkiyong/Documents/GitHub/ProjectBBK/Content/ParagonRampage/Characters/Global/MaterialFunctions/MaterialLayerConstructors/MLC_ScratchAndGrime.uasset" 2002
"C:/Users/kimkiyong/Documents/GitHub/ProjectBBK/Content/ParagonRampage/Characters/Global/MaterialFunctions/MaterialLayerConstructors/MLC_ScratchAndGrime.uexp" 2003
"C:/Users/kimkiyong/Documents/GitHub/ProjectBBK/Content/ParagonRampage/Characters/Global/MaterialFunctions/MaterialLayerConstructors/MLC_Standard.uasset" 2004
"C:/Users/kimkiyong/Documents/GitHub/ProjectBBK/Content/ParagonRampage/Characters/Global/MaterialFunctions/MaterialLayerConstructors/MLC_Standard.uexp" 2005
"C:/Users/kimkiyong/Documents/GitHub/ProjectBBK/Content/ParagonRampage/Characters/Global/MaterialLayers/Metal/T_Blue_Metal02.ubulk" 2006
"C:/Users/kimkiyong/Documents/GitHub/ProjectBBK/Content/ParagonRampage/Characters/Global/MaterialLayers/Metal/T_Blue_Metal02.uasset" 2007
"C:/Users/kimkiyong/Documents/GitHub/ProjectBBK/Content/ParagonRampage/Characters/Global/MaterialLayers/Metal/T_Blue_Metal02.uexp" 2008
"C:/Users/kimkiyong/Documents/GitHub/ProjectBBK/Content/ParagonRampage/Characters/Global/MaterialLayers/Rubber/T_Blank_N.uasset" 2009
"C:/Users/kimkiyong/Documents/GitHub/ProjectBBK/Content/ParagonRampage/Characters/Global/MaterialLayers/Rubber/T_Blank_N.uexp" 2010
"C:/Users/kimkiyong/Documents/GitHub/ProjectBBK/Content/ParagonRampage/Characters/Global/MaterialLayers/Metal/ML_blue_Metal.uasset" 2011
"C:/Users/kimkiyong/Documents/GitHub/ProjectBBK/Content/ParagonRampage/Characters/Global/MaterialLayers/Metal/ML_blue_Metal.uexp" 2012
"C:/Users/kimkiyong/Documents/GitHub/ProjectBBK/Content/ParagonRampage/Characters/Global/MaterialFunctions/MF_OrionRimlight.uasset" 2013
"C:/Users/kimkiyong/Documents/GitHub/ProjectBBK/Content/ParagonRampage/Characters/Global/MaterialFunctions/MF_OrionRimlight.uexp" 2014
"C:/Users/kimkiyong/Documents/GitHub/ProjectBBK/Content/ParagonRampage/Characters/Global/MaterialFunctions/MF_OrionCharacterAO.uasset" 2015
"C:/Users/kimkiyong/Documents/GitHub/ProjectBBK/Content/ParagonRampage/Characters/Global/MaterialFunctions/MF_OrionCharacterAO.uexp" 2016
"C:/Users/kimkiyong/Documents/GitHub/ProjectBBK/Content/ParagonRampage/Characters/Global/Textures/Noise/T_AtmosphericCloudNoise03.ubulk" 2017
"C:/Users/kimkiyong/Documents/GitHub/ProjectBBK/Content/ParagonRampage/Characters/Global/Textures/Noise/T_AtmosphericCloudNoise03.uasset" 2018
"C:/Users/kimkiyong/Documents/GitHub/ProjectBBK/Content/ParagonRampage/Characters/Global/Textures/Noise/T_AtmosphericCloudNoise03.uexp" 2019
"C:/Users/kimkiyong/Documents/GitHub/ProjectBBK/Content/ParagonRampage/Characters/Global/Textures/Noise/T_AtmosphericCloudNoise01_N.ubulk" 2020
"C:/Users/kimkiyong/Documents/GitHub/ProjectBBK/Content/ParagonRampage/Characters/Global/Textures/Noise/T_AtmosphericCloudNoise01_N.uasset" 2021
"C:/Users/kimkiyong/Documents/GitHub/ProjectBBK/Content/ParagonRampage/Characters/Global/Textures/Noise/T_AtmosphericCloudNoise01_N.uexp" 2022
"C:/Users/kimkiyong/Documents/GitHub/ProjectBBK/Content/ParagonRampage/Characters/Global/Textures/Noise/T_AtmosphericCloudNoise01.ubulk" 2023
"C:/Users/kimkiyong/Documents/GitHub/ProjectBBK/Content/ParagonRampage/Characters/Global/Textures/Noise/T_AtmosphericCloudNoise01.uasset" 2024
"C:/Users/kimkiyong/Documents/GitHub/ProjectBBK/Content/ParagonRampage/Characters/Global/Textures/Noise/T_AtmosphericCloudNoise01.uexp" 2025
"C:/Users/kimkiyong/Documents/GitHub/ProjectBBK/Content/ParagonRampage/Characters/Global/MaterialFunctions/MF_DeathFade.uasset" 2026
"C:/Users/kimkiyong/Documents/GitHub/ProjectBBK/Content/ParagonRampage/Characters/Global/MaterialFunctions/MF_DeathFade.uexp" 2027
"../../../Engine/Content/Functions/Engine_MaterialFunctions01/ImageAdjustment/SCurve.uasset" 2028
"../../../Engine/Content/Functions/Engine_MaterialFunctions01/ImageAdjustment/SCurve.uexp" 2029
"C:/Users/kimkiyong/Documents/GitHub/ProjectBBK/Content/ParagonRampage/Characters/Global/MaterialFunctions/HitFlash.uasset" 2030
"C:/Users/kimkiyong/Documents/GitHub/ProjectBBK/Content/ParagonRampage/Characters/Global/MaterialFunctions/HitFlash.uexp" 2031
"C:/Users/kimkiyong/Documents/GitHub/ProjectBBK/Content/ParagonRampage/Characters/Global/MaterialFunctions/MF_BrightnessAdjust.uasset" 2032
"C:/Users/kimkiyong/Documents/GitHub/ProjectBBK/Content/ParagonRampage/Characters/Global/MaterialFunctions/MF_BrightnessAdjust.uexp" 2033
"C:/Users/kimkiyong/Documents/GitHub/ProjectBBK/Content/ParagonRampage/Characters/Global/MaterialFunctions/MF_CharacterEffects.uasset" 2034
"C:/Users/kimkiyong/Documents/GitHub/ProjectBBK/Content/ParagonRampage/Characters/Global/MaterialFunctions/MF_CharacterEffects.uexp" 2035
"C:/Users/kimkiyong/Documents/GitHub/ProjectBBK/Content/ParagonRampage/Characters/Heroes/Rampage/Textures/T_Rampage_Head_Legs_N.ubulk" 2036
"C:/Users/kimkiyong/Documents/GitHub/ProjectBBK/Content/ParagonRampage/Characters/Heroes/Rampage/Textures/T_Rampage_Head_Legs_N.uasset" 2037
"C:/Users/kimkiyong/Documents/GitHub/ProjectBBK/Content/ParagonRampage/Characters/Heroes/Rampage/Textures/T_Rampage_Head_Legs_N.uexp" 2038
"C:/Users/kimkiyong/Documents/GitHub/ProjectBBK/Content/ParagonRampage/Characters/Heroes/Rampage/Textures/T_Rampage_Head_Legs_MatMask.ubulk" 2039
"C:/Users/kimkiyong/Documents/GitHub/ProjectBBK/Content/ParagonRampage/Characters/Heroes/Rampage/Textures/T_Rampage_Head_Legs_MatMask.uasset" 2040
"C:/Users/kimkiyong/Documents/GitHub/ProjectBBK/Content/ParagonRampage/Characters/Heroes/Rampage/Textures/T_Rampage_Head_Legs_MatMask.uexp" 2041
"C:/Users/kimkiyong/Documents/GitHub/ProjectBBK/Content/ParagonRampage/Characters/Heroes/Rampage/Textures/T_Rampage_Head_Legs_D.ubulk" 2042
"C:/Users/kimkiyong/Documents/GitHub/ProjectBBK/Content/ParagonRampage/Characters/Heroes/Rampage/Textures/T_Rampage_Head_Legs_D.uasset" 2043
"C:/Users/kimkiyong/Documents/GitHub/ProjectBBK/Content/ParagonRampage/Characters/Heroes/Rampage/Textures/T_Rampage_Head_Legs_D.uexp" 2044
"C:/Users/kimkiyong/Documents/GitHub/ProjectBBK/Content/ParagonRampage/Characters/Heroes/Rampage/Textures/T_Rampage_Arm_T.ubulk" 2045
"C:/Users/kimkiyong/Documents/GitHub/ProjectBBK/Content/ParagonRampage/Characters/Heroes/Rampage/Textures/T_Rampage_Arm_T.uasset" 2046
"C:/Users/kimkiyong/Documents/GitHub/ProjectBBK/Content/ParagonRampage/Characters/Heroes/Rampage/Textures/T_Rampage_Arm_T.uexp" 2047
"C:/Users/kimkiyong/Documents/GitHub/ProjectBBK/Content/ParagonRampage/Characters/Global/MaterialFunctions/MaterialLayerConstructors/MF_BaseColorTintAndContrast.uasset" 2048
"C:/Users/kimkiyong/Documents/GitHub/ProjectBBK/Content/ParagonRampage/Characters/Global/MaterialFunctions/MaterialLayerConstructors/MF_BaseColorTintAndContrast.uexp" 2049
"C:/Users/kimkiyong/Documents/GitHub/ProjectBBK/Content/ParagonRampage/Characters/Global/MaterialFunctions/MaterialLayerConstructors/MF_RoughnessAdjustment.uasset" 2050
"C:/Users/kimkiyong/Documents/GitHub/ProjectBBK/Content/ParagonRampage/Characters/Global/MaterialFunctions/MaterialLayerConstructors/MF_RoughnessAdjustment.uexp" 2051
"C:/Users/kimkiyong/Documents/GitHub/ProjectBBK/Content/ParagonRampage/Characters/Global/MaterialLayers/Leather/T_ML_FineLeather01_Brown.ubulk" 2052
"C:/Users/kimkiyong/Documents/GitHub/ProjectBBK/Content/ParagonRampage/Characters/Global/MaterialLayers/Leather/T_ML_FineLeather01_Brown.uasset" 2053
"C:/Users/kimkiyong/Documents/GitHub/ProjectBBK/Content/ParagonRampage/Characters/Global/MaterialLayers/Leather/T_ML_FineLeather01_Brown.uexp" 2054
"C:/Users/kimkiyong/Documents/GitHub/ProjectBBK/Content/ParagonRampage/Characters/Global/MaterialLayers/Leather/T_ML_FineLeather01_N.ubulk" 2055
"C:/Users/kimkiyong/Documents/GitHub/ProjectBBK/Content/ParagonRampage/Characters/Global/MaterialLayers/Leather/T_ML_FineLeather01_N.uasset" 2056
"C:/Users/kimkiyong/Documents/GitHub/ProjectBBK/Content/ParagonRampage/Characters/Global/MaterialLayers/Leather/T_ML_FineLeather01_N.uexp" 2057
"C:/Users/kimkiyong/Documents/GitHub/ProjectBBK/Content/ParagonRampage/Characters/Global/MaterialLayers/Leather/ML_ThinLeather01_Brown.uasset" 2058
"C:/Users/kimkiyong/Documents/GitHub/ProjectBBK/Content/ParagonRampage/Characters/Global/MaterialLayers/Leather/ML_ThinLeather01_Brown.uexp" 2059
"C:/Users/kimkiyong/Documents/GitHub/ProjectBBK/Content/ParagonRampage/Characters/Heroes/Rampage/Materials/M_RampageSkin_MASTER.uasset" 2060
"C:/Users/kimkiyong/Documents/GitHub/ProjectBBK/Content/ParagonRampage/Characters/Heroes/Rampage/Materials/M_RampageSkin_MASTER.uexp" 2061
"C:/Users/kimkiyong/Documents/GitHub/ProjectBBK/Content/ParagonRampage/Characters/Heroes/Rampage/Materials/M_Rampage_Torso_Inst.uasset" 2062
"C:/Users/kimkiyong/Documents/GitHub/ProjectBBK/Content/ParagonRampage/Characters/Heroes/Rampage/Materials/M_Rampage_Torso_Inst.uexp" 2063
"C:/Users/kimkiyong/Documents/GitHub/ProjectBBK/Content/ParagonRampage/Characters/Heroes/Rampage/Textures/T_Rampage_Teeth_N.ubulk" 2064
"C:/Users/kimkiyong/Documents/GitHub/ProjectBBK/Content/ParagonRampage/Characters/Heroes/Rampage/Textures/T_Rampage_Teeth_N.uasset" 2065
"C:/Users/kimkiyong/Documents/GitHub/ProjectBBK/Content/ParagonRampage/Characters/Heroes/Rampage/Textures/T_Rampage_Teeth_N.uexp" 2066
"C:/Users/kimkiyong/Documents/GitHub/ProjectBBK/Content/ParagonRampage/Characters/Heroes/Rampage/Textures/T_Rampage_Teeth_Diffuse.ubulk" 2067
"C:/Users/kimkiyong/Documents/GitHub/ProjectBBK/Content/ParagonRampage/Characters/Heroes/Rampage/Textures/T_Rampage_Teeth_Diffuse.uasset" 2068
"C:/Users/kimkiyong/Documents/GitHub/ProjectBBK/Content/ParagonRampage/Characters/Heroes/Rampage/Textures/T_Rampage_Teeth_Diffuse.uexp" 2069
"C:/Users/kimkiyong/Documents/GitHub/ProjectBBK/Content/ParagonRampage/Characters/Heroes/Rampage/Textures/T_Rampage_Cells_M.ubulk" 2070
"C:/Users/kimkiyong/Documents/GitHub/ProjectBBK/Content/ParagonRampage/Characters/Heroes/Rampage/Textures/T_Rampage_Cells_M.uasset" 2071
"C:/Users/kimkiyong/Documents/GitHub/ProjectBBK/Content/ParagonRampage/Characters/Heroes/Rampage/Textures/T_Rampage_Cells_M.uexp" 2072
"C:/Users/kimkiyong/Documents/GitHub/ProjectBBK/Content/ParagonRampage/Characters/Global/Mouth/Materials/TeethSubsurfaceProfile.uasset" 2073
"C:/Users/kimkiyong/Documents/GitHub/ProjectBBK/Content/ParagonRampage/Characters/Global/Mouth/Materials/TeethSubsurfaceProfile.uexp" 2074
"C:/Users/kimkiyong/Documents/GitHub/ProjectBBK/Content/ParagonRampage/Characters/Global/MaterialLayers/Skin/T_Tiling_Circuit.ubulk" 2075
"C:/Users/kimkiyong/Documents/GitHub/ProjectBBK/Content/ParagonRampage/Characters/Global/MaterialLayers/Skin/T_Tiling_Circuit.uasset" 2076
"C:/Users/kimkiyong/Documents/GitHub/ProjectBBK/Content/ParagonRampage/Characters/Global/MaterialLayers/Skin/T_Tiling_Circuit.uexp" 2077
"C:/Users/kimkiyong/Documents/GitHub/ProjectBBK/Content/ParagonRampage/Characters/Global/MaterialLayers/Skin/T_Pore_Specular.ubulk" 2078
"C:/Users/kimkiyong/Documents/GitHub/ProjectBBK/Content/ParagonRampage/Characters/Global/MaterialLayers/Skin/T_Pore_Specular.uasset" 2079
"C:/Users/kimkiyong/Documents/GitHub/ProjectBBK/Content/ParagonRampage/Characters/Global/MaterialLayers/Skin/T_Pore_Specular.uexp" 2080
"C:/Users/kimkiyong/Documents/GitHub/ProjectBBK/Content/ParagonRampage/Characters/Global/MaterialLayers/Skin/T_Pore_Normals2.ubulk" 2081
"C:/Users/kimkiyong/Documents/GitHub/ProjectBBK/Content/ParagonRampage/Characters/Global/MaterialLayers/Skin/T_Pore_Normals2.uasset" 2082
"C:/Users/kimkiyong/Documents/GitHub/ProjectBBK/Content/ParagonRampage/Characters/Global/MaterialLayers/Skin/T_Pore_Normals2.uexp" 2083
"C:/Users/kimkiyong/Documents/GitHub/ProjectBBK/Content/ParagonRampage/Characters/Heroes/Rampage/Materials/M_Rampage_Teeth.uasset" 2084
"C:/Users/kimkiyong/Documents/GitHub/ProjectBBK/Content/ParagonRampage/Characters/Heroes/Rampage/Materials/M_Rampage_Teeth.uexp" 2085
"C:/Users/kimkiyong/Documents/GitHub/ProjectBBK/Content/ParagonRampage/Characters/Heroes/Rampage/Textures/T_Rampage_Arm_N.ubulk" 2086
"C:/Users/kimkiyong/Documents/GitHub/ProjectBBK/Content/ParagonRampage/Characters/Heroes/Rampage/Textures/T_Rampage_Arm_N.uasset" 2087
"C:/Users/kimkiyong/Documents/GitHub/ProjectBBK/Content/ParagonRampage/Characters/Heroes/Rampage/Textures/T_Rampage_Arm_N.uexp" 2088
"C:/Users/kimkiyong/Documents/GitHub/ProjectBBK/Content/ParagonRampage/Characters/Heroes/Rampage/Textures/T_Rampage_Arm_D.ubulk" 2089
"C:/Users/kimkiyong/Documents/GitHub/ProjectBBK/Content/ParagonRampage/Characters/Heroes/Rampage/Textures/T_Rampage_Arm_D.uasset" 2090
"C:/Users/kimkiyong/Documents/GitHub/ProjectBBK/Content/ParagonRampage/Characters/Heroes/Rampage/Textures/T_Rampage_Arm_D.uexp" 2091
"C:/Users/kimkiyong/Documents/GitHub/ProjectBBK/Content/ParagonRampage/Characters/Heroes/Rampage/Materials/M_Rampage_Skin_Arm_Inst.uasset" 2092
"C:/Users/kimkiyong/Documents/GitHub/ProjectBBK/Content/ParagonRampage/Characters/Heroes/Rampage/Materials/M_Rampage_Skin_Arm_Inst.uexp" 2093
"C:/Users/kimkiyong/Documents/GitHub/ProjectBBK/Content/ParagonRampage/Characters/Heroes/Rampage/Textures/T_Rampage_Head_Legs_T.ubulk" 2094
"C:/Users/kimkiyong/Documents/GitHub/ProjectBBK/Content/ParagonRampage/Characters/Heroes/Rampage/Textures/T_Rampage_Head_Legs_T.uasset" 2095
"C:/Users/kimkiyong/Documents/GitHub/ProjectBBK/Content/ParagonRampage/Characters/Heroes/Rampage/Textures/T_Rampage_Head_Legs_T.uexp" 2096
"C:/Users/kimkiyong/Documents/GitHub/ProjectBBK/Content/ParagonRampage/Characters/Heroes/Rampage/Materials/M_Rampage_head_legs_Skin_Inst.uasset" 2097
"C:/Users/kimkiyong/Documents/GitHub/ProjectBBK/Content/ParagonRampage/Characters/Heroes/Rampage/Materials/M_Rampage_head_legs_Skin_Inst.uexp" 2098
"../../../Engine/Content/Functions/MaterialLayerFunctions/MatLayerBlend_TenLayerBlend.uasset" 2099
"../../../Engine/Content/Functions/MaterialLayerFunctions/MatLayerBlend_TenLayerBlend.uexp" 2100
"../../../Engine/Content/Functions/MaterialLayerFunctions/MatLayerBlend_RoughnessOverride.uasset" 2101
"../../../Engine/Content/Functions/MaterialLayerFunctions/MatLayerBlend_RoughnessOverride.uexp" 2102
"C:/Users/kimkiyong/Documents/GitHub/ProjectBBK/Content/ParagonRampage/Characters/Global/MaterialFunctions/MF_RimLight.uasset" 2103
"C:/Users/kimkiyong/Documents/GitHub/ProjectBBK/Content/ParagonRampage/Characters/Global/MaterialFunctions/MF_RimLight.uexp" 2104
"C:/Users/kimkiyong/Documents/GitHub/ProjectBBK/Content/ParagonRampage/Characters/Global/MaterialFunctions/MF_CharacterGradient.uasset" 2105
"C:/Users/kimkiyong/Documents/GitHub/ProjectBBK/Content/ParagonRampage/Characters/Global/MaterialFunctions/MF_CharacterGradient.uexp" 2106
"C:/Users/kimkiyong/Documents/GitHub/ProjectBBK/Content/ParagonRampage/Characters/Heroes/Rampage/Textures/T_Rampage_Armor_N.ubulk" 2107
"C:/Users/kimkiyong/Documents/GitHub/ProjectBBK/Content/ParagonRampage/Characters/Heroes/Rampage/Textures/T_Rampage_Armor_N.uasset" 2108
"C:/Users/kimkiyong/Documents/GitHub/ProjectBBK/Content/ParagonRampage/Characters/Heroes/Rampage/Textures/T_Rampage_Armor_N.uexp" 2109
"C:/Users/kimkiyong/Documents/GitHub/ProjectBBK/Content/ParagonRampage/Characters/Heroes/Rampage/Textures/T_Rampage_Armor_MatMask.ubulk" 2110
"C:/Users/kimkiyong/Documents/GitHub/ProjectBBK/Content/ParagonRampage/Characters/Heroes/Rampage/Textures/T_Rampage_Armor_MatMask.uasset" 2111
"C:/Users/kimkiyong/Documents/GitHub/ProjectBBK/Content/ParagonRampage/Characters/Heroes/Rampage/Textures/T_Rampage_Armor_MatMask.uexp" 2112
"C:/Users/kimkiyong/Documents/GitHub/ProjectBBK/Content/ParagonRampage/Characters/Global/MaterialLayers/Fabric/T_FineFabric01_N.ubulk" 2113
"C:/Users/kimkiyong/Documents/GitHub/ProjectBBK/Content/ParagonRampage/Characters/Global/MaterialLayers/Fabric/T_FineFabric01_N.uasset" 2114
"C:/Users/kimkiyong/Documents/GitHub/ProjectBBK/Content/ParagonRampage/Characters/Global/MaterialLayers/Fabric/T_FineFabric01_N.uexp" 2115
"C:/Users/kimkiyong/Documents/GitHub/ProjectBBK/Content/ParagonRampage/Characters/Global/MaterialLayers/Fabric/T_FineFabric01.ubulk" 2116
"C:/Users/kimkiyong/Documents/GitHub/ProjectBBK/Content/ParagonRampage/Characters/Global/MaterialLayers/Fabric/T_FineFabric01.uasset" 2117
"C:/Users/kimkiyong/Documents/GitHub/ProjectBBK/Content/ParagonRampage/Characters/Global/MaterialLayers/Fabric/T_FineFabric01.uexp" 2118
"C:/Users/kimkiyong/Documents/GitHub/ProjectBBK/Content/ParagonRampage/Characters/Global/MaterialLayers/Fabric/ML_MutedGreenCloth02.uasset" 2119
"C:/Users/kimkiyong/Documents/GitHub/ProjectBBK/Content/ParagonRampage/Characters/Global/MaterialLayers/Fabric/ML_MutedGreenCloth02.uexp" 2120
"C:/Users/kimkiyong/Documents/GitHub/ProjectBBK/Content/ParagonRampage/Characters/Global/MaterialLayers/Metal/T_Rust01_N.ubulk" 2121
"C:/Users/kimkiyong/Documents/GitHub/ProjectBBK/Content/ParagonRampage/Characters/Global/MaterialLayers/Metal/T_Rust01_N.uasset" 2122
"C:/Users/kimkiyong/Documents/GitHub/ProjectBBK/Content/ParagonRampage/Characters/Global/MaterialLayers/Metal/T_Rust01_N.uexp" 2123
"C:/Users/kimkiyong/Documents/GitHub/ProjectBBK/Content/ParagonRampage/Characters/Global/MaterialLayers/Metal/T_Rust01.ubulk" 2124
"C:/Users/kimkiyong/Documents/GitHub/ProjectBBK/Content/ParagonRampage/Characters/Global/MaterialLayers/Metal/T_Rust01.uasset" 2125
"C:/Users/kimkiyong/Documents/GitHub/ProjectBBK/Content/ParagonRampage/Characters/Global/MaterialLayers/Metal/T_Rust01.uexp" 2126
"C:/Users/kimkiyong/Documents/GitHub/ProjectBBK/Content/ParagonRampage/Characters/Global/MaterialLayers/Metal/ML_Rust01.uasset" 2127
"C:/Users/kimkiyong/Documents/GitHub/ProjectBBK/Content/ParagonRampage/Characters/Global/MaterialLayers/Metal/ML_Rust01.uexp" 2128
"C:/Users/kimkiyong/Documents/GitHub/ProjectBBK/Content/ParagonRampage/Characters/Global/MaterialLayers/Metal/T_Kurohane_Metal_Tiling_D.ubulk" 2129
"C:/Users/kimkiyong/Documents/GitHub/ProjectBBK/Content/ParagonRampage/Characters/Global/MaterialLayers/Metal/T_Kurohane_Metal_Tiling_D.uasset" 2130
"C:/Users/kimkiyong/Documents/GitHub/ProjectBBK/Content/ParagonRampage/Characters/Global/MaterialLayers/Metal/T_Kurohane_Metal_Tiling_D.uexp" 2131
"C:/Users/kimkiyong/Documents/GitHub/ProjectBBK/Content/ParagonRampage/Characters/Global/MaterialLayers/Metal/ML_Scratched_metal.uasset" 2132
"C:/Users/kimkiyong/Documents/GitHub/ProjectBBK/Content/ParagonRampage/Characters/Global/MaterialLayers/Metal/ML_Scratched_metal.uexp" 2133
"C:/Users/kimkiyong/Documents/GitHub/ProjectBBK/Content/ParagonRampage/Characters/Heroes/Rampage/Materials/M_Rampage_Armor.uasset" 2134
"C:/Users/kimkiyong/Documents/GitHub/ProjectBBK/Content/ParagonRampage/Characters/Heroes/Rampage/Materials/M_Rampage_Armor.uexp" 2135
"C:/Users/kimkiyong/Documents/GitHub/ProjectBBK/Content/ParagonRampage/Characters/Heroes/Rampage/Textures/T_EyeIrisBaseColor_Example_7.ubulk" 2136
"C:/Users/kimkiyong/Documents/GitHub/ProjectBBK/Content/ParagonRampage/Characters/Heroes/Rampage/Textures/T_EyeIrisBaseColor_Example_7.uasset" 2137
"C:/Users/kimkiyong/Documents/GitHub/ProjectBBK/Content/ParagonRampage/Characters/Heroes/Rampage/Textures/T_EyeIrisBaseColor_Example_7.uexp" 2138
"C:/Users/kimkiyong/Documents/GitHub/ProjectBBK/Content/ParagonRampage/Characters/Global/Textures/EpicQuadPanorama_CC.uasset" 2139
"C:/Users/kimkiyong/Documents/GitHub/ProjectBBK/Content/ParagonRampage/Characters/Global/Textures/EpicQuadPanorama_CC.uexp" 2140
"C:/Users/kimkiyong/Documents/GitHub/ProjectBBK/Content/ParagonRampage/Characters/Global/Textures/Flares/T_Muriel_Corona_D.ubulk" 2141
"C:/Users/kimkiyong/Documents/GitHub/ProjectBBK/Content/ParagonRampage/Characters/Global/Textures/Flares/T_Muriel_Corona_D.uasset" 2142
"C:/Users/kimkiyong/Documents/GitHub/ProjectBBK/Content/ParagonRampage/Characters/Global/Textures/Flares/T_Muriel_Corona_D.uexp" 2143
"C:/Users/kimkiyong/Documents/GitHub/ProjectBBK/Content/ParagonRampage/Characters/Global/Eyes/Textures/T_Swirly_Noise.ubulk" 2144
"C:/Users/kimkiyong/Documents/GitHub/ProjectBBK/Content/ParagonRampage/Characters/Global/Eyes/Textures/T_Swirly_Noise.uasset" 2145
"C:/Users/kimkiyong/Documents/GitHub/ProjectBBK/Content/ParagonRampage/Characters/Global/Eyes/Textures/T_Swirly_Noise.uexp" 2146
"C:/Users/kimkiyong/Documents/GitHub/ProjectBBK/Content/ParagonRampage/Characters/Global/Eyes/Textures/T_Sphere_EYE_NORMALS.ubulk" 2147
"C:/Users/kimkiyong/Documents/GitHub/ProjectBBK/Content/ParagonRampage/Characters/Global/Eyes/Textures/T_Sphere_EYE_NORMALS.uasset" 2148
"C:/Users/kimkiyong/Documents/GitHub/ProjectBBK/Content/ParagonRampage/Characters/Global/Eyes/Textures/T_Sphere_EYE_NORMALS.uexp" 2149
"C:/Users/kimkiyong/Documents/GitHub/ProjectBBK/Content/ParagonRampage/Characters/Global/Eyes/Textures/T_Eye_Wet_Normal.ubulk" 2150
"C:/Users/kimkiyong/Documents/GitHub/ProjectBBK/Content/ParagonRampage/Characters/Global/Eyes/Textures/T_Eye_Wet_Normal.uasset" 2151
"C:/Users/kimkiyong/Documents/GitHub/ProjectBBK/Content/ParagonRampage/Characters/Global/Eyes/Textures/T_Eye_Wet_Normal.uexp" 2152
"C:/Users/kimkiyong/Documents/GitHub/ProjectBBK/Content/ParagonRampage/Characters/Global/Eyes/Textures/T_EYE_NORMALS.ubulk" 2153
"C:/Users/kimkiyong/Documents/GitHub/ProjectBBK/Content/ParagonRampage/Characters/Global/Eyes/Textures/T_EYE_NORMALS.uasset" 2154
"C:/Users/kimkiyong/Documents/GitHub/ProjectBBK/Content/ParagonRampage/Characters/Global/Eyes/Textures/T_EYE_NORMALS.uexp" 2155
"C:/Users/kimkiyong/Documents/GitHub/ProjectBBK/Content/ParagonRampage/Characters/Global/Eyes/Textures/T_EyeScleraBaseColor_Example_2.ubulk" 2156
"C:/Users/kimkiyong/Documents/GitHub/ProjectBBK/Content/ParagonRampage/Characters/Global/Eyes/Textures/T_EyeScleraBaseColor_Example_2.uasset" 2157
"C:/Users/kimkiyong/Documents/GitHub/ProjectBBK/Content/ParagonRampage/Characters/Global/Eyes/Textures/T_EyeScleraBaseColor_Example_2.uexp" 2158
"C:/Users/kimkiyong/Documents/GitHub/ProjectBBK/Content/ParagonRampage/Characters/Global/Eyes/Textures/T_EyeMidPlaneDisplacement_Example.ubulk" 2159
"C:/Users/kimkiyong/Documents/GitHub/ProjectBBK/Content/ParagonRampage/Characters/Global/Eyes/Textures/T_EyeMidPlaneDisplacement_Example.uasset" 2160
"C:/Users/kimkiyong/Documents/GitHub/ProjectBBK/Content/ParagonRampage/Characters/Global/Eyes/Textures/T_EyeMidPlaneDisplacement_Example.uexp" 2161
"C:/Users/kimkiyong/Documents/GitHub/ProjectBBK/Content/ParagonRampage/Characters/Global/Eyes/Textures/T_EyeIrisBaseColor_Example_2.ubulk" 2162
"C:/Users/kimkiyong/Documents/GitHub/ProjectBBK/Content/ParagonRampage/Characters/Global/Eyes/Textures/T_EyeIrisBaseColor_Example_2.uasset" 2163
"C:/Users/kimkiyong/Documents/GitHub/ProjectBBK/Content/ParagonRampage/Characters/Global/Eyes/Textures/T_EyeIrisBaseColor_Example_2.uexp" 2164
"C:/Users/kimkiyong/Documents/GitHub/ProjectBBK/Content/ParagonRampage/Characters/Global/Eyes/Textures/T_DecalMask_Radial03.ubulk" 2165
"C:/Users/kimkiyong/Documents/GitHub/ProjectBBK/Content/ParagonRampage/Characters/Global/Eyes/Textures/T_DecalMask_Radial03.uasset" 2166
"C:/Users/kimkiyong/Documents/GitHub/ProjectBBK/Content/ParagonRampage/Characters/Global/Eyes/Textures/T_DecalMask_Radial03.uexp" 2167
"C:/Users/kimkiyong/Documents/GitHub/ProjectBBK/Content/ParagonRampage/Characters/Global/Eyes/Textures/EyeInner_Profile.uasset" 2168
"C:/Users/kimkiyong/Documents/GitHub/ProjectBBK/Content/ParagonRampage/Characters/Global/Eyes/Textures/EyeInner_Profile.uexp" 2169
"C:/Users/kimkiyong/Documents/GitHub/ProjectBBK/Content/ParagonRampage/Characters/Global/Eyes/Materials/ML_TacticiaULTEye.uasset" 2170
"C:/Users/kimkiyong/Documents/GitHub/ProjectBBK/Content/ParagonRampage/Characters/Global/Eyes/Materials/ML_TacticiaULTEye.uexp" 2171
"C:/Users/kimkiyong/Documents/GitHub/ProjectBBK/Content/ParagonRampage/Characters/Global/Eyes/MaterialFunctions/ML_EyeRefraction.uasset" 2172
"C:/Users/kimkiyong/Documents/GitHub/ProjectBBK/Content/ParagonRampage/Characters/Global/Eyes/MaterialFunctions/ML_EyeRefraction.uexp" 2173
"C:/Users/kimkiyong/Documents/GitHub/ProjectBBK/Content/ParagonRampage/Characters/Global/Eyes/Materials/M_EyeRefractive.uasset" 2174
"C:/Users/kimkiyong/Documents/GitHub/ProjectBBK/Content/ParagonRampage/Characters/Global/Eyes/Materials/M_EyeRefractive.uexp" 2175
"C:/Users/kimkiyong/Documents/GitHub/ProjectBBK/Content/ParagonRampage/Characters/Heroes/Rampage/Materials/MI_Rampage_Refract.uasset" 2176
"C:/Users/kimkiyong/Documents/GitHub/ProjectBBK/Content/ParagonRampage/Characters/Heroes/Rampage/Materials/MI_Rampage_Refract.uexp" 2177
"C:/Users/kimkiyong/Documents/GitHub/ProjectBBK/Content/ParagonRampage/Characters/Global/Eyes/Textures/T_EyeOcclusion2.ubulk" 2178
"C:/Users/kimkiyong/Documents/GitHub/ProjectBBK/Content/ParagonRampage/Characters/Global/Eyes/Textures/T_EyeOcclusion2.uasset" 2179
"C:/Users/kimkiyong/Documents/GitHub/ProjectBBK/Content/ParagonRampage/Characters/Global/Eyes/Textures/T_EyeOcclusion2.uexp" 2180
"C:/Users/kimkiyong/Documents/GitHub/ProjectBBK/Content/ParagonRampage/Characters/Global/Eyes/Materials/M_Eye_Occlusion.uasset" 2181
"C:/Users/kimkiyong/Documents/GitHub/ProjectBBK/Content/ParagonRampage/Characters/Global/Eyes/Materials/M_Eye_Occlusion.uexp" 2182
"C:/Users/kimkiyong/Documents/GitHub/ProjectBBK/Content/ParagonRampage/Characters/Global/Eyes/Textures/T_Eye_Tearduct__normals2.ubulk" 2183
"C:/Users/kimkiyong/Documents/GitHub/ProjectBBK/Content/ParagonRampage/Characters/Global/Eyes/Textures/T_Eye_Tearduct__normals2.uasset" 2184
"C:/Users/kimkiyong/Documents/GitHub/ProjectBBK/Content/ParagonRampage/Characters/Global/Eyes/Textures/T_Eye_Tearduct__normals2.uexp" 2185
"C:/Users/kimkiyong/Documents/GitHub/ProjectBBK/Content/ParagonRampage/Characters/Global/Eyes/Textures/TearDuctSubsurfaceProfile.uasset" 2186
"C:/Users/kimkiyong/Documents/GitHub/ProjectBBK/Content/ParagonRampage/Characters/Global/Eyes/Textures/TearDuctSubsurfaceProfile.uexp" 2187
"C:/Users/kimkiyong/Documents/GitHub/ProjectBBK/Content/ParagonRampage/Characters/Global/Eyes/Materials/M_TearDuct_2.uasset" 2188
"C:/Users/kimkiyong/Documents/GitHub/ProjectBBK/Content/ParagonRampage/Characters/Global/Eyes/Materials/M_TearDuct_2.uexp" 2189
"C:/Users/kimkiyong/Documents/GitHub/ProjectBBK/Content/ParagonRampage/Characters/Global/Eyes/Materials/M_TearLine.uasset" 2190
"C:/Users/kimkiyong/Documents/GitHub/ProjectBBK/Content/ParagonRampage/Characters/Global/Eyes/Materials/M_TearLine.uexp" 2191
"C:/Users/kimkiyong/Documents/GitHub/ProjectBBK/Content/ParagonRampage/Characters/Heroes/Rampage/Meshes/Rampage.uasset" 2192
"C:/Users/kimkiyong/Documents/GitHub/ProjectBBK/Content/ParagonRampage/Characters/Heroes/Rampage/Meshes/Rampage.uexp" 2193
"../../../Engine/Plugins/Animation/ACLPlugin/Content/ACLAnimBoneCompressionSettings.uasset" 2194
"../../../Engine/Plugins/Animation/ACLPlugin/Content/ACLAnimBoneCompressionSettings.uexp" 2195
"../../../Engine/Content/Animation/DefaultVariableFrameStrippingSettings.uasset" 2196
"../../../Engine/Content/Animation/DefaultVariableFrameStrippingSettings.uexp" 2197
"../../../Engine/Content/Animation/DefaultAnimCurveCompressionSettings.uasset" 2198
"../../../Engine/Content/Animation/DefaultAnimCurveCompressionSettings.uexp" 2199
"C:/Users/kimkiyong/Documents/GitHub/ProjectBBK/Content/ParagonRampage/Characters/Heroes/Rampage/Animations/Stun_Idle.uasset" 2200
"C:/Users/kimkiyong/Documents/GitHub/ProjectBBK/Content/ParagonRampage/Characters/Heroes/Rampage/Animations/Stun_Idle.uexp" 2201
"C:/Users/kimkiyong/Documents/GitHub/ProjectBBK/Content/Monster/MonsterBP/Melee/Anim/Stun.uasset" 2202
"C:/Users/kimkiyong/Documents/GitHub/ProjectBBK/Content/Monster/MonsterBP/Melee/Anim/Stun.uexp" 2203
"C:/Users/kimkiyong/Documents/GitHub/ProjectBBK/Content/ParagonRampage/Characters/Heroes/Rampage/Animations/Ability_GroundSmash_Start.uasset" 2204
"C:/Users/kimkiyong/Documents/GitHub/ProjectBBK/Content/ParagonRampage/Characters/Heroes/Rampage/Animations/Ability_GroundSmash_Start.uexp" 2205
"C:/Users/kimkiyong/Documents/GitHub/ProjectBBK/Content/ParagonRampage/Characters/Heroes/Rampage/Animations/Ability_GroundSmash_End.uasset" 2206
"C:/Users/kimkiyong/Documents/GitHub/ProjectBBK/Content/ParagonRampage/Characters/Heroes/Rampage/Animations/Ability_GroundSmash_End.uexp" 2207
"C:/Users/kimkiyong/Documents/GitHub/ProjectBBK/Content/Monster/MonsterBP/Melee/Anim/Melee_sp_attack.uasset" 2208
"C:/Users/kimkiyong/Documents/GitHub/ProjectBBK/Content/Monster/MonsterBP/Melee/Anim/Melee_sp_attack.uexp" 2209
"C:/Users/kimkiyong/Documents/GitHub/ProjectBBK/Content/ParagonRampage/Characters/Heroes/Rampage/Animations/Death_A.uasset" 2210
"C:/Users/kimkiyong/Documents/GitHub/ProjectBBK/Content/ParagonRampage/Characters/Heroes/Rampage/Animations/Death_A.uexp" 2211
"C:/Users/kimkiyong/Documents/GitHub/ProjectBBK/Content/Monster/MonsterBP/Melee/Anim/Death_Montage.uasset" 2212
"C:/Users/kimkiyong/Documents/GitHub/ProjectBBK/Content/Monster/MonsterBP/Melee/Anim/Death_Montage.uexp" 2213
"C:/Users/kimkiyong/Documents/GitHub/ProjectBBK/Content/Monster/Asset/ParagonRampage/Characters/Heroes/Rampage/Animations/Walk_RT.uasset" 2214
"C:/Users/kimkiyong/Documents/GitHub/ProjectBBK/Content/Monster/Asset/ParagonRampage/Characters/Heroes/Rampage/Animations/Walk_RT.uexp" 2215
"C:/Users/kimkiyong/Documents/GitHub/ProjectBBK/Content/Monster/Asset/ParagonRampage/Characters/Heroes/Rampage/Animations/Walk_LFT.uasset" 2216
"C:/Users/kimkiyong/Documents/GitHub/ProjectBBK/Content/Monster/Asset/ParagonRampage/Characters/Heroes/Rampage/Animations/Walk_LFT.uexp" 2217
"C:/Users/kimkiyong/Documents/GitHub/ProjectBBK/Content/Monster/Asset/ParagonRampage/Characters/Heroes/Rampage/Animations/Walk_FWD.uasset" 2218
"C:/Users/kimkiyong/Documents/GitHub/ProjectBBK/Content/Monster/Asset/ParagonRampage/Characters/Heroes/Rampage/Animations/Walk_FWD.uexp" 2219
"C:/Users/kimkiyong/Documents/GitHub/ProjectBBK/Content/Monster/Asset/ParagonRampage/Characters/Heroes/Rampage/Animations/Walk_BWD.uasset" 2220
"C:/Users/kimkiyong/Documents/GitHub/ProjectBBK/Content/Monster/Asset/ParagonRampage/Characters/Heroes/Rampage/Animations/Walk_BWD.uexp" 2221
"C:/Users/kimkiyong/Documents/GitHub/ProjectBBK/Content/Monster/Asset/ParagonRampage/Characters/Heroes/Rampage/Animations/Idle.uasset" 2222
"C:/Users/kimkiyong/Documents/GitHub/ProjectBBK/Content/Monster/Asset/ParagonRampage/Characters/Heroes/Rampage/Animations/Idle.uexp" 2223
"C:/Users/kimkiyong/Documents/GitHub/ProjectBBK/Content/Monster/MonsterBP/Melee/Anim/BS_MeleeMonster.uasset" 2224
"C:/Users/kimkiyong/Documents/GitHub/ProjectBBK/Content/Monster/MonsterBP/Melee/Anim/BS_MeleeMonster.uexp" 2225
"C:/Users/kimkiyong/Documents/GitHub/ProjectBBK/Content/Monster/MonsterBP/Melee/Anim/ABP_MeleeMonster.uasset" 2226
"C:/Users/kimkiyong/Documents/GitHub/ProjectBBK/Content/Monster/MonsterBP/Melee/Anim/ABP_MeleeMonster.uexp" 2227
"C:/Users/kimkiyong/Documents/GitHub/ProjectBBK/Content/Monster/Asset/ParagonRampage/Characters/Heroes/Rampage/Animations/NormalAttack.uasset" 2228
"C:/Users/kimkiyong/Documents/GitHub/ProjectBBK/Content/Monster/Asset/ParagonRampage/Characters/Heroes/Rampage/Animations/NormalAttack.uexp" 2229
"C:/Users/kimkiyong/Documents/GitHub/ProjectBBK/Content/Monster/Asset/ParagonRampage/Characters/Heroes/Rampage/Animations/NormalAttackAnimMontage.uasset" 2230
"C:/Users/kimkiyong/Documents/GitHub/ProjectBBK/Content/Monster/Asset/ParagonRampage/Characters/Heroes/Rampage/Animations/NormalAttackAnimMontage.uexp" 2231
"C:/Users/kimkiyong/Documents/GitHub/ProjectBBK/Content/Monster/MonsterBP/Melee/BPC_MeleeMonster.uasset" 2232
"C:/Users/kimkiyong/Documents/GitHub/ProjectBBK/Content/Monster/MonsterBP/Melee/BPC_MeleeMonster.uexp" 2233
"C:/Users/kimkiyong/Documents/GitHub/ProjectBBK/Content/Portals/StaticMesh/SM_PortalRec.ubulk" 2234
"C:/Users/kimkiyong/Documents/GitHub/ProjectBBK/Content/Portals/StaticMesh/SM_PortalRec.uasset" 2235
"C:/Users/kimkiyong/Documents/GitHub/ProjectBBK/Content/Portals/StaticMesh/SM_PortalRec.uexp" 2236
"C:/Users/kimkiyong/Documents/GitHub/ProjectBBK/Content/Portals/Textures/T_Smoke_Tiled_D.ubulk" 2237
"C:/Users/kimkiyong/Documents/GitHub/ProjectBBK/Content/Portals/Textures/T_Smoke_Tiled_D.uasset" 2238
"C:/Users/kimkiyong/Documents/GitHub/ProjectBBK/Content/Portals/Textures/T_Smoke_Tiled_D.uexp" 2239
"C:/Users/kimkiyong/Documents/GitHub/ProjectBBK/Content/Portals/Materials/M_Portal.uasset" 2240
"C:/Users/kimkiyong/Documents/GitHub/ProjectBBK/Content/Portals/Materials/M_Portal.uexp" 2241
"C:/Users/kimkiyong/Documents/GitHub/ProjectBBK/Content/Portals/Rectangle/WindPortal/NS_WindRec.uasset" 2242
"C:/Users/kimkiyong/Documents/GitHub/ProjectBBK/Content/Portals/Rectangle/WindPortal/NS_WindRec.uexp" 2243
"C:/Users/kimkiyong/Documents/GitHub/ProjectBBK/Content/Maps/BP_Portal.uasset" 2244
"C:/Users/kimkiyong/Documents/GitHub/ProjectBBK/Content/Maps/BP_Portal.uexp" 2245
"C:/Users/kimkiyong/Documents/GitHub/ProjectBBK/Content/FantasyBundle/Textures/T_LeakingDecal01_MSK.ubulk" 2246
"C:/Users/kimkiyong/Documents/GitHub/ProjectBBK/Content/FantasyBundle/Textures/T_LeakingDecal01_MSK.uasset" 2247
"C:/Users/kimkiyong/Documents/GitHub/ProjectBBK/Content/FantasyBundle/Textures/T_LeakingDecal01_MSK.uexp" 2248
"C:/Users/kimkiyong/Documents/GitHub/ProjectBBK/Content/FantasyBundle/Materials/M_LeakingDecal01.uasset" 2249
"C:/Users/kimkiyong/Documents/GitHub/ProjectBBK/Content/FantasyBundle/Materials/M_LeakingDecal01.uexp" 2250
"../../../Engine/Content/EngineMaterials/WeightMapPlaceholderTexture.uasset" 2251
"../../../Engine/Content/EngineMaterials/WeightMapPlaceholderTexture.uexp" 2252
"../../../Engine/Content/EngineMaterials/WeightMapArrayPlaceholderTexture.uasset" 2253
"../../../Engine/Content/EngineMaterials/WeightMapArrayPlaceholderTexture.uexp" 2254
"C:/Users/kimkiyong/Documents/GitHub/ProjectBBK/Content/FantasyBundle/Textures/T_RiverWater_N.ubulk" 2255
"C:/Users/kimkiyong/Documents/GitHub/ProjectBBK/Content/FantasyBundle/Textures/T_RiverWater_N.uasset" 2256
"C:/Users/kimkiyong/Documents/GitHub/ProjectBBK/Content/FantasyBundle/Textures/T_RiverWater_N.uexp" 2257
"C:/Users/kimkiyong/Documents/GitHub/ProjectBBK/Content/FantasyBundle/Textures/T_WallStonesMoss02_N.ubulk" 2258
"C:/Users/kimkiyong/Documents/GitHub/ProjectBBK/Content/FantasyBundle/Textures/T_WallStonesMoss02_N.uasset" 2259
"C:/Users/kimkiyong/Documents/GitHub/ProjectBBK/Content/FantasyBundle/Textures/T_WallStonesMoss02_N.uexp" 2260
"C:/Users/kimkiyong/Documents/GitHub/ProjectBBK/Content/FantasyBundle/Textures/T_WallStonesMoss01_BC.ubulk" 2261
"C:/Users/kimkiyong/Documents/GitHub/ProjectBBK/Content/FantasyBundle/Textures/T_WallStonesMoss01_BC.uasset" 2262
"C:/Users/kimkiyong/Documents/GitHub/ProjectBBK/Content/FantasyBundle/Textures/T_WallStonesMoss01_BC.uexp" 2263
"C:/Users/kimkiyong/Documents/GitHub/ProjectBBK/Content/FantasyBundle/Textures/T_WallStones04_H.ubulk" 2264
"C:/Users/kimkiyong/Documents/GitHub/ProjectBBK/Content/FantasyBundle/Textures/T_WallStones04_H.uasset" 2265
"C:/Users/kimkiyong/Documents/GitHub/ProjectBBK/Content/FantasyBundle/Textures/T_WallStones04_H.uexp" 2266
"C:/Users/kimkiyong/Documents/GitHub/ProjectBBK/Content/FantasyBundle/Textures/T_SandTiled01_ORM.ubulk" 2267
"C:/Users/kimkiyong/Documents/GitHub/ProjectBBK/Content/FantasyBundle/Textures/T_SandTiled01_ORM.uasset" 2268
"C:/Users/kimkiyong/Documents/GitHub/ProjectBBK/Content/FantasyBundle/Textures/T_SandTiled01_ORM.uexp" 2269
"C:/Users/kimkiyong/Documents/GitHub/ProjectBBK/Content/FantasyBundle/Textures/T_SandTiled01_N.ubulk" 2270
"C:/Users/kimkiyong/Documents/GitHub/ProjectBBK/Content/FantasyBundle/Textures/T_SandTiled01_N.uasset" 2271
"C:/Users/kimkiyong/Documents/GitHub/ProjectBBK/Content/FantasyBundle/Textures/T_SandTiled01_N.uexp" 2272
"C:/Users/kimkiyong/Documents/GitHub/ProjectBBK/Content/FantasyBundle/Textures/T_SandTiled01_BC.ubulk" 2273
"C:/Users/kimkiyong/Documents/GitHub/ProjectBBK/Content/FantasyBundle/Textures/T_SandTiled01_BC.uasset" 2274
"C:/Users/kimkiyong/Documents/GitHub/ProjectBBK/Content/FantasyBundle/Textures/T_SandTiled01_BC.uexp" 2275
"C:/Users/kimkiyong/Documents/GitHub/ProjectBBK/Content/FantasyBundle/Textures/T_Landscape_N.uasset" 2276
"C:/Users/kimkiyong/Documents/GitHub/ProjectBBK/Content/FantasyBundle/Textures/T_Landscape_N.uexp" 2277
"C:/Users/kimkiyong/Documents/GitHub/ProjectBBK/Content/FantasyBundle/Textures/T_Landscape_MSK.uasset" 2278
"C:/Users/kimkiyong/Documents/GitHub/ProjectBBK/Content/FantasyBundle/Textures/T_Landscape_MSK.uexp" 2279
"C:/Users/kimkiyong/Documents/GitHub/ProjectBBK/Content/FantasyBundle/Textures/T_Landscape_BC.uasset" 2280
"C:/Users/kimkiyong/Documents/GitHub/ProjectBBK/Content/FantasyBundle/Textures/T_Landscape_BC.uexp" 2281
"C:/Users/kimkiyong/Documents/GitHub/ProjectBBK/Content/FantasyBundle/Materials/M_Landscape4033.uasset" 2282
"C:/Users/kimkiyong/Documents/GitHub/ProjectBBK/Content/FantasyBundle/Materials/M_Landscape4033.uexp" 2283
"C:/Users/kimkiyong/Documents/GitHub/ProjectBBK/Content/FantasyBundle/Textures/T_GroundDirt01_BC.ubulk" 2284
"C:/Users/kimkiyong/Documents/GitHub/ProjectBBK/Content/FantasyBundle/Textures/T_GroundDirt01_BC.uasset" 2285
"C:/Users/kimkiyong/Documents/GitHub/ProjectBBK/Content/FantasyBundle/Textures/T_GroundDirt01_BC.uexp" 2286
"C:/Users/kimkiyong/Documents/GitHub/ProjectBBK/Content/FantasyBundle/Materials/M_GroundDirt01_Decal.uasset" 2287
"C:/Users/kimkiyong/Documents/GitHub/ProjectBBK/Content/FantasyBundle/Materials/M_GroundDirt01_Decal.uexp" 2288
"../../../Engine/Content/Functions/Engine_MaterialFunctions02/Utility/Sign.uasset" 2289
"../../../Engine/Content/Functions/Engine_MaterialFunctions02/Utility/Sign.uexp" 2290
"../../../Engine/Content/Functions/Engine_MaterialFunctions02/Utility/Round.uasset" 2291
"../../../Engine/Content/Functions/Engine_MaterialFunctions02/Utility/Round.uexp" 2292
"../../../Engine/Content/Functions/Engine_MaterialFunctions02/Texturing/HeightLerp.uasset" 2293
"../../../Engine/Content/Functions/Engine_MaterialFunctions02/Texturing/HeightLerp.uexp" 2294
"C:/Users/kimkiyong/Documents/GitHub/ProjectBBK/Content/FantasyBundle/Textures/T_WallStonesMoss01_ORM.ubulk" 2295
"C:/Users/kimkiyong/Documents/GitHub/ProjectBBK/Content/FantasyBundle/Textures/T_WallStonesMoss01_ORM.uasset" 2296
"C:/Users/kimkiyong/Documents/GitHub/ProjectBBK/Content/FantasyBundle/Textures/T_WallStonesMoss01_ORM.uexp" 2297
"C:/Users/kimkiyong/Documents/GitHub/ProjectBBK/Content/FantasyBundle/Textures/T_WallStonesMoss01_N.ubulk" 2298
"C:/Users/kimkiyong/Documents/GitHub/ProjectBBK/Content/FantasyBundle/Textures/T_WallStonesMoss01_N.uasset" 2299
"C:/Users/kimkiyong/Documents/GitHub/ProjectBBK/Content/FantasyBundle/Textures/T_WallStonesMoss01_N.uexp" 2300
"C:/Users/kimkiyong/Documents/GitHub/ProjectBBK/Content/FantasyBundle/Textures/T_WallStones03_ORM.ubulk" 2301
"C:/Users/kimkiyong/Documents/GitHub/ProjectBBK/Content/FantasyBundle/Textures/T_WallStones03_ORM.uasset" 2302
"C:/Users/kimkiyong/Documents/GitHub/ProjectBBK/Content/FantasyBundle/Textures/T_WallStones03_ORM.uexp" 2303
"C:/Users/kimkiyong/Documents/GitHub/ProjectBBK/Content/FantasyBundle/Textures/T_WallStones03_N.ubulk" 2304
"C:/Users/kimkiyong/Documents/GitHub/ProjectBBK/Content/FantasyBundle/Textures/T_WallStones03_N.uasset" 2305
"C:/Users/kimkiyong/Documents/GitHub/ProjectBBK/Content/FantasyBundle/Textures/T_WallStones03_N.uexp" 2306
"C:/Users/kimkiyong/Documents/GitHub/ProjectBBK/Content/FantasyBundle/Textures/T_WallStones03_BC.ubulk" 2307
"C:/Users/kimkiyong/Documents/GitHub/ProjectBBK/Content/FantasyBundle/Textures/T_WallStones03_BC.uasset" 2308
"C:/Users/kimkiyong/Documents/GitHub/ProjectBBK/Content/FantasyBundle/Textures/T_WallStones03_BC.uexp" 2309
"C:/Users/kimkiyong/Documents/GitHub/ProjectBBK/Content/FantasyBundle/Textures/T_WallStones02_H.ubulk" 2310
"C:/Users/kimkiyong/Documents/GitHub/ProjectBBK/Content/FantasyBundle/Textures/T_WallStones02_H.uasset" 2311
"C:/Users/kimkiyong/Documents/GitHub/ProjectBBK/Content/FantasyBundle/Textures/T_WallStones02_H.uexp" 2312
"C:/Users/kimkiyong/Documents/GitHub/ProjectBBK/Content/FantasyBundle/Materials/M_CastleMasterBlend.uasset" 2313
"C:/Users/kimkiyong/Documents/GitHub/ProjectBBK/Content/FantasyBundle/Materials/M_CastleMasterBlend.uexp" 2314
"C:/Users/kimkiyong/Documents/GitHub/ProjectBBK/Content/FantasyBundle/Textures/T_CastleStairs_ORM.ubulk" 2315
"C:/Users/kimkiyong/Documents/GitHub/ProjectBBK/Content/FantasyBundle/Textures/T_CastleStairs_ORM.uasset" 2316
"C:/Users/kimkiyong/Documents/GitHub/ProjectBBK/Content/FantasyBundle/Textures/T_CastleStairs_ORM.uexp" 2317
"C:/Users/kimkiyong/Documents/GitHub/ProjectBBK/Content/FantasyBundle/Textures/T_CastleStairs_N.ubulk" 2318
"C:/Users/kimkiyong/Documents/GitHub/ProjectBBK/Content/FantasyBundle/Textures/T_CastleStairs_N.uasset" 2319
"C:/Users/kimkiyong/Documents/GitHub/ProjectBBK/Content/FantasyBundle/Textures/T_CastleStairs_N.uexp" 2320
"C:/Users/kimkiyong/Documents/GitHub/ProjectBBK/Content/FantasyBundle/Textures/T_CastleStairs_BC.ubulk" 2321
"C:/Users/kimkiyong/Documents/GitHub/ProjectBBK/Content/FantasyBundle/Textures/T_CastleStairs_BC.uasset" 2322
"C:/Users/kimkiyong/Documents/GitHub/ProjectBBK/Content/FantasyBundle/Textures/T_CastleStairs_BC.uexp" 2323
"C:/Users/kimkiyong/Documents/GitHub/ProjectBBK/Content/FantasyBundle/Materials/M_CastleStairs01.uasset" 2324
"C:/Users/kimkiyong/Documents/GitHub/ProjectBBK/Content/FantasyBundle/Materials/M_CastleStairs01.uexp" 2325
"C:/Users/kimkiyong/Documents/GitHub/ProjectBBK/Content/FantasyBundle/Textures/T_WallStonesMoss02_ORM.ubulk" 2326
"C:/Users/kimkiyong/Documents/GitHub/ProjectBBK/Content/FantasyBundle/Textures/T_WallStonesMoss02_ORM.uasset" 2327
"C:/Users/kimkiyong/Documents/GitHub/ProjectBBK/Content/FantasyBundle/Textures/T_WallStonesMoss02_ORM.uexp" 2328
"C:/Users/kimkiyong/Documents/GitHub/ProjectBBK/Content/FantasyBundle/Textures/T_WallStonesMoss02_BC.ubulk" 2329
"C:/Users/kimkiyong/Documents/GitHub/ProjectBBK/Content/FantasyBundle/Textures/T_WallStonesMoss02_BC.uasset" 2330
"C:/Users/kimkiyong/Documents/GitHub/ProjectBBK/Content/FantasyBundle/Textures/T_WallStonesMoss02_BC.uexp" 2331
"C:/Users/kimkiyong/Documents/GitHub/ProjectBBK/Content/FantasyBundle/Materials/MI_WallStonesMoss02.uasset" 2332
"C:/Users/kimkiyong/Documents/GitHub/ProjectBBK/Content/FantasyBundle/Materials/MI_WallStonesMoss02.uexp" 2333
"C:/Users/kimkiyong/Documents/GitHub/ProjectBBK/Content/FantasyBundle/Textures/T_WallStones04_ORM.ubulk" 2334
"C:/Users/kimkiyong/Documents/GitHub/ProjectBBK/Content/FantasyBundle/Textures/T_WallStones04_ORM.uasset" 2335
"C:/Users/kimkiyong/Documents/GitHub/ProjectBBK/Content/FantasyBundle/Textures/T_WallStones04_ORM.uexp" 2336
"C:/Users/kimkiyong/Documents/GitHub/ProjectBBK/Content/FantasyBundle/Textures/T_WallStones04_N.ubulk" 2337
"C:/Users/kimkiyong/Documents/GitHub/ProjectBBK/Content/FantasyBundle/Textures/T_WallStones04_N.uasset" 2338
"C:/Users/kimkiyong/Documents/GitHub/ProjectBBK/Content/FantasyBundle/Textures/T_WallStones04_N.uexp" 2339
"C:/Users/kimkiyong/Documents/GitHub/ProjectBBK/Content/FantasyBundle/Textures/T_WallStones04_BC.ubulk" 2340
"C:/Users/kimkiyong/Documents/GitHub/ProjectBBK/Content/FantasyBundle/Textures/T_WallStones04_BC.uasset" 2341
"C:/Users/kimkiyong/Documents/GitHub/ProjectBBK/Content/FantasyBundle/Textures/T_WallStones04_BC.uexp" 2342
"C:/Users/kimkiyong/Documents/GitHub/ProjectBBK/Content/FantasyBundle/Textures/T_WallStones01_H.ubulk" 2343
"C:/Users/kimkiyong/Documents/GitHub/ProjectBBK/Content/FantasyBundle/Textures/T_WallStones01_H.uasset" 2344
"C:/Users/kimkiyong/Documents/GitHub/ProjectBBK/Content/FantasyBundle/Textures/T_WallStones01_H.uexp" 2345
"C:/Users/kimkiyong/Documents/GitHub/ProjectBBK/Content/FantasyBundle/Materials/MI_WallStonesBlend03.uasset" 2346
"C:/Users/kimkiyong/Documents/GitHub/ProjectBBK/Content/FantasyBundle/Materials/MI_WallStonesBlend03.uexp" 2347
"C:/Users/kimkiyong/Documents/GitHub/ProjectBBK/Content/FantasyBundle/Materials/MI_WallStonesBlend02.uasset" 2348
"C:/Users/kimkiyong/Documents/GitHub/ProjectBBK/Content/FantasyBundle/Materials/MI_WallStonesBlend02.uexp" 2349
"C:/Users/kimkiyong/Documents/GitHub/ProjectBBK/Content/FantasyBundle/Textures/T_WallStones01_ORM.ubulk" 2350
"C:/Users/kimkiyong/Documents/GitHub/ProjectBBK/Content/FantasyBundle/Textures/T_WallStones01_ORM.uasset" 2351
"C:/Users/kimkiyong/Documents/GitHub/ProjectBBK/Content/FantasyBundle/Textures/T_WallStones01_ORM.uexp" 2352
"C:/Users/kimkiyong/Documents/GitHub/ProjectBBK/Content/FantasyBundle/Textures/T_WallStones01_N.ubulk" 2353
"C:/Users/kimkiyong/Documents/GitHub/ProjectBBK/Content/FantasyBundle/Textures/T_WallStones01_N.uasset" 2354
"C:/Users/kimkiyong/Documents/GitHub/ProjectBBK/Content/FantasyBundle/Textures/T_WallStones01_N.uexp" 2355
"C:/Users/kimkiyong/Documents/GitHub/ProjectBBK/Content/FantasyBundle/Textures/T_WallStones01_BC.ubulk" 2356
"C:/Users/kimkiyong/Documents/GitHub/ProjectBBK/Content/FantasyBundle/Textures/T_WallStones01_BC.uasset" 2357
"C:/Users/kimkiyong/Documents/GitHub/ProjectBBK/Content/FantasyBundle/Textures/T_WallStones01_BC.uexp" 2358
"C:/Users/kimkiyong/Documents/GitHub/ProjectBBK/Content/FantasyBundle/Materials/MI_WallStones01.uasset" 2359
"C:/Users/kimkiyong/Documents/GitHub/ProjectBBK/Content/FantasyBundle/Materials/MI_WallStones01.uexp" 2360
"C:/Users/kimkiyong/Documents/GitHub/ProjectBBK/Content/FantasyBundle/Textures/T_SandTiled_H.ubulk" 2361
"C:/Users/kimkiyong/Documents/GitHub/ProjectBBK/Content/FantasyBundle/Textures/T_SandTiled_H.uasset" 2362
"C:/Users/kimkiyong/Documents/GitHub/ProjectBBK/Content/FantasyBundle/Textures/T_SandTiled_H.uexp" 2363
"C:/Users/kimkiyong/Documents/GitHub/ProjectBBK/Content/FantasyBundle/Textures/T_GroundTiles01_ORM.ubulk" 2364
"C:/Users/kimkiyong/Documents/GitHub/ProjectBBK/Content/FantasyBundle/Textures/T_GroundTiles01_ORM.uasset" 2365
"C:/Users/kimkiyong/Documents/GitHub/ProjectBBK/Content/FantasyBundle/Textures/T_GroundTiles01_ORM.uexp" 2366
"C:/Users/kimkiyong/Documents/GitHub/ProjectBBK/Content/FantasyBundle/Textures/T_GroundTiles01_N.ubulk" 2367
"C:/Users/kimkiyong/Documents/GitHub/ProjectBBK/Content/FantasyBundle/Textures/T_GroundTiles01_N.uasset" 2368
"C:/Users/kimkiyong/Documents/GitHub/ProjectBBK/Content/FantasyBundle/Textures/T_GroundTiles01_N.uexp" 2369
"C:/Users/kimkiyong/Documents/GitHub/ProjectBBK/Content/FantasyBundle/Textures/T_GroundTiles01_BC.ubulk" 2370
"C:/Users/kimkiyong/Documents/GitHub/ProjectBBK/Content/FantasyBundle/Textures/T_GroundTiles01_BC.uasset" 2371
"C:/Users/kimkiyong/Documents/GitHub/ProjectBBK/Content/FantasyBundle/Textures/T_GroundTiles01_BC.uexp" 2372
"C:/Users/kimkiyong/Documents/GitHub/ProjectBBK/Content/FantasyBundle/Materials/MI_SandStonesBlend01.uasset" 2373
"C:/Users/kimkiyong/Documents/GitHub/ProjectBBK/Content/FantasyBundle/Materials/MI_SandStonesBlend01.uexp" 2374
"C:/Users/kimkiyong/Documents/GitHub/ProjectBBK/Content/FantasyBundle/Materials/M_RiverWater01.uasset" 2375
"C:/Users/kimkiyong/Documents/GitHub/ProjectBBK/Content/FantasyBundle/Materials/M_RiverWater01.uexp" 2376
"C:/Users/kimkiyong/Documents/GitHub/ProjectBBK/Content/FantasyBundle/Materials/MI_RiverWater01.uasset" 2377
"C:/Users/kimkiyong/Documents/GitHub/ProjectBBK/Content/FantasyBundle/Materials/MI_RiverWater01.uexp" 2378
"C:/Users/kimkiyong/Documents/GitHub/ProjectBBK/Content/FantasyBundle/Textures/T_LeakingDecal02_MSK.ubulk" 2379
"C:/Users/kimkiyong/Documents/GitHub/ProjectBBK/Content/FantasyBundle/Textures/T_LeakingDecal02_MSK.uasset" 2380
"C:/Users/kimkiyong/Documents/GitHub/ProjectBBK/Content/FantasyBundle/Textures/T_LeakingDecal02_MSK.uexp" 2381
"C:/Users/kimkiyong/Documents/GitHub/ProjectBBK/Content/FantasyBundle/Materials/MI_LeakingDecal05.uasset" 2382
"C:/Users/kimkiyong/Documents/GitHub/ProjectBBK/Content/FantasyBundle/Materials/MI_LeakingDecal05.uexp" 2383
"C:/Users/kimkiyong/Documents/GitHub/ProjectBBK/Content/FantasyBundle/Materials/MI_LeakingDecal04.uasset" 2384
"C:/Users/kimkiyong/Documents/GitHub/ProjectBBK/Content/FantasyBundle/Materials/MI_LeakingDecal04.uexp" 2385
"C:/Users/kimkiyong/Documents/GitHub/ProjectBBK/Content/FantasyBundle/Materials/MI_GroundDirt01_Decal01.uasset" 2386
"C:/Users/kimkiyong/Documents/GitHub/ProjectBBK/Content/FantasyBundle/Materials/MI_GroundDirt01_Decal01.uexp" 2387
"C:/Users/kimkiyong/Documents/GitHub/ProjectBBK/Content/FantasyBundle/Materials/MI_GroundDirt01_Decal02.uasset" 2388
"C:/Users/kimkiyong/Documents/GitHub/ProjectBBK/Content/FantasyBundle/Materials/MI_GroundDirt01_Decal02.uexp" 2389
"C:/Users/kimkiyong/Documents/GitHub/ProjectBBK/Content/FantasyBundle/Materials/MI_CastleLeakingDecal03.uasset" 2390
"C:/Users/kimkiyong/Documents/GitHub/ProjectBBK/Content/FantasyBundle/Materials/MI_CastleLeakingDecal03.uexp" 2391
"C:/Users/kimkiyong/Documents/GitHub/ProjectBBK/Content/FantasyBundle/Materials/MI_CastleLeakingDecal02.uasset" 2392
"C:/Users/kimkiyong/Documents/GitHub/ProjectBBK/Content/FantasyBundle/Materials/MI_CastleLeakingDecal02.uexp" 2393
"C:/Users/kimkiyong/Documents/GitHub/ProjectBBK/Content/FantasyBundle/Textures/T_Grass01_ORM.ubulk" 2394
"C:/Users/kimkiyong/Documents/GitHub/ProjectBBK/Content/FantasyBundle/Textures/T_Grass01_ORM.uasset" 2395
"C:/Users/kimkiyong/Documents/GitHub/ProjectBBK/Content/FantasyBundle/Textures/T_Grass01_ORM.uexp" 2396
"C:/Users/kimkiyong/Documents/GitHub/ProjectBBK/Content/FantasyBundle/Textures/T_Grass01_N.ubulk" 2397
"C:/Users/kimkiyong/Documents/GitHub/ProjectBBK/Content/FantasyBundle/Textures/T_Grass01_N.uasset" 2398
"C:/Users/kimkiyong/Documents/GitHub/ProjectBBK/Content/FantasyBundle/Textures/T_Grass01_N.uexp" 2399
"C:/Users/kimkiyong/Documents/GitHub/ProjectBBK/Content/FantasyBundle/Textures/T_Grass01_BC.ubulk" 2400
"C:/Users/kimkiyong/Documents/GitHub/ProjectBBK/Content/FantasyBundle/Textures/T_Grass01_BC.uasset" 2401
"C:/Users/kimkiyong/Documents/GitHub/ProjectBBK/Content/FantasyBundle/Textures/T_Grass01_BC.uexp" 2402
"C:/Users/kimkiyong/Documents/GitHub/ProjectBBK/Content/FantasyBundle/Materials/M_GrassAnimated02.uasset" 2403
"C:/Users/kimkiyong/Documents/GitHub/ProjectBBK/Content/FantasyBundle/Materials/M_GrassAnimated02.uexp" 2404
"C:/Users/kimkiyong/Documents/GitHub/ProjectBBK/Content/FantasyBundle/Meshes/SM_GrassCastle03.ubulk" 2405
"C:/Users/kimkiyong/Documents/GitHub/ProjectBBK/Content/FantasyBundle/Meshes/SM_GrassCastle03.uasset" 2406
"C:/Users/kimkiyong/Documents/GitHub/ProjectBBK/Content/FantasyBundle/Meshes/SM_GrassCastle03.uexp" 2407
"C:/Users/kimkiyong/Documents/GitHub/ProjectBBK/Content/FantasyBundle/Folliage/GrassFolliage01.uasset" 2408
"C:/Users/kimkiyong/Documents/GitHub/ProjectBBK/Content/FantasyBundle/Folliage/GrassFolliage01.uexp" 2409
"C:/Users/kimkiyong/Documents/GitHub/ProjectBBK/Content/FantasyBundle/Meshes/SM_Grass04.ubulk" 2410
"C:/Users/kimkiyong/Documents/GitHub/ProjectBBK/Content/FantasyBundle/Meshes/SM_Grass04.uasset" 2411
"C:/Users/kimkiyong/Documents/GitHub/ProjectBBK/Content/FantasyBundle/Meshes/SM_Grass04.uexp" 2412
"C:/Users/kimkiyong/Documents/GitHub/ProjectBBK/Content/FantasyBundle/Folliage/GrassFolliage02.uasset" 2413
"C:/Users/kimkiyong/Documents/GitHub/ProjectBBK/Content/FantasyBundle/Folliage/GrassFolliage02.uexp" 2414
"C:/Users/kimkiyong/Documents/GitHub/ProjectBBK/Content/FantasyBundle/Textures/T_WallStones02_ORM.ubulk" 2415
"C:/Users/kimkiyong/Documents/GitHub/ProjectBBK/Content/FantasyBundle/Textures/T_WallStones02_ORM.uasset" 2416
"C:/Users/kimkiyong/Documents/GitHub/ProjectBBK/Content/FantasyBundle/Textures/T_WallStones02_ORM.uexp" 2417
"C:/Users/kimkiyong/Documents/GitHub/ProjectBBK/Content/FantasyBundle/Textures/T_WallStones02_N.ubulk" 2418
"C:/Users/kimkiyong/Documents/GitHub/ProjectBBK/Content/FantasyBundle/Textures/T_WallStones02_N.uasset" 2419
"C:/Users/kimkiyong/Documents/GitHub/ProjectBBK/Content/FantasyBundle/Textures/T_WallStones02_N.uexp" 2420
"C:/Users/kimkiyong/Documents/GitHub/ProjectBBK/Content/FantasyBundle/Textures/T_WallStones02_BC.ubulk" 2421
"C:/Users/kimkiyong/Documents/GitHub/ProjectBBK/Content/FantasyBundle/Textures/T_WallStones02_BC.uasset" 2422
"C:/Users/kimkiyong/Documents/GitHub/ProjectBBK/Content/FantasyBundle/Textures/T_WallStones02_BC.uexp" 2423
"C:/Users/kimkiyong/Documents/GitHub/ProjectBBK/Content/FantasyBundle/Materials/MI_WallStones02.uasset" 2424
"C:/Users/kimkiyong/Documents/GitHub/ProjectBBK/Content/FantasyBundle/Materials/MI_WallStones02.uexp" 2425
"C:/Users/kimkiyong/Documents/GitHub/ProjectBBK/Content/FantasyBundle/Textures/T_StoneBorderTiles01_ORM.ubulk" 2426
"C:/Users/kimkiyong/Documents/GitHub/ProjectBBK/Content/FantasyBundle/Textures/T_StoneBorderTiles01_ORM.uasset" 2427
"C:/Users/kimkiyong/Documents/GitHub/ProjectBBK/Content/FantasyBundle/Textures/T_StoneBorderTiles01_ORM.uexp" 2428
"C:/Users/kimkiyong/Documents/GitHub/ProjectBBK/Content/FantasyBundle/Textures/T_StoneBorderTiles01_N.ubulk" 2429
"C:/Users/kimkiyong/Documents/GitHub/ProjectBBK/Content/FantasyBundle/Textures/T_StoneBorderTiles01_N.uasset" 2430
"C:/Users/kimkiyong/Documents/GitHub/ProjectBBK/Content/FantasyBundle/Textures/T_StoneBorderTiles01_N.uexp" 2431
"C:/Users/kimkiyong/Documents/GitHub/ProjectBBK/Content/FantasyBundle/Textures/T_StoneBorderTiles01_BC.ubulk" 2432
"C:/Users/kimkiyong/Documents/GitHub/ProjectBBK/Content/FantasyBundle/Textures/T_StoneBorderTiles01_BC.uasset" 2433
"C:/Users/kimkiyong/Documents/GitHub/ProjectBBK/Content/FantasyBundle/Textures/T_StoneBorderTiles01_BC.uexp" 2434
"C:/Users/kimkiyong/Documents/GitHub/ProjectBBK/Content/FantasyBundle/Materials/MI_StoneBorder.uasset" 2435
"C:/Users/kimkiyong/Documents/GitHub/ProjectBBK/Content/FantasyBundle/Materials/MI_StoneBorder.uexp" 2436
"C:/Users/kimkiyong/Documents/GitHub/ProjectBBK/Content/FantasyBundle/Meshes/SM_Bridge01.ubulk" 2437
"C:/Users/kimkiyong/Documents/GitHub/ProjectBBK/Content/FantasyBundle/Meshes/SM_Bridge01.uasset" 2438
"C:/Users/kimkiyong/Documents/GitHub/ProjectBBK/Content/FantasyBundle/Meshes/SM_Bridge01.uexp" 2439
"C:/Users/kimkiyong/Documents/GitHub/ProjectBBK/Content/FantasyBundle/Meshes/SM_Bridge02.ubulk" 2440
"C:/Users/kimkiyong/Documents/GitHub/ProjectBBK/Content/FantasyBundle/Meshes/SM_Bridge02.uasset" 2441
"C:/Users/kimkiyong/Documents/GitHub/ProjectBBK/Content/FantasyBundle/Meshes/SM_Bridge02.uexp" 2442
"C:/Users/kimkiyong/Documents/GitHub/ProjectBBK/Content/FantasyBundle/Meshes/SM_Bridge03.ubulk" 2443
"C:/Users/kimkiyong/Documents/GitHub/ProjectBBK/Content/FantasyBundle/Meshes/SM_Bridge03.uasset" 2444
"C:/Users/kimkiyong/Documents/GitHub/ProjectBBK/Content/FantasyBundle/Meshes/SM_Bridge03.uexp" 2445
"C:/Users/kimkiyong/Documents/GitHub/ProjectBBK/Content/FantasyBundle/Textures/T_WoodMetalTiles_ORM.ubulk" 2446
"C:/Users/kimkiyong/Documents/GitHub/ProjectBBK/Content/FantasyBundle/Textures/T_WoodMetalTiles_ORM.uasset" 2447
"C:/Users/kimkiyong/Documents/GitHub/ProjectBBK/Content/FantasyBundle/Textures/T_WoodMetalTiles_ORM.uexp" 2448
"C:/Users/kimkiyong/Documents/GitHub/ProjectBBK/Content/FantasyBundle/Textures/T_WoodMetalTiles_N.ubulk" 2449
"C:/Users/kimkiyong/Documents/GitHub/ProjectBBK/Content/FantasyBundle/Textures/T_WoodMetalTiles_N.uasset" 2450
"C:/Users/kimkiyong/Documents/GitHub/ProjectBBK/Content/FantasyBundle/Textures/T_WoodMetalTiles_N.uexp" 2451
"C:/Users/kimkiyong/Documents/GitHub/ProjectBBK/Content/FantasyBundle/Textures/T_WoodMetalTiles_BC.ubulk" 2452
"C:/Users/kimkiyong/Documents/GitHub/ProjectBBK/Content/FantasyBundle/Textures/T_WoodMetalTiles_BC.uasset" 2453
"C:/Users/kimkiyong/Documents/GitHub/ProjectBBK/Content/FantasyBundle/Textures/T_WoodMetalTiles_BC.uexp" 2454
"C:/Users/kimkiyong/Documents/GitHub/ProjectBBK/Content/FantasyBundle/Materials/MI_WoodMetalsTiles.uasset" 2455
"C:/Users/kimkiyong/Documents/GitHub/ProjectBBK/Content/FantasyBundle/Materials/MI_WoodMetalsTiles.uexp" 2456
"C:/Users/kimkiyong/Documents/GitHub/ProjectBBK/Content/FantasyBundle/Meshes/SM_Cannon01.ubulk" 2457
"C:/Users/kimkiyong/Documents/GitHub/ProjectBBK/Content/FantasyBundle/Meshes/SM_Cannon01.uasset" 2458
"C:/Users/kimkiyong/Documents/GitHub/ProjectBBK/Content/FantasyBundle/Meshes/SM_Cannon01.uexp" 2459
"C:/Users/kimkiyong/Documents/GitHub/ProjectBBK/Content/FantasyBundle/Meshes/SM_Cannon02.ubulk" 2460
"C:/Users/kimkiyong/Documents/GitHub/ProjectBBK/Content/FantasyBundle/Meshes/SM_Cannon02.uasset" 2461
"C:/Users/kimkiyong/Documents/GitHub/ProjectBBK/Content/FantasyBundle/Meshes/SM_Cannon02.uexp" 2462
"C:/Users/kimkiyong/Documents/GitHub/ProjectBBK/Content/FantasyBundle/Meshes/SM_Cannon03.ubulk" 2463
"C:/Users/kimkiyong/Documents/GitHub/ProjectBBK/Content/FantasyBundle/Meshes/SM_Cannon03.uasset" 2464
"C:/Users/kimkiyong/Documents/GitHub/ProjectBBK/Content/FantasyBundle/Meshes/SM_Cannon03.uexp" 2465
"C:/Users/kimkiyong/Documents/GitHub/ProjectBBK/Content/FantasyBundle/Meshes/SM_Cannon04.ubulk" 2466
"C:/Users/kimkiyong/Documents/GitHub/ProjectBBK/Content/FantasyBundle/Meshes/SM_Cannon04.uasset" 2467
"C:/Users/kimkiyong/Documents/GitHub/ProjectBBK/Content/FantasyBundle/Meshes/SM_Cannon04.uexp" 2468
"C:/Users/kimkiyong/Documents/GitHub/ProjectBBK/Content/FantasyBundle/Materials/MI_WallStones04.uasset" 2469
"C:/Users/kimkiyong/Documents/GitHub/ProjectBBK/Content/FantasyBundle/Materials/MI_WallStones04.uexp" 2470
"C:/Users/kimkiyong/Documents/GitHub/ProjectBBK/Content/FantasyBundle/Meshes/SM_EntranceLargePillar01.ubulk" 2471
"C:/Users/kimkiyong/Documents/GitHub/ProjectBBK/Content/FantasyBundle/Meshes/SM_EntranceLargePillar01.uasset" 2472
"C:/Users/kimkiyong/Documents/GitHub/ProjectBBK/Content/FantasyBundle/Meshes/SM_EntranceLargePillar01.uexp" 2473
"C:/Users/kimkiyong/Documents/GitHub/ProjectBBK/Content/FantasyBundle/Materials/MI_WallStones03.uasset" 2474
"C:/Users/kimkiyong/Documents/GitHub/ProjectBBK/Content/FantasyBundle/Materials/MI_WallStones03.uexp" 2475
"C:/Users/kimkiyong/Documents/GitHub/ProjectBBK/Content/FantasyBundle/Textures/T_StoneDetails_ORM.ubulk" 2476
"C:/Users/kimkiyong/Documents/GitHub/ProjectBBK/Content/FantasyBundle/Textures/T_StoneDetails_ORM.uasset" 2477
"C:/Users/kimkiyong/Documents/GitHub/ProjectBBK/Content/FantasyBundle/Textures/T_StoneDetails_ORM.uexp" 2478
"C:/Users/kimkiyong/Documents/GitHub/ProjectBBK/Content/FantasyBundle/Textures/T_StoneDetails_N.ubulk" 2479
"C:/Users/kimkiyong/Documents/GitHub/ProjectBBK/Content/FantasyBundle/Textures/T_StoneDetails_N.uasset" 2480
"C:/Users/kimkiyong/Documents/GitHub/ProjectBBK/Content/FantasyBundle/Textures/T_StoneDetails_N.uexp" 2481
"C:/Users/kimkiyong/Documents/GitHub/ProjectBBK/Content/FantasyBundle/Textures/T_StoneDetails_BC.ubulk" 2482
"C:/Users/kimkiyong/Documents/GitHub/ProjectBBK/Content/FantasyBundle/Textures/T_StoneDetails_BC.uasset" 2483
"C:/Users/kimkiyong/Documents/GitHub/ProjectBBK/Content/FantasyBundle/Textures/T_StoneDetails_BC.uexp" 2484
"C:/Users/kimkiyong/Documents/GitHub/ProjectBBK/Content/FantasyBundle/Materials/MI_StoneDetails.uasset" 2485
"C:/Users/kimkiyong/Documents/GitHub/ProjectBBK/Content/FantasyBundle/Materials/MI_StoneDetails.uexp" 2486
"C:/Users/kimkiyong/Documents/GitHub/ProjectBBK/Content/FantasyBundle/Meshes/SM_EntranceLargePillar02.ubulk" 2487
"C:/Users/kimkiyong/Documents/GitHub/ProjectBBK/Content/FantasyBundle/Meshes/SM_EntranceLargePillar02.uasset" 2488
"C:/Users/kimkiyong/Documents/GitHub/ProjectBBK/Content/FantasyBundle/Meshes/SM_EntranceLargePillar02.uexp" 2489
"C:/Users/kimkiyong/Documents/GitHub/ProjectBBK/Content/FantasyBundle/Meshes/SM_EntranceLargePillar03.ubulk" 2490
"C:/Users/kimkiyong/Documents/GitHub/ProjectBBK/Content/FantasyBundle/Meshes/SM_EntranceLargePillar03.uasset" 2491
"C:/Users/kimkiyong/Documents/GitHub/ProjectBBK/Content/FantasyBundle/Meshes/SM_EntranceLargePillar03.uexp" 2492
"C:/Users/kimkiyong/Documents/GitHub/ProjectBBK/Content/FantasyBundle/Meshes/SM_EntranceLargePillar04.ubulk" 2493
"C:/Users/kimkiyong/Documents/GitHub/ProjectBBK/Content/FantasyBundle/Meshes/SM_EntranceLargePillar04.uasset" 2494
"C:/Users/kimkiyong/Documents/GitHub/ProjectBBK/Content/FantasyBundle/Meshes/SM_EntranceLargePillar04.uexp" 2495
"C:/Users/kimkiyong/Documents/GitHub/ProjectBBK/Content/FantasyBundle/Meshes/SM_EntranceLargePillar05.ubulk" 2496
"C:/Users/kimkiyong/Documents/GitHub/ProjectBBK/Content/FantasyBundle/Meshes/SM_EntranceLargePillar05.uasset" 2497
"C:/Users/kimkiyong/Documents/GitHub/ProjectBBK/Content/FantasyBundle/Meshes/SM_EntranceLargePillar05.uexp" 2498
"C:/Users/kimkiyong/Documents/GitHub/ProjectBBK/Content/FantasyBundle/Meshes/SM_EntranceLargePillar06.ubulk" 2499
"C:/Users/kimkiyong/Documents/GitHub/ProjectBBK/Content/FantasyBundle/Meshes/SM_EntranceLargePillar06.uasset" 2500
"C:/Users/kimkiyong/Documents/GitHub/ProjectBBK/Content/FantasyBundle/Meshes/SM_EntranceLargePillar06.uexp" 2501
"C:/Users/kimkiyong/Documents/GitHub/ProjectBBK/Content/FantasyBundle/Meshes/SM_EntranceLargePillar07.ubulk" 2502
"C:/Users/kimkiyong/Documents/GitHub/ProjectBBK/Content/FantasyBundle/Meshes/SM_EntranceLargePillar07.uasset" 2503
"C:/Users/kimkiyong/Documents/GitHub/ProjectBBK/Content/FantasyBundle/Meshes/SM_EntranceLargePillar07.uexp" 2504
"C:/Users/kimkiyong/Documents/GitHub/ProjectBBK/Content/FantasyBundle/Meshes/SM_EntranceLargePillar08.ubulk" 2505
"C:/Users/kimkiyong/Documents/GitHub/ProjectBBK/Content/FantasyBundle/Meshes/SM_EntranceLargePillar08.uasset" 2506
"C:/Users/kimkiyong/Documents/GitHub/ProjectBBK/Content/FantasyBundle/Meshes/SM_EntranceLargePillar08.uexp" 2507
"C:/Users/kimkiyong/Documents/GitHub/ProjectBBK/Content/FantasyBundle/Textures/T_Fabric02_ORM.ubulk" 2508
"C:/Users/kimkiyong/Documents/GitHub/ProjectBBK/Content/FantasyBundle/Textures/T_Fabric02_ORM.uasset" 2509
"C:/Users/kimkiyong/Documents/GitHub/ProjectBBK/Content/FantasyBundle/Textures/T_Fabric02_ORM.uexp" 2510
"C:/Users/kimkiyong/Documents/GitHub/ProjectBBK/Content/FantasyBundle/Textures/T_Fabric02_N.ubulk" 2511
"C:/Users/kimkiyong/Documents/GitHub/ProjectBBK/Content/FantasyBundle/Textures/T_Fabric02_N.uasset" 2512
"C:/Users/kimkiyong/Documents/GitHub/ProjectBBK/Content/FantasyBundle/Textures/T_Fabric02_N.uexp" 2513
"C:/Users/kimkiyong/Documents/GitHub/ProjectBBK/Content/FantasyBundle/Textures/T_Fabric02_BC.ubulk" 2514
"C:/Users/kimkiyong/Documents/GitHub/ProjectBBK/Content/FantasyBundle/Textures/T_Fabric02_BC.uasset" 2515
"C:/Users/kimkiyong/Documents/GitHub/ProjectBBK/Content/FantasyBundle/Textures/T_Fabric02_BC.uexp" 2516
"C:/Users/kimkiyong/Documents/GitHub/ProjectBBK/Content/FantasyBundle/Materials/MI_Fabric.uasset" 2517
"C:/Users/kimkiyong/Documents/GitHub/ProjectBBK/Content/FantasyBundle/Materials/MI_Fabric.uexp" 2518
"C:/Users/kimkiyong/Documents/GitHub/ProjectBBK/Content/FantasyBundle/Meshes/SM_FabricCastle01.ubulk" 2519
"C:/Users/kimkiyong/Documents/GitHub/ProjectBBK/Content/FantasyBundle/Meshes/SM_FabricCastle01.uasset" 2520
"C:/Users/kimkiyong/Documents/GitHub/ProjectBBK/Content/FantasyBundle/Meshes/SM_FabricCastle01.uexp" 2521
"C:/Users/kimkiyong/Documents/GitHub/ProjectBBK/Content/FantasyBundle/Meshes/SM_FabricCastle02.ubulk" 2522
"C:/Users/kimkiyong/Documents/GitHub/ProjectBBK/Content/FantasyBundle/Meshes/SM_FabricCastle02.uasset" 2523
"C:/Users/kimkiyong/Documents/GitHub/ProjectBBK/Content/FantasyBundle/Meshes/SM_FabricCastle02.uexp" 2524
"C:/Users/kimkiyong/Documents/GitHub/ProjectBBK/Content/FantasyBundle/Meshes/SM_FabricCastle03.ubulk" 2525
"C:/Users/kimkiyong/Documents/GitHub/ProjectBBK/Content/FantasyBundle/Meshes/SM_FabricCastle03.uasset" 2526
"C:/Users/kimkiyong/Documents/GitHub/ProjectBBK/Content/FantasyBundle/Meshes/SM_FabricCastle03.uexp" 2527
"C:/Users/kimkiyong/Documents/GitHub/ProjectBBK/Content/FantasyBundle/Materials/M_FabricAnimated.uasset" 2528
"C:/Users/kimkiyong/Documents/GitHub/ProjectBBK/Content/FantasyBundle/Materials/M_FabricAnimated.uexp" 2529
"C:/Users/kimkiyong/Documents/GitHub/ProjectBBK/Content/FantasyBundle/Meshes/SM_Flag02.ubulk" 2530
"C:/Users/kimkiyong/Documents/GitHub/ProjectBBK/Content/FantasyBundle/Meshes/SM_Flag02.uasset" 2531
"C:/Users/kimkiyong/Documents/GitHub/ProjectBBK/Content/FantasyBundle/Meshes/SM_Flag02.uexp" 2532
"C:/Users/kimkiyong/Documents/GitHub/ProjectBBK/Content/FantasyBundle/Meshes/SM_FlagCastle01.ubulk" 2533
"C:/Users/kimkiyong/Documents/GitHub/ProjectBBK/Content/FantasyBundle/Meshes/SM_FlagCastle01.uasset" 2534
"C:/Users/kimkiyong/Documents/GitHub/ProjectBBK/Content/FantasyBundle/Meshes/SM_FlagCastle01.uexp" 2535
"C:/Users/kimkiyong/Documents/GitHub/ProjectBBK/Content/FantasyBundle/Meshes/SM_Floor04.ubulk" 2536
"C:/Users/kimkiyong/Documents/GitHub/ProjectBBK/Content/FantasyBundle/Meshes/SM_Floor04.uasset" 2537
"C:/Users/kimkiyong/Documents/GitHub/ProjectBBK/Content/FantasyBundle/Meshes/SM_Floor04.uexp" 2538
"C:/Users/kimkiyong/Documents/GitHub/ProjectBBK/Content/FantasyBundle/Materials/MI_GroundTiles01.uasset" 2539
"C:/Users/kimkiyong/Documents/GitHub/ProjectBBK/Content/FantasyBundle/Materials/MI_GroundTiles01.uexp" 2540
"C:/Users/kimkiyong/Documents/GitHub/ProjectBBK/Content/FantasyBundle/Meshes/SM_FloorCastle01.ubulk" 2541
"C:/Users/kimkiyong/Documents/GitHub/ProjectBBK/Content/FantasyBundle/Meshes/SM_FloorCastle01.uasset" 2542
"C:/Users/kimkiyong/Documents/GitHub/ProjectBBK/Content/FantasyBundle/Meshes/SM_FloorCastle01.uexp" 2543
"C:/Users/kimkiyong/Documents/GitHub/ProjectBBK/Content/FantasyBundle/Meshes/SM_FloorCastle02.ubulk" 2544
"C:/Users/kimkiyong/Documents/GitHub/ProjectBBK/Content/FantasyBundle/Meshes/SM_FloorCastle02.uasset" 2545
"C:/Users/kimkiyong/Documents/GitHub/ProjectBBK/Content/FantasyBundle/Meshes/SM_FloorCastle02.uexp" 2546
"C:/Users/kimkiyong/Documents/GitHub/ProjectBBK/Content/FantasyBundle/Meshes/SM_FloorCastle03.ubulk" 2547
"C:/Users/kimkiyong/Documents/GitHub/ProjectBBK/Content/FantasyBundle/Meshes/SM_FloorCastle03.uasset" 2548
"C:/Users/kimkiyong/Documents/GitHub/ProjectBBK/Content/FantasyBundle/Meshes/SM_FloorCastle03.uexp" 2549
"C:/Users/kimkiyong/Documents/GitHub/ProjectBBK/Content/FantasyBundle/Meshes/SM_FloorStones01.ubulk" 2550
"C:/Users/kimkiyong/Documents/GitHub/ProjectBBK/Content/FantasyBundle/Meshes/SM_FloorStones01.uasset" 2551
"C:/Users/kimkiyong/Documents/GitHub/ProjectBBK/Content/FantasyBundle/Meshes/SM_FloorStones01.uexp" 2552
"C:/Users/kimkiyong/Documents/GitHub/ProjectBBK/Content/FantasyBundle/Textures/T_GroundPlates_ORM.ubulk" 2553
"C:/Users/kimkiyong/Documents/GitHub/ProjectBBK/Content/FantasyBundle/Textures/T_GroundPlates_ORM.uasset" 2554
"C:/Users/kimkiyong/Documents/GitHub/ProjectBBK/Content/FantasyBundle/Textures/T_GroundPlates_ORM.uexp" 2555
"C:/Users/kimkiyong/Documents/GitHub/ProjectBBK/Content/FantasyBundle/Textures/T_GroundPlates_N.ubulk" 2556
"C:/Users/kimkiyong/Documents/GitHub/ProjectBBK/Content/FantasyBundle/Textures/T_GroundPlates_N.uasset" 2557
"C:/Users/kimkiyong/Documents/GitHub/ProjectBBK/Content/FantasyBundle/Textures/T_GroundPlates_N.uexp" 2558
"C:/Users/kimkiyong/Documents/GitHub/ProjectBBK/Content/FantasyBundle/Textures/T_GroundPlates_BC.ubulk" 2559
"C:/Users/kimkiyong/Documents/GitHub/ProjectBBK/Content/FantasyBundle/Textures/T_GroundPlates_BC.uasset" 2560
"C:/Users/kimkiyong/Documents/GitHub/ProjectBBK/Content/FantasyBundle/Textures/T_GroundPlates_BC.uexp" 2561
"C:/Users/kimkiyong/Documents/GitHub/ProjectBBK/Content/FantasyBundle/Materials/MI_GroundPlates.uasset" 2562
"C:/Users/kimkiyong/Documents/GitHub/ProjectBBK/Content/FantasyBundle/Materials/MI_GroundPlates.uexp" 2563
"C:/Users/kimkiyong/Documents/GitHub/ProjectBBK/Content/FantasyBundle/Meshes/SM_GroundPlate04.ubulk" 2564
"C:/Users/kimkiyong/Documents/GitHub/ProjectBBK/Content/FantasyBundle/Meshes/SM_GroundPlate04.uasset" 2565
"C:/Users/kimkiyong/Documents/GitHub/ProjectBBK/Content/FantasyBundle/Meshes/SM_GroundPlate04.uexp" 2566
"C:/Users/kimkiyong/Documents/GitHub/ProjectBBK/Content/FantasyBundle/Meshes/SM_GroundPlate05.ubulk" 2567
"C:/Users/kimkiyong/Documents/GitHub/ProjectBBK/Content/FantasyBundle/Meshes/SM_GroundPlate05.uasset" 2568
"C:/Users/kimkiyong/Documents/GitHub/ProjectBBK/Content/FantasyBundle/Meshes/SM_GroundPlate05.uexp" 2569
"C:/Users/kimkiyong/Documents/GitHub/ProjectBBK/Content/FantasyBundle/Meshes/SM_MetalCage02.ubulk" 2570
"C:/Users/kimkiyong/Documents/GitHub/ProjectBBK/Content/FantasyBundle/Meshes/SM_MetalCage02.uasset" 2571
"C:/Users/kimkiyong/Documents/GitHub/ProjectBBK/Content/FantasyBundle/Meshes/SM_MetalCage02.uexp" 2572
"C:/Users/kimkiyong/Documents/GitHub/ProjectBBK/Content/FantasyBundle/Meshes/SM_MetalGate01.ubulk" 2573
"C:/Users/kimkiyong/Documents/GitHub/ProjectBBK/Content/FantasyBundle/Meshes/SM_MetalGate01.uasset" 2574
"C:/Users/kimkiyong/Documents/GitHub/ProjectBBK/Content/FantasyBundle/Meshes/SM_MetalGate01.uexp" 2575
"C:/Users/kimkiyong/Documents/GitHub/ProjectBBK/Content/FantasyBundle/Meshes/SM_MetalGate04.ubulk" 2576
"C:/Users/kimkiyong/Documents/GitHub/ProjectBBK/Content/FantasyBundle/Meshes/SM_MetalGate04.uasset" 2577
"C:/Users/kimkiyong/Documents/GitHub/ProjectBBK/Content/FantasyBundle/Meshes/SM_MetalGate04.uexp" 2578
"C:/Users/kimkiyong/Documents/GitHub/ProjectBBK/Content/FantasyBundle/Textures/T_RockCastle_ORM.ubulk" 2579
"C:/Users/kimkiyong/Documents/GitHub/ProjectBBK/Content/FantasyBundle/Textures/T_RockCastle_ORM.uasset" 2580
"C:/Users/kimkiyong/Documents/GitHub/ProjectBBK/Content/FantasyBundle/Textures/T_RockCastle_ORM.uexp" 2581
"C:/Users/kimkiyong/Documents/GitHub/ProjectBBK/Content/FantasyBundle/Textures/T_RockCastle_N.ubulk" 2582
"C:/Users/kimkiyong/Documents/GitHub/ProjectBBK/Content/FantasyBundle/Textures/T_RockCastle_N.uasset" 2583
"C:/Users/kimkiyong/Documents/GitHub/ProjectBBK/Content/FantasyBundle/Textures/T_RockCastle_N.uexp" 2584
"C:/Users/kimkiyong/Documents/GitHub/ProjectBBK/Content/FantasyBundle/Textures/T_RockCastle01_BC.ubulk" 2585
"C:/Users/kimkiyong/Documents/GitHub/ProjectBBK/Content/FantasyBundle/Textures/T_RockCastle01_BC.uasset" 2586
"C:/Users/kimkiyong/Documents/GitHub/ProjectBBK/Content/FantasyBundle/Textures/T_RockCastle01_BC.uexp" 2587
"C:/Users/kimkiyong/Documents/GitHub/ProjectBBK/Content/FantasyBundle/Materials/MI_CastleRock01.uasset" 2588
"C:/Users/kimkiyong/Documents/GitHub/ProjectBBK/Content/FantasyBundle/Materials/MI_CastleRock01.uexp" 2589
"C:/Users/kimkiyong/Documents/GitHub/ProjectBBK/Content/FantasyBundle/Meshes/SM_RockCastle01.ubulk" 2590
"C:/Users/kimkiyong/Documents/GitHub/ProjectBBK/Content/FantasyBundle/Meshes/SM_RockCastle01.uasset" 2591
"C:/Users/kimkiyong/Documents/GitHub/ProjectBBK/Content/FantasyBundle/Meshes/SM_RockCastle01.uexp" 2592
"C:/Users/kimkiyong/Documents/GitHub/ProjectBBK/Content/FantasyBundle/Textures/T_Rock02_ORM.ubulk" 2593
"C:/Users/kimkiyong/Documents/GitHub/ProjectBBK/Content/FantasyBundle/Textures/T_Rock02_ORM.uasset" 2594
"C:/Users/kimkiyong/Documents/GitHub/ProjectBBK/Content/FantasyBundle/Textures/T_Rock02_ORM.uexp" 2595
"C:/Users/kimkiyong/Documents/GitHub/ProjectBBK/Content/FantasyBundle/Textures/T_Rock02_N.ubulk" 2596
"C:/Users/kimkiyong/Documents/GitHub/ProjectBBK/Content/FantasyBundle/Textures/T_Rock02_N.uasset" 2597
"C:/Users/kimkiyong/Documents/GitHub/ProjectBBK/Content/FantasyBundle/Textures/T_Rock02_N.uexp" 2598
"C:/Users/kimkiyong/Documents/GitHub/ProjectBBK/Content/FantasyBundle/Textures/T_Rock02_BC.ubulk" 2599
"C:/Users/kimkiyong/Documents/GitHub/ProjectBBK/Content/FantasyBundle/Textures/T_Rock02_BC.uasset" 2600
"C:/Users/kimkiyong/Documents/GitHub/ProjectBBK/Content/FantasyBundle/Textures/T_Rock02_BC.uexp" 2601
"C:/Users/kimkiyong/Documents/GitHub/ProjectBBK/Content/FantasyBundle/Materials/MI_Rock02.uasset" 2602
"C:/Users/kimkiyong/Documents/GitHub/ProjectBBK/Content/FantasyBundle/Materials/MI_Rock02.uexp" 2603
"C:/Users/kimkiyong/Documents/GitHub/ProjectBBK/Content/FantasyBundle/Meshes/SM_RockCastle02.ubulk" 2604
"C:/Users/kimkiyong/Documents/GitHub/ProjectBBK/Content/FantasyBundle/Meshes/SM_RockCastle02.uasset" 2605
"C:/Users/kimkiyong/Documents/GitHub/ProjectBBK/Content/FantasyBundle/Meshes/SM_RockCastle02.uexp" 2606
"C:/Users/kimkiyong/Documents/GitHub/ProjectBBK/Content/FantasyBundle/Meshes/SM_RopeCatle01.ubulk" 2607
"C:/Users/kimkiyong/Documents/GitHub/ProjectBBK/Content/FantasyBundle/Meshes/SM_RopeCatle01.uasset" 2608
"C:/Users/kimkiyong/Documents/GitHub/ProjectBBK/Content/FantasyBundle/Meshes/SM_RopeCatle01.uexp" 2609
"C:/Users/kimkiyong/Documents/GitHub/ProjectBBK/Content/FantasyBundle/Meshes/SM_RoundStones.ubulk" 2610
"C:/Users/kimkiyong/Documents/GitHub/ProjectBBK/Content/FantasyBundle/Meshes/SM_RoundStones.uasset" 2611
"C:/Users/kimkiyong/Documents/GitHub/ProjectBBK/Content/FantasyBundle/Meshes/SM_RoundStones.uexp" 2612
"C:/Users/kimkiyong/Documents/GitHub/ProjectBBK/Content/FantasyBundle/Textures/T_ShowroomFloor_BC.ubulk" 2613
"C:/Users/kimkiyong/Documents/GitHub/ProjectBBK/Content/FantasyBundle/Textures/T_ShowroomFloor_BC.uasset" 2614
"C:/Users/kimkiyong/Documents/GitHub/ProjectBBK/Content/FantasyBundle/Textures/T_ShowroomFloor_BC.uexp" 2615
"C:/Users/kimkiyong/Documents/GitHub/ProjectBBK/Content/FantasyBundle/Materials/M_ShowroomFloor.uasset" 2616
"C:/Users/kimkiyong/Documents/GitHub/ProjectBBK/Content/FantasyBundle/Materials/M_ShowroomFloor.uexp" 2617
"C:/Users/kimkiyong/Documents/GitHub/ProjectBBK/Content/FantasyBundle/Meshes/SM_Showroom01.ubulk" 2618
"C:/Users/kimkiyong/Documents/GitHub/ProjectBBK/Content/FantasyBundle/Meshes/SM_Showroom01.uasset" 2619
"C:/Users/kimkiyong/Documents/GitHub/ProjectBBK/Content/FantasyBundle/Meshes/SM_Showroom01.uexp" 2620
"C:/Users/kimkiyong/Documents/GitHub/ProjectBBK/Content/FantasyBundle/Meshes/SM_Stairs02.ubulk" 2621
"C:/Users/kimkiyong/Documents/GitHub/ProjectBBK/Content/FantasyBundle/Meshes/SM_Stairs02.uasset" 2622
"C:/Users/kimkiyong/Documents/GitHub/ProjectBBK/Content/FantasyBundle/Meshes/SM_Stairs02.uexp" 2623
"C:/Users/kimkiyong/Documents/GitHub/ProjectBBK/Content/FantasyBundle/Meshes/SM_Stairs03.ubulk" 2624
"C:/Users/kimkiyong/Documents/GitHub/ProjectBBK/Content/FantasyBundle/Meshes/SM_Stairs03.uasset" 2625
"C:/Users/kimkiyong/Documents/GitHub/ProjectBBK/Content/FantasyBundle/Meshes/SM_Stairs03.uexp" 2626
"C:/Users/kimkiyong/Documents/GitHub/ProjectBBK/Content/FantasyBundle/Meshes/SM_StairsBox01.ubulk" 2627
"C:/Users/kimkiyong/Documents/GitHub/ProjectBBK/Content/FantasyBundle/Meshes/SM_StairsBox01.uasset" 2628
"C:/Users/kimkiyong/Documents/GitHub/ProjectBBK/Content/FantasyBundle/Meshes/SM_StairsBox01.uexp" 2629
"C:/Users/kimkiyong/Documents/GitHub/ProjectBBK/Content/FantasyBundle/Meshes/SM_StairsBox02.ubulk" 2630
"C:/Users/kimkiyong/Documents/GitHub/ProjectBBK/Content/FantasyBundle/Meshes/SM_StairsBox02.uasset" 2631
"C:/Users/kimkiyong/Documents/GitHub/ProjectBBK/Content/FantasyBundle/Meshes/SM_StairsBox02.uexp" 2632
"C:/Users/kimkiyong/Documents/GitHub/ProjectBBK/Content/FantasyBundle/Meshes/SM_StairsBox03.ubulk" 2633
"C:/Users/kimkiyong/Documents/GitHub/ProjectBBK/Content/FantasyBundle/Meshes/SM_StairsBox03.uasset" 2634
"C:/Users/kimkiyong/Documents/GitHub/ProjectBBK/Content/FantasyBundle/Meshes/SM_StairsBox03.uexp" 2635
"C:/Users/kimkiyong/Documents/GitHub/ProjectBBK/Content/FantasyBundle/Meshes/SM_Stone01.ubulk" 2636
"C:/Users/kimkiyong/Documents/GitHub/ProjectBBK/Content/FantasyBundle/Meshes/SM_Stone01.uasset" 2637
"C:/Users/kimkiyong/Documents/GitHub/ProjectBBK/Content/FantasyBundle/Meshes/SM_Stone01.uexp" 2638
"C:/Users/kimkiyong/Documents/GitHub/ProjectBBK/Content/FantasyBundle/Meshes/SM_Stone03.ubulk" 2639
"C:/Users/kimkiyong/Documents/GitHub/ProjectBBK/Content/FantasyBundle/Meshes/SM_Stone03.uasset" 2640
"C:/Users/kimkiyong/Documents/GitHub/ProjectBBK/Content/FantasyBundle/Meshes/SM_Stone03.uexp" 2641
"C:/Users/kimkiyong/Documents/GitHub/ProjectBBK/Content/FantasyBundle/Meshes/SM_Stone04.ubulk" 2642
"C:/Users/kimkiyong/Documents/GitHub/ProjectBBK/Content/FantasyBundle/Meshes/SM_Stone04.uasset" 2643
"C:/Users/kimkiyong/Documents/GitHub/ProjectBBK/Content/FantasyBundle/Meshes/SM_Stone04.uexp" 2644
"C:/Users/kimkiyong/Documents/GitHub/ProjectBBK/Content/FantasyBundle/Meshes/SM_Stone11.ubulk" 2645
"C:/Users/kimkiyong/Documents/GitHub/ProjectBBK/Content/FantasyBundle/Meshes/SM_Stone11.uasset" 2646
"C:/Users/kimkiyong/Documents/GitHub/ProjectBBK/Content/FantasyBundle/Meshes/SM_Stone11.uexp" 2647
"C:/Users/kimkiyong/Documents/GitHub/ProjectBBK/Content/FantasyBundle/Meshes/SM_Stone14.ubulk" 2648
"C:/Users/kimkiyong/Documents/GitHub/ProjectBBK/Content/FantasyBundle/Meshes/SM_Stone14.uasset" 2649
"C:/Users/kimkiyong/Documents/GitHub/ProjectBBK/Content/FantasyBundle/Meshes/SM_Stone14.uexp" 2650
"C:/Users/kimkiyong/Documents/GitHub/ProjectBBK/Content/FantasyBundle/Meshes/SM_Stone15.ubulk" 2651
"C:/Users/kimkiyong/Documents/GitHub/ProjectBBK/Content/FantasyBundle/Meshes/SM_Stone15.uasset" 2652
"C:/Users/kimkiyong/Documents/GitHub/ProjectBBK/Content/FantasyBundle/Meshes/SM_Stone15.uexp" 2653
"C:/Users/kimkiyong/Documents/GitHub/ProjectBBK/Content/FantasyBundle/Meshes/SM_StoneBorder01.ubulk" 2654
"C:/Users/kimkiyong/Documents/GitHub/ProjectBBK/Content/FantasyBundle/Meshes/SM_StoneBorder01.uasset" 2655
"C:/Users/kimkiyong/Documents/GitHub/ProjectBBK/Content/FantasyBundle/Meshes/SM_StoneBorder01.uexp" 2656
"C:/Users/kimkiyong/Documents/GitHub/ProjectBBK/Content/FantasyBundle/Meshes/SM_StoneBorder02.ubulk" 2657
"C:/Users/kimkiyong/Documents/GitHub/ProjectBBK/Content/FantasyBundle/Meshes/SM_StoneBorder02.uasset" 2658
"C:/Users/kimkiyong/Documents/GitHub/ProjectBBK/Content/FantasyBundle/Meshes/SM_StoneBorder02.uexp" 2659
"C:/Users/kimkiyong/Documents/GitHub/ProjectBBK/Content/FantasyBundle/Textures/T_TombStones01_ORM.ubulk" 2660
"C:/Users/kimkiyong/Documents/GitHub/ProjectBBK/Content/FantasyBundle/Textures/T_TombStones01_ORM.uasset" 2661
"C:/Users/kimkiyong/Documents/GitHub/ProjectBBK/Content/FantasyBundle/Textures/T_TombStones01_ORM.uexp" 2662
"C:/Users/kimkiyong/Documents/GitHub/ProjectBBK/Content/FantasyBundle/Textures/T_TombStones01_N.ubulk" 2663
"C:/Users/kimkiyong/Documents/GitHub/ProjectBBK/Content/FantasyBundle/Textures/T_TombStones01_N.uasset" 2664
"C:/Users/kimkiyong/Documents/GitHub/ProjectBBK/Content/FantasyBundle/Textures/T_TombStones01_N.uexp" 2665
"C:/Users/kimkiyong/Documents/GitHub/ProjectBBK/Content/FantasyBundle/Textures/T_TombStones01_BC.ubulk" 2666
"C:/Users/kimkiyong/Documents/GitHub/ProjectBBK/Content/FantasyBundle/Textures/T_TombStones01_BC.uasset" 2667
"C:/Users/kimkiyong/Documents/GitHub/ProjectBBK/Content/FantasyBundle/Textures/T_TombStones01_BC.uexp" 2668
"C:/Users/kimkiyong/Documents/GitHub/ProjectBBK/Content/FantasyBundle/Materials/MI_TombStones01.uasset" 2669
"C:/Users/kimkiyong/Documents/GitHub/ProjectBBK/Content/FantasyBundle/Materials/MI_TombStones01.uexp" 2670
"C:/Users/kimkiyong/Documents/GitHub/ProjectBBK/Content/FantasyBundle/Meshes/SM_TombStone01.ubulk" 2671
"C:/Users/kimkiyong/Documents/GitHub/ProjectBBK/Content/FantasyBundle/Meshes/SM_TombStone01.uasset" 2672
"C:/Users/kimkiyong/Documents/GitHub/ProjectBBK/Content/FantasyBundle/Meshes/SM_TombStone01.uexp" 2673
"C:/Users/kimkiyong/Documents/GitHub/ProjectBBK/Content/FantasyBundle/Meshes/SM_TombStone02.ubulk" 2674
"C:/Users/kimkiyong/Documents/GitHub/ProjectBBK/Content/FantasyBundle/Meshes/SM_TombStone02.uasset" 2675
"C:/Users/kimkiyong/Documents/GitHub/ProjectBBK/Content/FantasyBundle/Meshes/SM_TombStone02.uexp" 2676
"C:/Users/kimkiyong/Documents/GitHub/ProjectBBK/Content/FantasyBundle/Meshes/SM_TombStone03.ubulk" 2677
"C:/Users/kimkiyong/Documents/GitHub/ProjectBBK/Content/FantasyBundle/Meshes/SM_TombStone03.uasset" 2678
"C:/Users/kimkiyong/Documents/GitHub/ProjectBBK/Content/FantasyBundle/Meshes/SM_TombStone03.uexp" 2679
"C:/Users/kimkiyong/Documents/GitHub/ProjectBBK/Content/FantasyBundle/Meshes/SM_TombStone04.ubulk" 2680
"C:/Users/kimkiyong/Documents/GitHub/ProjectBBK/Content/FantasyBundle/Meshes/SM_TombStone04.uasset" 2681
"C:/Users/kimkiyong/Documents/GitHub/ProjectBBK/Content/FantasyBundle/Meshes/SM_TombStone04.uexp" 2682
"C:/Users/kimkiyong/Documents/GitHub/ProjectBBK/Content/FantasyBundle/Textures/T_TombStones02_ORM.ubulk" 2683
"C:/Users/kimkiyong/Documents/GitHub/ProjectBBK/Content/FantasyBundle/Textures/T_TombStones02_ORM.uasset" 2684
"C:/Users/kimkiyong/Documents/GitHub/ProjectBBK/Content/FantasyBundle/Textures/T_TombStones02_ORM.uexp" 2685
"C:/Users/kimkiyong/Documents/GitHub/ProjectBBK/Content/FantasyBundle/Textures/T_TombStones02_N.ubulk" 2686
"C:/Users/kimkiyong/Documents/GitHub/ProjectBBK/Content/FantasyBundle/Textures/T_TombStones02_N.uasset" 2687
"C:/Users/kimkiyong/Documents/GitHub/ProjectBBK/Content/FantasyBundle/Textures/T_TombStones02_N.uexp" 2688
"C:/Users/kimkiyong/Documents/GitHub/ProjectBBK/Content/FantasyBundle/Textures/T_TombStones02_BC.ubulk" 2689
"C:/Users/kimkiyong/Documents/GitHub/ProjectBBK/Content/FantasyBundle/Textures/T_TombStones02_BC.uasset" 2690
"C:/Users/kimkiyong/Documents/GitHub/ProjectBBK/Content/FantasyBundle/Textures/T_TombStones02_BC.uexp" 2691
"C:/Users/kimkiyong/Documents/GitHub/ProjectBBK/Content/FantasyBundle/Materials/MI_TombStones02.uasset" 2692
"C:/Users/kimkiyong/Documents/GitHub/ProjectBBK/Content/FantasyBundle/Materials/MI_TombStones02.uexp" 2693
"C:/Users/kimkiyong/Documents/GitHub/ProjectBBK/Content/FantasyBundle/Meshes/SM_TombStone05.ubulk" 2694
"C:/Users/kimkiyong/Documents/GitHub/ProjectBBK/Content/FantasyBundle/Meshes/SM_TombStone05.uasset" 2695
"C:/Users/kimkiyong/Documents/GitHub/ProjectBBK/Content/FantasyBundle/Meshes/SM_TombStone05.uexp" 2696
"C:/Users/kimkiyong/Documents/GitHub/ProjectBBK/Content/FantasyBundle/Meshes/SM_TombStone06.ubulk" 2697
"C:/Users/kimkiyong/Documents/GitHub/ProjectBBK/Content/FantasyBundle/Meshes/SM_TombStone06.uasset" 2698
"C:/Users/kimkiyong/Documents/GitHub/ProjectBBK/Content/FantasyBundle/Meshes/SM_TombStone06.uexp" 2699
"C:/Users/kimkiyong/Documents/GitHub/ProjectBBK/Content/FantasyBundle/Meshes/SM_TombStone07.ubulk" 2700
"C:/Users/kimkiyong/Documents/GitHub/ProjectBBK/Content/FantasyBundle/Meshes/SM_TombStone07.uasset" 2701
"C:/Users/kimkiyong/Documents/GitHub/ProjectBBK/Content/FantasyBundle/Meshes/SM_TombStone07.uexp" 2702
"C:/Users/kimkiyong/Documents/GitHub/ProjectBBK/Content/FantasyBundle/Textures/T_TombStones03_ORM.ubulk" 2703
"C:/Users/kimkiyong/Documents/GitHub/ProjectBBK/Content/FantasyBundle/Textures/T_TombStones03_ORM.uasset" 2704
"C:/Users/kimkiyong/Documents/GitHub/ProjectBBK/Content/FantasyBundle/Textures/T_TombStones03_ORM.uexp" 2705
"C:/Users/kimkiyong/Documents/GitHub/ProjectBBK/Content/FantasyBundle/Textures/T_TombStones03_N.ubulk" 2706
"C:/Users/kimkiyong/Documents/GitHub/ProjectBBK/Content/FantasyBundle/Textures/T_TombStones03_N.uasset" 2707
"C:/Users/kimkiyong/Documents/GitHub/ProjectBBK/Content/FantasyBundle/Textures/T_TombStones03_N.uexp" 2708
"C:/Users/kimkiyong/Documents/GitHub/ProjectBBK/Content/FantasyBundle/Textures/T_TombStones03_BC.ubulk" 2709
"C:/Users/kimkiyong/Documents/GitHub/ProjectBBK/Content/FantasyBundle/Textures/T_TombStones03_BC.uasset" 2710
"C:/Users/kimkiyong/Documents/GitHub/ProjectBBK/Content/FantasyBundle/Textures/T_TombStones03_BC.uexp" 2711
"C:/Users/kimkiyong/Documents/GitHub/ProjectBBK/Content/FantasyBundle/Materials/MI_TombStones03.uasset" 2712
"C:/Users/kimkiyong/Documents/GitHub/ProjectBBK/Content/FantasyBundle/Materials/MI_TombStones03.uexp" 2713
"C:/Users/kimkiyong/Documents/GitHub/ProjectBBK/Content/FantasyBundle/Meshes/SM_TombStone08.ubulk" 2714
"C:/Users/kimkiyong/Documents/GitHub/ProjectBBK/Content/FantasyBundle/Meshes/SM_TombStone08.uasset" 2715
"C:/Users/kimkiyong/Documents/GitHub/ProjectBBK/Content/FantasyBundle/Meshes/SM_TombStone08.uexp" 2716
"C:/Users/kimkiyong/Documents/GitHub/ProjectBBK/Content/FantasyBundle/Meshes/SM_TombStone09.ubulk" 2717
"C:/Users/kimkiyong/Documents/GitHub/ProjectBBK/Content/FantasyBundle/Meshes/SM_TombStone09.uasset" 2718
"C:/Users/kimkiyong/Documents/GitHub/ProjectBBK/Content/FantasyBundle/Meshes/SM_TombStone09.uexp" 2719
"C:/Users/kimkiyong/Documents/GitHub/ProjectBBK/Content/FantasyBundle/Meshes/SM_TombStone10.ubulk" 2720
"C:/Users/kimkiyong/Documents/GitHub/ProjectBBK/Content/FantasyBundle/Meshes/SM_TombStone10.uasset" 2721
"C:/Users/kimkiyong/Documents/GitHub/ProjectBBK/Content/FantasyBundle/Meshes/SM_TombStone10.uexp" 2722
"C:/Users/kimkiyong/Documents/GitHub/ProjectBBK/Content/FantasyBundle/Meshes/SM_Torch02.ubulk" 2723
"C:/Users/kimkiyong/Documents/GitHub/ProjectBBK/Content/FantasyBundle/Meshes/SM_Torch02.uasset" 2724
"C:/Users/kimkiyong/Documents/GitHub/ProjectBBK/Content/FantasyBundle/Meshes/SM_Torch02.uexp" 2725
"C:/Users/kimkiyong/Documents/GitHub/ProjectBBK/Content/FantasyBundle/Meshes/SM_Wall01.ubulk" 2726
"C:/Users/kimkiyong/Documents/GitHub/ProjectBBK/Content/FantasyBundle/Meshes/SM_Wall01.uasset" 2727
"C:/Users/kimkiyong/Documents/GitHub/ProjectBBK/Content/FantasyBundle/Meshes/SM_Wall01.uexp" 2728
"C:/Users/kimkiyong/Documents/GitHub/ProjectBBK/Content/FantasyBundle/Meshes/SM_Wall02.ubulk" 2729
"C:/Users/kimkiyong/Documents/GitHub/ProjectBBK/Content/FantasyBundle/Meshes/SM_Wall02.uasset" 2730
"C:/Users/kimkiyong/Documents/GitHub/ProjectBBK/Content/FantasyBundle/Meshes/SM_Wall02.uexp" 2731
"C:/Users/kimkiyong/Documents/GitHub/ProjectBBK/Content/FantasyBundle/Meshes/SM_Wall03.ubulk" 2732
"C:/Users/kimkiyong/Documents/GitHub/ProjectBBK/Content/FantasyBundle/Meshes/SM_Wall03.uasset" 2733
"C:/Users/kimkiyong/Documents/GitHub/ProjectBBK/Content/FantasyBundle/Meshes/SM_Wall03.uexp" 2734
"C:/Users/kimkiyong/Documents/GitHub/ProjectBBK/Content/FantasyBundle/Meshes/SM_Wall04.ubulk" 2735
"C:/Users/kimkiyong/Documents/GitHub/ProjectBBK/Content/FantasyBundle/Meshes/SM_Wall04.uasset" 2736
"C:/Users/kimkiyong/Documents/GitHub/ProjectBBK/Content/FantasyBundle/Meshes/SM_Wall04.uexp" 2737
"C:/Users/kimkiyong/Documents/GitHub/ProjectBBK/Content/FantasyBundle/Meshes/SM_Wall05.ubulk" 2738
"C:/Users/kimkiyong/Documents/GitHub/ProjectBBK/Content/FantasyBundle/Meshes/SM_Wall05.uasset" 2739
"C:/Users/kimkiyong/Documents/GitHub/ProjectBBK/Content/FantasyBundle/Meshes/SM_Wall05.uexp" 2740
"C:/Users/kimkiyong/Documents/GitHub/ProjectBBK/Content/FantasyBundle/Meshes/SM_Wall06.ubulk" 2741
"C:/Users/kimkiyong/Documents/GitHub/ProjectBBK/Content/FantasyBundle/Meshes/SM_Wall06.uasset" 2742
"C:/Users/kimkiyong/Documents/GitHub/ProjectBBK/Content/FantasyBundle/Meshes/SM_Wall06.uexp" 2743
"C:/Users/kimkiyong/Documents/GitHub/ProjectBBK/Content/FantasyBundle/Meshes/SM_Wall07.ubulk" 2744
"C:/Users/kimkiyong/Documents/GitHub/ProjectBBK/Content/FantasyBundle/Meshes/SM_Wall07.uasset" 2745
"C:/Users/kimkiyong/Documents/GitHub/ProjectBBK/Content/FantasyBundle/Meshes/SM_Wall07.uexp" 2746
"C:/Users/kimkiyong/Documents/GitHub/ProjectBBK/Content/FantasyBundle/Meshes/SM_Wall08.ubulk" 2747
"C:/Users/kimkiyong/Documents/GitHub/ProjectBBK/Content/FantasyBundle/Meshes/SM_Wall08.uasset" 2748
"C:/Users/kimkiyong/Documents/GitHub/ProjectBBK/Content/FantasyBundle/Meshes/SM_Wall08.uexp" 2749
"C:/Users/kimkiyong/Documents/GitHub/ProjectBBK/Content/FantasyBundle/Meshes/SM_Wall09.ubulk" 2750
"C:/Users/kimkiyong/Documents/GitHub/ProjectBBK/Content/FantasyBundle/Meshes/SM_Wall09.uasset" 2751
"C:/Users/kimkiyong/Documents/GitHub/ProjectBBK/Content/FantasyBundle/Meshes/SM_Wall09.uexp" 2752
"C:/Users/kimkiyong/Documents/GitHub/ProjectBBK/Content/FantasyBundle/Textures/T_WallArch_ORM.ubulk" 2753
"C:/Users/kimkiyong/Documents/GitHub/ProjectBBK/Content/FantasyBundle/Textures/T_WallArch_ORM.uasset" 2754
"C:/Users/kimkiyong/Documents/GitHub/ProjectBBK/Content/FantasyBundle/Textures/T_WallArch_ORM.uexp" 2755
"C:/Users/kimkiyong/Documents/GitHub/ProjectBBK/Content/FantasyBundle/Textures/T_WallArch_N.ubulk" 2756
"C:/Users/kimkiyong/Documents/GitHub/ProjectBBK/Content/FantasyBundle/Textures/T_WallArch_N.uasset" 2757
"C:/Users/kimkiyong/Documents/GitHub/ProjectBBK/Content/FantasyBundle/Textures/T_WallArch_N.uexp" 2758
"C:/Users/kimkiyong/Documents/GitHub/ProjectBBK/Content/FantasyBundle/Textures/T_WallArch_BC.ubulk" 2759
"C:/Users/kimkiyong/Documents/GitHub/ProjectBBK/Content/FantasyBundle/Textures/T_WallArch_BC.uasset" 2760
"C:/Users/kimkiyong/Documents/GitHub/ProjectBBK/Content/FantasyBundle/Textures/T_WallArch_BC.uexp" 2761
"C:/Users/kimkiyong/Documents/GitHub/ProjectBBK/Content/FantasyBundle/Materials/MI_WallArch.uasset" 2762
"C:/Users/kimkiyong/Documents/GitHub/ProjectBBK/Content/FantasyBundle/Materials/MI_WallArch.uexp" 2763
"C:/Users/kimkiyong/Documents/GitHub/ProjectBBK/Content/FantasyBundle/Meshes/SM_WallArch01.ubulk" 2764
"C:/Users/kimkiyong/Documents/GitHub/ProjectBBK/Content/FantasyBundle/Meshes/SM_WallArch01.uasset" 2765
"C:/Users/kimkiyong/Documents/GitHub/ProjectBBK/Content/FantasyBundle/Meshes/SM_WallArch01.uexp" 2766
"C:/Users/kimkiyong/Documents/GitHub/ProjectBBK/Content/FantasyBundle/Meshes/SM_WallArch03.ubulk" 2767
"C:/Users/kimkiyong/Documents/GitHub/ProjectBBK/Content/FantasyBundle/Meshes/SM_WallArch03.uasset" 2768
"C:/Users/kimkiyong/Documents/GitHub/ProjectBBK/Content/FantasyBundle/Meshes/SM_WallArch03.uexp" 2769
"C:/Users/kimkiyong/Documents/GitHub/ProjectBBK/Content/FantasyBundle/Meshes/SM_WallArch04.ubulk" 2770
"C:/Users/kimkiyong/Documents/GitHub/ProjectBBK/Content/FantasyBundle/Meshes/SM_WallArch04.uasset" 2771
"C:/Users/kimkiyong/Documents/GitHub/ProjectBBK/Content/FantasyBundle/Meshes/SM_WallArch04.uexp" 2772
"C:/Users/kimkiyong/Documents/GitHub/ProjectBBK/Content/FantasyBundle/Meshes/SM_WallArch05.ubulk" 2773
"C:/Users/kimkiyong/Documents/GitHub/ProjectBBK/Content/FantasyBundle/Meshes/SM_WallArch05.uasset" 2774
"C:/Users/kimkiyong/Documents/GitHub/ProjectBBK/Content/FantasyBundle/Meshes/SM_WallArch05.uexp" 2775
"C:/Users/kimkiyong/Documents/GitHub/ProjectBBK/Content/FantasyBundle/Meshes/SM_WallArch06.ubulk" 2776
"C:/Users/kimkiyong/Documents/GitHub/ProjectBBK/Content/FantasyBundle/Meshes/SM_WallArch06.uasset" 2777
"C:/Users/kimkiyong/Documents/GitHub/ProjectBBK/Content/FantasyBundle/Meshes/SM_WallArch06.uexp" 2778
"C:/Users/kimkiyong/Documents/GitHub/ProjectBBK/Content/FantasyBundle/Textures/T_WallLeaves01_ORM.ubulk" 2779
"C:/Users/kimkiyong/Documents/GitHub/ProjectBBK/Content/FantasyBundle/Textures/T_WallLeaves01_ORM.uasset" 2780
"C:/Users/kimkiyong/Documents/GitHub/ProjectBBK/Content/FantasyBundle/Textures/T_WallLeaves01_ORM.uexp" 2781
"C:/Users/kimkiyong/Documents/GitHub/ProjectBBK/Content/FantasyBundle/Textures/T_WallLeaves01_N.ubulk" 2782
"C:/Users/kimkiyong/Documents/GitHub/ProjectBBK/Content/FantasyBundle/Textures/T_WallLeaves01_N.uasset" 2783
"C:/Users/kimkiyong/Documents/GitHub/ProjectBBK/Content/FantasyBundle/Textures/T_WallLeaves01_N.uexp" 2784
"C:/Users/kimkiyong/Documents/GitHub/ProjectBBK/Content/FantasyBundle/Textures/T_WallLeaves01_MSK.ubulk" 2785
"C:/Users/kimkiyong/Documents/GitHub/ProjectBBK/Content/FantasyBundle/Textures/T_WallLeaves01_MSK.uasset" 2786
"C:/Users/kimkiyong/Documents/GitHub/ProjectBBK/Content/FantasyBundle/Textures/T_WallLeaves01_MSK.uexp" 2787
"C:/Users/kimkiyong/Documents/GitHub/ProjectBBK/Content/FantasyBundle/Textures/T_WallLeaves01_BC.ubulk" 2788
"C:/Users/kimkiyong/Documents/GitHub/ProjectBBK/Content/FantasyBundle/Textures/T_WallLeaves01_BC.uasset" 2789
"C:/Users/kimkiyong/Documents/GitHub/ProjectBBK/Content/FantasyBundle/Textures/T_WallLeaves01_BC.uexp" 2790
"C:/Users/kimkiyong/Documents/GitHub/ProjectBBK/Content/FantasyBundle/Materials/M_WallLeaves.uasset" 2791
"C:/Users/kimkiyong/Documents/GitHub/ProjectBBK/Content/FantasyBundle/Materials/M_WallLeaves.uexp" 2792
"C:/Users/kimkiyong/Documents/GitHub/ProjectBBK/Content/FantasyBundle/Meshes/SM_WallLeaves01.ubulk" 2793
"C:/Users/kimkiyong/Documents/GitHub/ProjectBBK/Content/FantasyBundle/Meshes/SM_WallLeaves01.uasset" 2794
"C:/Users/kimkiyong/Documents/GitHub/ProjectBBK/Content/FantasyBundle/Meshes/SM_WallLeaves01.uexp" 2795
"C:/Users/kimkiyong/Documents/GitHub/ProjectBBK/Content/FantasyBundle/Meshes/SM_WallLeaves02.ubulk" 2796
"C:/Users/kimkiyong/Documents/GitHub/ProjectBBK/Content/FantasyBundle/Meshes/SM_WallLeaves02.uasset" 2797
"C:/Users/kimkiyong/Documents/GitHub/ProjectBBK/Content/FantasyBundle/Meshes/SM_WallLeaves02.uexp" 2798
"C:/Users/kimkiyong/Documents/GitHub/ProjectBBK/Content/FantasyBundle/Meshes/SM_WallLeaves03.ubulk" 2799
"C:/Users/kimkiyong/Documents/GitHub/ProjectBBK/Content/FantasyBundle/Meshes/SM_WallLeaves03.uasset" 2800
"C:/Users/kimkiyong/Documents/GitHub/ProjectBBK/Content/FantasyBundle/Meshes/SM_WallLeaves03.uexp" 2801
"C:/Users/kimkiyong/Documents/GitHub/ProjectBBK/Content/FantasyBundle/Meshes/SM_WallLeaves04.ubulk" 2802
"C:/Users/kimkiyong/Documents/GitHub/ProjectBBK/Content/FantasyBundle/Meshes/SM_WallLeaves04.uasset" 2803
"C:/Users/kimkiyong/Documents/GitHub/ProjectBBK/Content/FantasyBundle/Meshes/SM_WallLeaves04.uexp" 2804
"C:/Users/kimkiyong/Documents/GitHub/ProjectBBK/Content/FantasyBundle/Meshes/SM_WallLeaves05.ubulk" 2805
"C:/Users/kimkiyong/Documents/GitHub/ProjectBBK/Content/FantasyBundle/Meshes/SM_WallLeaves05.uasset" 2806
"C:/Users/kimkiyong/Documents/GitHub/ProjectBBK/Content/FantasyBundle/Meshes/SM_WallLeaves05.uexp" 2807
"C:/Users/kimkiyong/Documents/GitHub/ProjectBBK/Content/FantasyBundle/Meshes/SM_WallLeaves06.ubulk" 2808
"C:/Users/kimkiyong/Documents/GitHub/ProjectBBK/Content/FantasyBundle/Meshes/SM_WallLeaves06.uasset" 2809
"C:/Users/kimkiyong/Documents/GitHub/ProjectBBK/Content/FantasyBundle/Meshes/SM_WallLeaves06.uexp" 2810
"C:/Users/kimkiyong/Documents/GitHub/ProjectBBK/Content/FantasyBundle/Meshes/SM_WoodenPier01.ubulk" 2811
"C:/Users/kimkiyong/Documents/GitHub/ProjectBBK/Content/FantasyBundle/Meshes/SM_WoodenPier01.uasset" 2812
"C:/Users/kimkiyong/Documents/GitHub/ProjectBBK/Content/FantasyBundle/Meshes/SM_WoodenPier01.uexp" 2813
"C:/Users/kimkiyong/Documents/GitHub/ProjectBBK/Content/FantasyBundle/Meshes/SM_WoodPlank01.ubulk" 2814
"C:/Users/kimkiyong/Documents/GitHub/ProjectBBK/Content/FantasyBundle/Meshes/SM_WoodPlank01.uasset" 2815
"C:/Users/kimkiyong/Documents/GitHub/ProjectBBK/Content/FantasyBundle/Meshes/SM_WoodPlank01.uexp" 2816
"C:/Users/kimkiyong/Documents/GitHub/ProjectBBK/Content/FantasyBundle/Meshes/SM_WoodPlank02.ubulk" 2817
"C:/Users/kimkiyong/Documents/GitHub/ProjectBBK/Content/FantasyBundle/Meshes/SM_WoodPlank02.uasset" 2818
"C:/Users/kimkiyong/Documents/GitHub/ProjectBBK/Content/FantasyBundle/Meshes/SM_WoodPlank02.uexp" 2819
"C:/Users/kimkiyong/Documents/GitHub/ProjectBBK/Content/FantasyBundle/Meshes/SM_WoodPlank03.ubulk" 2820
"C:/Users/kimkiyong/Documents/GitHub/ProjectBBK/Content/FantasyBundle/Meshes/SM_WoodPlank03.uasset" 2821
"C:/Users/kimkiyong/Documents/GitHub/ProjectBBK/Content/FantasyBundle/Meshes/SM_WoodPlank03.uexp" 2822
"C:/Users/kimkiyong/Documents/GitHub/ProjectBBK/Content/FantasyBundle/Meshes/SM_WoodPlank04.ubulk" 2823
"C:/Users/kimkiyong/Documents/GitHub/ProjectBBK/Content/FantasyBundle/Meshes/SM_WoodPlank04.uasset" 2824
"C:/Users/kimkiyong/Documents/GitHub/ProjectBBK/Content/FantasyBundle/Meshes/SM_WoodPlank04.uexp" 2825
"C:/Users/kimkiyong/Documents/GitHub/ProjectBBK/Content/FantasyBundle/Meshes/SM_WoodPlank05.ubulk" 2826
"C:/Users/kimkiyong/Documents/GitHub/ProjectBBK/Content/FantasyBundle/Meshes/SM_WoodPlank05.uasset" 2827
"C:/Users/kimkiyong/Documents/GitHub/ProjectBBK/Content/FantasyBundle/Meshes/SM_WoodPlank05.uexp" 2828
"C:/Users/kimkiyong/Documents/GitHub/ProjectBBK/Content/FantasyBundle/Meshes/SM_WoodPlank06.ubulk" 2829
"C:/Users/kimkiyong/Documents/GitHub/ProjectBBK/Content/FantasyBundle/Meshes/SM_WoodPlank06.uasset" 2830
"C:/Users/kimkiyong/Documents/GitHub/ProjectBBK/Content/FantasyBundle/Meshes/SM_WoodPlank06.uexp" 2831
"C:/Users/kimkiyong/Documents/GitHub/ProjectBBK/Content/FantasyBundle/Meshes/SM_WoodPlank07.ubulk" 2832
"C:/Users/kimkiyong/Documents/GitHub/ProjectBBK/Content/FantasyBundle/Meshes/SM_WoodPlank07.uasset" 2833
"C:/Users/kimkiyong/Documents/GitHub/ProjectBBK/Content/FantasyBundle/Meshes/SM_WoodPlank07.uexp" 2834
"C:/Users/kimkiyong/Documents/GitHub/ProjectBBK/Content/FantasyBundle/Meshes/SM_WoodPlank08.ubulk" 2835
"C:/Users/kimkiyong/Documents/GitHub/ProjectBBK/Content/FantasyBundle/Meshes/SM_WoodPlank08.uasset" 2836
"C:/Users/kimkiyong/Documents/GitHub/ProjectBBK/Content/FantasyBundle/Meshes/SM_WoodPlank08.uexp" 2837
"C:/Users/kimkiyong/Documents/GitHub/ProjectBBK/Content/FantasyBundle/Textures/T_Panorama05_HDRI.uasset" 2838
"C:/Users/kimkiyong/Documents/GitHub/ProjectBBK/Content/FantasyBundle/Textures/T_Panorama05_HDRI.uexp" 2839
"C:/Users/kimkiyong/Documents/GitHub/ProjectBBK/Content/PlayerCharacter/Blueprint/GAS/Effects/GE_Ablaze.uasset" 2840
"C:/Users/kimkiyong/Documents/GitHub/ProjectBBK/Content/PlayerCharacter/Blueprint/GAS/Effects/GE_Ablaze.uexp" 2841
"C:/Users/kimkiyong/Documents/GitHub/ProjectBBK/Content/UI/circle.uasset" 2842
"C:/Users/kimkiyong/Documents/GitHub/ProjectBBK/Content/UI/circle.uexp" 2843
"C:/Users/kimkiyong/Documents/GitHub/ProjectBBK/Content/UI/Widgets/WBP_SkillWheel.uasset" 2844
"C:/Users/kimkiyong/Documents/GitHub/ProjectBBK/Content/UI/Widgets/WBP_SkillWheel.uexp" 2845
"C:/Users/kimkiyong/Documents/GitHub/ProjectBBK/Content/Free_Spells/Textures/T_Free_Spells_Arrow.ubulk" 2846
"C:/Users/kimkiyong/Documents/GitHub/ProjectBBK/Content/Free_Spells/Textures/T_Free_Spells_Arrow.uasset" 2847
"C:/Users/kimkiyong/Documents/GitHub/ProjectBBK/Content/Free_Spells/Textures/T_Free_Spells_Arrow.uexp" 2848
"C:/Users/kimkiyong/Documents/GitHub/ProjectBBK/Content/Free_Spells/Textures/T_Free_Spells_Noise2.ubulk" 2849
"C:/Users/kimkiyong/Documents/GitHub/ProjectBBK/Content/Free_Spells/Textures/T_Free_Spells_Noise2.uasset" 2850
"C:/Users/kimkiyong/Documents/GitHub/ProjectBBK/Content/Free_Spells/Textures/T_Free_Spells_Noise2.uexp" 2851
"C:/Users/kimkiyong/Documents/GitHub/ProjectBBK/Content/Free_Spells/Textures/T_Free_Spells_Noise1.ubulk" 2852
"C:/Users/kimkiyong/Documents/GitHub/ProjectBBK/Content/Free_Spells/Textures/T_Free_Spells_Noise1.uasset" 2853
"C:/Users/kimkiyong/Documents/GitHub/ProjectBBK/Content/Free_Spells/Textures/T_Free_Spells_Noise1.uexp" 2854
"C:/Users/kimkiyong/Documents/GitHub/ProjectBBK/Content/Free_Spells/Textures/T_Free_Spells_Flash.ubulk" 2855
"C:/Users/kimkiyong/Documents/GitHub/ProjectBBK/Content/Free_Spells/Textures/T_Free_Spells_Flash.uasset" 2856
"C:/Users/kimkiyong/Documents/GitHub/ProjectBBK/Content/Free_Spells/Textures/T_Free_Spells_Flash.uexp" 2857
"C:/Users/kimkiyong/Documents/GitHub/ProjectBBK/Content/Free_Spells/Materials/M_Free_Spells_Flash.uasset" 2858
"C:/Users/kimkiyong/Documents/GitHub/ProjectBBK/Content/Free_Spells/Materials/M_Free_Spells_Flash.uexp" 2859
"C:/Users/kimkiyong/Documents/GitHub/ProjectBBK/Content/Free_Spells/Materials/Fragments/MI_Free_Spells_Arrow.uasset" 2860
"C:/Users/kimkiyong/Documents/GitHub/ProjectBBK/Content/Free_Spells/Materials/Fragments/MI_Free_Spells_Arrow.uexp" 2861
"C:/Users/kimkiyong/Documents/GitHub/ProjectBBK/Content/Free_Spells/Textures/T_Free_Spells_Lightning.ubulk" 2862
"C:/Users/kimkiyong/Documents/GitHub/ProjectBBK/Content/Free_Spells/Textures/T_Free_Spells_Lightning.uasset" 2863
"C:/Users/kimkiyong/Documents/GitHub/ProjectBBK/Content/Free_Spells/Textures/T_Free_Spells_Lightning.uexp" 2864
"C:/Users/kimkiyong/Documents/GitHub/ProjectBBK/Content/Free_Spells/Materials/Fragments/MI_Free_Spells_Lightning.uasset" 2865
"C:/Users/kimkiyong/Documents/GitHub/ProjectBBK/Content/Free_Spells/Materials/Fragments/MI_Free_Spells_Lightning.uexp" 2866
"C:/Users/kimkiyong/Documents/GitHub/ProjectBBK/Content/Free_Spells/Materials/M_Free_Spells_Ray.uasset" 2867
"C:/Users/kimkiyong/Documents/GitHub/ProjectBBK/Content/Free_Spells/Materials/M_Free_Spells_Ray.uexp" 2868
"C:/Users/kimkiyong/Documents/GitHub/ProjectBBK/Content/Free_Spells/Materials/M_Free_Spells_Sparks.uasset" 2869
"C:/Users/kimkiyong/Documents/GitHub/ProjectBBK/Content/Free_Spells/Materials/M_Free_Spells_Sparks.uexp" 2870
"C:/Users/kimkiyong/Documents/GitHub/ProjectBBK/Content/Free_Spells/Textures/T_Free_Spells_Flash2.ubulk" 2871
"C:/Users/kimkiyong/Documents/GitHub/ProjectBBK/Content/Free_Spells/Textures/T_Free_Spells_Flash2.uasset" 2872
"C:/Users/kimkiyong/Documents/GitHub/ProjectBBK/Content/Free_Spells/Textures/T_Free_Spells_Flash2.uexp" 2873
"C:/Users/kimkiyong/Documents/GitHub/ProjectBBK/Content/Free_Spells/Materials/MI_Free_Spells_Flash2.uasset" 2874
"C:/Users/kimkiyong/Documents/GitHub/ProjectBBK/Content/Free_Spells/Materials/MI_Free_Spells_Flash2.uexp" 2875
"C:/Users/kimkiyong/Documents/GitHub/ProjectBBK/Content/Free_Spells/Mesh/SM_Free_Spells_Plane.ubulk" 2876
"C:/Users/kimkiyong/Documents/GitHub/ProjectBBK/Content/Free_Spells/Mesh/SM_Free_Spells_Plane.uasset" 2877
"C:/Users/kimkiyong/Documents/GitHub/ProjectBBK/Content/Free_Spells/Mesh/SM_Free_Spells_Plane.uexp" 2878
"C:/Users/kimkiyong/Documents/GitHub/ProjectBBK/Content/Free_Spells/VFX_Niagara/NS_Free_Spells_LevelUp.uasset" 2879
"C:/Users/kimkiyong/Documents/GitHub/ProjectBBK/Content/Free_Spells/VFX_Niagara/NS_Free_Spells_LevelUp.uexp" 2880
"C:/Users/kimkiyong/Documents/GitHub/ProjectBBK/Content/PlayerCharacter/Blueprint/Animation/M_HitFlash.uasset" 2881
"C:/Users/kimkiyong/Documents/GitHub/ProjectBBK/Content/PlayerCharacter/Blueprint/Animation/M_HitFlash.uexp" 2882
"C:/Users/kimkiyong/Documents/GitHub/ProjectBBK/Content/PlayerCharacter/Blueprint/Data_Assets/IA_Attack.uasset" 2883
"C:/Users/kimkiyong/Documents/GitHub/ProjectBBK/Content/PlayerCharacter/Blueprint/Data_Assets/IA_Attack.uexp" 2884
"C:/Users/kimkiyong/Documents/GitHub/ProjectBBK/Content/PlayerCharacter/Blueprint/Data_Assets/IA_CommonSkill.uasset" 2885
"C:/Users/kimkiyong/Documents/GitHub/ProjectBBK/Content/PlayerCharacter/Blueprint/Data_Assets/IA_CommonSkill.uexp" 2886
"C:/Users/kimkiyong/Documents/GitHub/ProjectBBK/Content/PlayerCharacter/Blueprint/Data_Assets/IA_Dodge.uasset" 2887
"C:/Users/kimkiyong/Documents/GitHub/ProjectBBK/Content/PlayerCharacter/Blueprint/Data_Assets/IA_Dodge.uexp" 2888
"C:/Users/kimkiyong/Documents/GitHub/ProjectBBK/Content/PlayerCharacter/Blueprint/Data_Assets/IA_Look.uasset" 2889
"C:/Users/kimkiyong/Documents/GitHub/ProjectBBK/Content/PlayerCharacter/Blueprint/Data_Assets/IA_Look.uexp" 2890
"C:/Users/kimkiyong/Documents/GitHub/ProjectBBK/Content/PlayerCharacter/Blueprint/Data_Assets/IA_Move.uasset" 2891
"C:/Users/kimkiyong/Documents/GitHub/ProjectBBK/Content/PlayerCharacter/Blueprint/Data_Assets/IA_Move.uexp" 2892
"C:/Users/kimkiyong/Documents/GitHub/ProjectBBK/Content/PlayerCharacter/Blueprint/Data_Assets/IA_Shield.uasset" 2893
"C:/Users/kimkiyong/Documents/GitHub/ProjectBBK/Content/PlayerCharacter/Blueprint/Data_Assets/IA_Shield.uexp" 2894
"C:/Users/kimkiyong/Documents/GitHub/ProjectBBK/Content/PlayerCharacter/Blueprint/Data_Assets/IA_SkillWheelToggle.uasset" 2895
"C:/Users/kimkiyong/Documents/GitHub/ProjectBBK/Content/PlayerCharacter/Blueprint/Data_Assets/IA_SkillWheelToggle.uexp" 2896
"C:/Users/kimkiyong/Documents/GitHub/ProjectBBK/Content/PlayerCharacter/Blueprint/Data_Assets/IA_Sprint.uasset" 2897
"C:/Users/kimkiyong/Documents/GitHub/ProjectBBK/Content/PlayerCharacter/Blueprint/Data_Assets/IA_Sprint.uexp" 2898
"C:/Users/kimkiyong/Documents/GitHub/ProjectBBK/Content/PlayerCharacter/Blueprint/Data_Assets/IA_TestAddMana.uasset" 2899
"C:/Users/kimkiyong/Documents/GitHub/ProjectBBK/Content/PlayerCharacter/Blueprint/Data_Assets/IA_TestAddMana.uexp" 2900
"C:/Users/kimkiyong/Documents/GitHub/ProjectBBK/Content/PlayerCharacter/Blueprint/Data_Assets/IA_Ultimate.uasset" 2901
"C:/Users/kimkiyong/Documents/GitHub/ProjectBBK/Content/PlayerCharacter/Blueprint/Data_Assets/IA_Ultimate.uexp" 2902
"C:/Users/kimkiyong/Documents/GitHub/ProjectBBK/Content/PlayerCharacter/Blueprint/Data_Assets/IA_UniqueSkill.uasset" 2903
"C:/Users/kimkiyong/Documents/GitHub/ProjectBBK/Content/PlayerCharacter/Blueprint/Data_Assets/IA_UniqueSkill.uexp" 2904
"C:/Users/kimkiyong/Documents/GitHub/ProjectBBK/Content/PlayerCharacter/Blueprint/Data_Assets/IA_SwitchChar0.uasset" 2905
"C:/Users/kimkiyong/Documents/GitHub/ProjectBBK/Content/PlayerCharacter/Blueprint/Data_Assets/IA_SwitchChar0.uexp" 2906
"C:/Users/kimkiyong/Documents/GitHub/ProjectBBK/Content/PlayerCharacter/Blueprint/Data_Assets/IA_SwitchChar1.uasset" 2907
"C:/Users/kimkiyong/Documents/GitHub/ProjectBBK/Content/PlayerCharacter/Blueprint/Data_Assets/IA_SwitchChar1.uexp" 2908
"C:/Users/kimkiyong/Documents/GitHub/ProjectBBK/Content/PlayerCharacter/Blueprint/Data_Assets/IMC_Player.uasset" 2909
"C:/Users/kimkiyong/Documents/GitHub/ProjectBBK/Content/PlayerCharacter/Blueprint/Data_Assets/IMC_Player.uexp" 2910
"C:/Users/kimkiyong/Documents/GitHub/ProjectBBK/Content/Skills/flare.uasset" 2911
"C:/Users/kimkiyong/Documents/GitHub/ProjectBBK/Content/Skills/flare.uexp" 2912
"C:/Users/kimkiyong/Documents/GitHub/ProjectBBK/Content/Skills/wings.uasset" 2913
"C:/Users/kimkiyong/Documents/GitHub/ProjectBBK/Content/Skills/wings.uexp" 2914
"C:/Users/kimkiyong/Documents/GitHub/ProjectBBK/Content/Skills/earth-3.uasset" 2915
"C:/Users/kimkiyong/Documents/GitHub/ProjectBBK/Content/Skills/earth-3.uexp" 2916
"C:/Users/kimkiyong/Documents/GitHub/ProjectBBK/Content/Skills/dagger-1.uasset" 2917
"C:/Users/kimkiyong/Documents/GitHub/ProjectBBK/Content/Skills/dagger-1.uexp" 2918
"C:/Users/kimkiyong/Documents/GitHub/ProjectBBK/Content/Skills/cure-1.uasset" 2919
"C:/Users/kimkiyong/Documents/GitHub/ProjectBBK/Content/Skills/cure-1.uexp" 2920
"C:/Users/kimkiyong/Documents/GitHub/ProjectBBK/Content/Skills/arcane-sceptre.uasset" 2921
"C:/Users/kimkiyong/Documents/GitHub/ProjectBBK/Content/Skills/arcane-sceptre.uexp" 2922
"C:/Users/kimkiyong/Documents/GitHub/ProjectBBK/Content/Skills/Sound/SW_MagicCast_Buff3_1.ubulk" 2923
"C:/Users/kimkiyong/Documents/GitHub/ProjectBBK/Content/Skills/Sound/SW_MagicCast_Buff3_1.uasset" 2924
"C:/Users/kimkiyong/Documents/GitHub/ProjectBBK/Content/Skills/Sound/SW_MagicCast_Buff3_1.uexp" 2925
"C:/Users/kimkiyong/Documents/GitHub/ProjectBBK/Content/Skills/Sound/SW_MagicCast_Buff1_1.ubulk" 2926
"C:/Users/kimkiyong/Documents/GitHub/ProjectBBK/Content/Skills/Sound/SW_MagicCast_Buff1_1.uasset" 2927
"C:/Users/kimkiyong/Documents/GitHub/ProjectBBK/Content/Skills/Sound/SW_MagicCast_Buff1_1.uexp" 2928
"C:/Users/kimkiyong/Documents/GitHub/ProjectBBK/Content/Skills/Sound/Earth_spike_impact.ubulk" 2929
"C:/Users/kimkiyong/Documents/GitHub/ProjectBBK/Content/Skills/Sound/Earth_spike_impact.uasset" 2930
"C:/Users/kimkiyong/Documents/GitHub/ProjectBBK/Content/Skills/Sound/Earth_spike_impact.uexp" 2931
"C:/Users/kimkiyong/Documents/GitHub/ProjectBBK/Content/ParagonGreystone/Audio/Greystone.uasset" 2932
"C:/Users/kimkiyong/Documents/GitHub/ProjectBBK/Content/ParagonGreystone/Audio/Greystone.uexp" 2933
"C:/Users/kimkiyong/Documents/GitHub/ProjectBBK/Content/ParagonGreystone/Audio/Wavs/Greystone_Ability_Q_Engage_030.ubulk" 2934
"C:/Users/kimkiyong/Documents/GitHub/ProjectBBK/Content/ParagonGreystone/Audio/Wavs/Greystone_Ability_Q_Engage_030.uasset" 2935
"C:/Users/kimkiyong/Documents/GitHub/ProjectBBK/Content/ParagonGreystone/Audio/Wavs/Greystone_Ability_Q_Engage_030.uexp" 2936
"C:/Users/kimkiyong/Documents/GitHub/ProjectBBK/Content/ParagonGreystone/Audio/DialogueWavs/Greystone_Ability_Q_Engage_030_Dialogue.uasset" 2937
"C:/Users/kimkiyong/Documents/GitHub/ProjectBBK/Content/ParagonGreystone/Audio/DialogueWavs/Greystone_Ability_Q_Engage_030_Dialogue.uexp" 2938
"C:/Users/kimkiyong/Documents/GitHub/ProjectBBK/Content/ParagonGreystone/Audio/Wavs/Greystone_Ability_Q_Engage_020.ubulk" 2939
"C:/Users/kimkiyong/Documents/GitHub/ProjectBBK/Content/ParagonGreystone/Audio/Wavs/Greystone_Ability_Q_Engage_020.uasset" 2940
"C:/Users/kimkiyong/Documents/GitHub/ProjectBBK/Content/ParagonGreystone/Audio/Wavs/Greystone_Ability_Q_Engage_020.uexp" 2941
"C:/Users/kimkiyong/Documents/GitHub/ProjectBBK/Content/ParagonGreystone/Audio/DialogueWavs/Greystone_Ability_Q_Engage_020_Dialogue.uasset" 2942
"C:/Users/kimkiyong/Documents/GitHub/ProjectBBK/Content/ParagonGreystone/Audio/DialogueWavs/Greystone_Ability_Q_Engage_020_Dialogue.uexp" 2943
"C:/Users/kimkiyong/Documents/GitHub/ProjectBBK/Content/ParagonGreystone/Audio/Wavs/Greystone_Ability_Q_Engage_010.ubulk" 2944
"C:/Users/kimkiyong/Documents/GitHub/ProjectBBK/Content/ParagonGreystone/Audio/Wavs/Greystone_Ability_Q_Engage_010.uasset" 2945
"C:/Users/kimkiyong/Documents/GitHub/ProjectBBK/Content/ParagonGreystone/Audio/Wavs/Greystone_Ability_Q_Engage_010.uexp" 2946
"C:/Users/kimkiyong/Documents/GitHub/ProjectBBK/Content/ParagonGreystone/Audio/DialogueWavs/Greystone_Ability_Q_Engage_010_Dialogue.uasset" 2947
"C:/Users/kimkiyong/Documents/GitHub/ProjectBBK/Content/ParagonGreystone/Audio/DialogueWavs/Greystone_Ability_Q_Engage_010_Dialogue.uexp" 2948
"C:/Users/kimkiyong/Documents/GitHub/ProjectBBK/Content/ParagonGreystone/Audio/Cues/Greystone_Ability_Q_Engage.uasset" 2949
"C:/Users/kimkiyong/Documents/GitHub/ProjectBBK/Content/ParagonGreystone/Audio/Cues/Greystone_Ability_Q_Engage.uexp" 2950
"C:/Users/kimkiyong/Documents/GitHub/ProjectBBK/Content/ParagonRevenant/Audio/Wavs/Revenant_Ability_E_Engage_010.ubulk" 2951
"C:/Users/kimkiyong/Documents/GitHub/ProjectBBK/Content/ParagonRevenant/Audio/Wavs/Revenant_Ability_E_Engage_010.uasset" 2952
"C:/Users/kimkiyong/Documents/GitHub/ProjectBBK/Content/ParagonRevenant/Audio/Wavs/Revenant_Ability_E_Engage_010.uexp" 2953
"C:/Users/kimkiyong/Documents/GitHub/ProjectBBK/Content/ParagonRevenant/Audio/Wavs/Revenant_Ability_Ultimate_Enemy_010.ubulk" 2954
"C:/Users/kimkiyong/Documents/GitHub/ProjectBBK/Content/ParagonRevenant/Audio/Wavs/Revenant_Ability_Ultimate_Enemy_010.uasset" 2955
"C:/Users/kimkiyong/Documents/GitHub/ProjectBBK/Content/ParagonRevenant/Audio/Wavs/Revenant_Ability_Ultimate_Enemy_010.uexp" 2956
"C:/Users/kimkiyong/Documents/GitHub/ProjectBBK/Content/PlayerCharacter/Blueprint/Animation/AnimNotify/ANS_Collider.uasset" 2957
"C:/Users/kimkiyong/Documents/GitHub/ProjectBBK/Content/PlayerCharacter/Blueprint/Animation/AnimNotify/ANS_Collider.uexp" 2958
"../../../Engine/Plugins/Animation/ACLPlugin/Content/ACLAnimCurveCompressionSettings.uasset" 2959
"../../../Engine/Plugins/Animation/ACLPlugin/Content/ACLAnimCurveCompressionSettings.uexp" 2960
"C:/Users/kimkiyong/Documents/GitHub/ProjectBBK/Content/PlayerCharacter/Blueprint/Animation/MeleeAnimations/Attack/Ability_E.uasset" 2961
"C:/Users/kimkiyong/Documents/GitHub/ProjectBBK/Content/PlayerCharacter/Blueprint/Animation/MeleeAnimations/Attack/Ability_E.uexp" 2962
"C:/Users/kimkiyong/Documents/GitHub/ProjectBBK/Content/PlayerCharacter/Blueprint/Animation/MeleeAnimations/Attack/AM_MeleeUnique.uasset" 2963
"C:/Users/kimkiyong/Documents/GitHub/ProjectBBK/Content/PlayerCharacter/Blueprint/Animation/MeleeAnimations/Attack/AM_MeleeUnique.uexp" 2964
"C:/Users/kimkiyong/Documents/GitHub/ProjectBBK/Content/ParagonRevenant/Characters/Heroes/Revenant/Meshes/Revenant_Skeleton.uasset" 2965
"C:/Users/kimkiyong/Documents/GitHub/ProjectBBK/Content/ParagonRevenant/Characters/Heroes/Revenant/Meshes/Revenant_Skeleton.uexp" 2966
"C:/Users/kimkiyong/Documents/GitHub/ProjectBBK/Content/ParagonRevenant/Characters/Heroes/Revenant/Animations/Death_Backward.uasset" 2967
"C:/Users/kimkiyong/Documents/GitHub/ProjectBBK/Content/ParagonRevenant/Characters/Heroes/Revenant/Animations/Death_Backward.uexp" 2968
"C:/Users/kimkiyong/Documents/GitHub/ProjectBBK/Content/ParagonRevenant/Characters/Heroes/Revenant/Animations/RangeChar_Death_Montage.uasset" 2969
"C:/Users/kimkiyong/Documents/GitHub/ProjectBBK/Content/ParagonRevenant/Characters/Heroes/Revenant/Animations/RangeChar_Death_Montage.uexp" 2970
"C:/Users/kimkiyong/Documents/GitHub/ProjectBBK/Content/ParagonRevenant/Characters/Heroes/Revenant/Meshes/Revenant_Extents.uasset" 2971
"C:/Users/kimkiyong/Documents/GitHub/ProjectBBK/Content/ParagonRevenant/Characters/Heroes/Revenant/Meshes/Revenant_Extents.uexp" 2972
"../../../Engine/Content/Functions/MaterialLayerFunctions/MatLayerBlend_ReplaceNormals.uasset" 2973
"../../../Engine/Content/Functions/MaterialLayerFunctions/MatLayerBlend_ReplaceNormals.uexp" 2974
"../../../Engine/Content/Functions/MaterialLayerFunctions/MatLayerBlend_OverrideMetalness.uasset" 2975
"../../../Engine/Content/Functions/MaterialLayerFunctions/MatLayerBlend_OverrideMetalness.uexp" 2976
"../../../Engine/Content/Functions/MaterialLayerFunctions/MatLayerBlend_ModulateSpecular.uasset" 2977
"../../../Engine/Content/Functions/MaterialLayerFunctions/MatLayerBlend_ModulateSpecular.uexp" 2978
"C:/Users/kimkiyong/Documents/GitHub/ProjectBBK/Content/ParagonRevenant/Characters/Global/Textures/T_Black_Linear.uasset" 2979
"C:/Users/kimkiyong/Documents/GitHub/ProjectBBK/Content/ParagonRevenant/Characters/Global/Textures/T_Black_Linear.uexp" 2980
"C:/Users/kimkiyong/Documents/GitHub/ProjectBBK/Content/ParagonRevenant/Characters/Global/MaterialLayers/T_TestML_Mask.ubulk" 2981
"C:/Users/kimkiyong/Documents/GitHub/ProjectBBK/Content/ParagonRevenant/Characters/Global/MaterialLayers/T_TestML_Mask.uasset" 2982
"C:/Users/kimkiyong/Documents/GitHub/ProjectBBK/Content/ParagonRevenant/Characters/Global/MaterialLayers/T_TestML_Mask.uexp" 2983
"C:/Users/kimkiyong/Documents/GitHub/ProjectBBK/Content/ParagonRevenant/Characters/Global/MaterialLayers/ML__Blank.uasset" 2984
"C:/Users/kimkiyong/Documents/GitHub/ProjectBBK/Content/ParagonRevenant/Characters/Global/MaterialLayers/ML__Blank.uexp" 2985
"C:/Users/kimkiyong/Documents/GitHub/ProjectBBK/Content/ParagonRevenant/Characters/Global/MaterialFunctions/ParameterCollections/OrionGlobalGameplayCollection.uasset" 2986
"C:/Users/kimkiyong/Documents/GitHub/ProjectBBK/Content/ParagonRevenant/Characters/Global/MaterialFunctions/ParameterCollections/OrionGlobalGameplayCollection.uexp" 2987
"C:/Users/kimkiyong/Documents/GitHub/ProjectBBK/Content/ParagonRevenant/Characters/Global/MaterialFunctions/MaterialLayerConstructors/MLC_ScratchAndGrime.uasset" 2988
"C:/Users/kimkiyong/Documents/GitHub/ProjectBBK/Content/ParagonRevenant/Characters/Global/MaterialFunctions/MaterialLayerConstructors/MLC_ScratchAndGrime.uexp" 2989
"C:/Users/kimkiyong/Documents/GitHub/ProjectBBK/Content/ParagonRevenant/Characters/Global/MaterialFunctions/MaterialLayerConstructors/MLC_Standard.uasset" 2990
"C:/Users/kimkiyong/Documents/GitHub/ProjectBBK/Content/ParagonRevenant/Characters/Global/MaterialFunctions/MaterialLayerConstructors/MLC_Standard.uexp" 2991
"C:/Users/kimkiyong/Documents/GitHub/ProjectBBK/Content/ParagonRevenant/Characters/Global/MaterialLayers/Metal/T_Blue_Metal02.ubulk" 2992
"C:/Users/kimkiyong/Documents/GitHub/ProjectBBK/Content/ParagonRevenant/Characters/Global/MaterialLayers/Metal/T_Blue_Metal02.uasset" 2993
"C:/Users/kimkiyong/Documents/GitHub/ProjectBBK/Content/ParagonRevenant/Characters/Global/MaterialLayers/Metal/T_Blue_Metal02.uexp" 2994
"C:/Users/kimkiyong/Documents/GitHub/ProjectBBK/Content/ParagonRevenant/Characters/Global/MaterialLayers/Rubber/T_Blank_N.uasset" 2995
"C:/Users/kimkiyong/Documents/GitHub/ProjectBBK/Content/ParagonRevenant/Characters/Global/MaterialLayers/Rubber/T_Blank_N.uexp" 2996
"C:/Users/kimkiyong/Documents/GitHub/ProjectBBK/Content/ParagonRevenant/Characters/Global/MaterialLayers/Metal/ML_blue_Metal.uasset" 2997
"C:/Users/kimkiyong/Documents/GitHub/ProjectBBK/Content/ParagonRevenant/Characters/Global/MaterialLayers/Metal/ML_blue_Metal.uexp" 2998
"C:/Users/kimkiyong/Documents/GitHub/ProjectBBK/Content/ParagonRevenant/Characters/Global/MaterialFunctions/MF_OrionRimlight.uasset" 2999
"C:/Users/kimkiyong/Documents/GitHub/ProjectBBK/Content/ParagonRevenant/Characters/Global/MaterialFunctions/MF_OrionRimlight.uexp" 3000
"C:/Users/kimkiyong/Documents/GitHub/ProjectBBK/Content/ParagonRevenant/Characters/Global/MaterialFunctions/MF_OrionCharacterAO.uasset" 3001
"C:/Users/kimkiyong/Documents/GitHub/ProjectBBK/Content/ParagonRevenant/Characters/Global/MaterialFunctions/MF_OrionCharacterAO.uexp" 3002
"C:/Users/kimkiyong/Documents/GitHub/ProjectBBK/Content/ParagonRevenant/Characters/Global/MaterialFunctions/MF_HitFlash.uasset" 3003
"C:/Users/kimkiyong/Documents/GitHub/ProjectBBK/Content/ParagonRevenant/Characters/Global/MaterialFunctions/MF_HitFlash.uexp" 3004
"C:/Users/kimkiyong/Documents/GitHub/ProjectBBK/Content/ParagonRevenant/Characters/Global/MaterialFunctions/MF_Fuzz_Layer.uasset" 3005
"C:/Users/kimkiyong/Documents/GitHub/ProjectBBK/Content/ParagonRevenant/Characters/Global/MaterialFunctions/MF_Fuzz_Layer.uexp" 3006
"C:/Users/kimkiyong/Documents/GitHub/ProjectBBK/Content/ParagonRevenant/Characters/Global/Textures/Noise/T_AtmosphericCloudNoise03.ubulk" 3007
"C:/Users/kimkiyong/Documents/GitHub/ProjectBBK/Content/ParagonRevenant/Characters/Global/Textures/Noise/T_AtmosphericCloudNoise03.uasset" 3008
"C:/Users/kimkiyong/Documents/GitHub/ProjectBBK/Content/ParagonRevenant/Characters/Global/Textures/Noise/T_AtmosphericCloudNoise03.uexp" 3009
"C:/Users/kimkiyong/Documents/GitHub/ProjectBBK/Content/ParagonRevenant/Characters/Global/Textures/Noise/T_AtmosphericCloudNoise01.ubulk" 3010
"C:/Users/kimkiyong/Documents/GitHub/ProjectBBK/Content/ParagonRevenant/Characters/Global/Textures/Noise/T_AtmosphericCloudNoise01.uasset" 3011
"C:/Users/kimkiyong/Documents/GitHub/ProjectBBK/Content/ParagonRevenant/Characters/Global/Textures/Noise/T_AtmosphericCloudNoise01.uexp" 3012
"C:/Users/kimkiyong/Documents/GitHub/ProjectBBK/Content/ParagonRevenant/Characters/Global/Textures/Noise/T_AtmosphericCloudNoise01_N.ubulk" 3013
"C:/Users/kimkiyong/Documents/GitHub/ProjectBBK/Content/ParagonRevenant/Characters/Global/Textures/Noise/T_AtmosphericCloudNoise01_N.uasset" 3014
"C:/Users/kimkiyong/Documents/GitHub/ProjectBBK/Content/ParagonRevenant/Characters/Global/Textures/Noise/T_AtmosphericCloudNoise01_N.uexp" 3015
"C:/Users/kimkiyong/Documents/GitHub/ProjectBBK/Content/ParagonRevenant/Characters/Global/MaterialFunctions/MF_DeathFade.uasset" 3016
"C:/Users/kimkiyong/Documents/GitHub/ProjectBBK/Content/ParagonRevenant/Characters/Global/MaterialFunctions/MF_DeathFade.uexp" 3017
"C:/Users/kimkiyong/Documents/GitHub/ProjectBBK/Content/ParagonRevenant/Characters/Global/MaterialFunctions/MF_BrightnessAdjust.uasset" 3018
"C:/Users/kimkiyong/Documents/GitHub/ProjectBBK/Content/ParagonRevenant/Characters/Global/MaterialFunctions/MF_BrightnessAdjust.uexp" 3019
"C:/Users/kimkiyong/Documents/GitHub/ProjectBBK/Content/ParagonRevenant/Characters/Global/MaterialFunctions/MF_CharacterEffects.uasset" 3020
"C:/Users/kimkiyong/Documents/GitHub/ProjectBBK/Content/ParagonRevenant/Characters/Global/MaterialFunctions/MF_CharacterEffects.uexp" 3021
"C:/Users/kimkiyong/Documents/GitHub/ProjectBBK/Content/ParagonRevenant/Characters/Heroes/Revenant/Textures/T_Revenant_Weapon_RGB.ubulk" 3022
"C:/Users/kimkiyong/Documents/GitHub/ProjectBBK/Content/ParagonRevenant/Characters/Heroes/Revenant/Textures/T_Revenant_Weapon_RGB.uasset" 3023
"C:/Users/kimkiyong/Documents/GitHub/ProjectBBK/Content/ParagonRevenant/Characters/Heroes/Revenant/Textures/T_Revenant_Weapon_RGB.uexp" 3024
"C:/Users/kimkiyong/Documents/GitHub/ProjectBBK/Content/ParagonRevenant/Characters/Heroes/Revenant/Textures/T_Revenant_Weapon_N.ubulk" 3025
"C:/Users/kimkiyong/Documents/GitHub/ProjectBBK/Content/ParagonRevenant/Characters/Heroes/Revenant/Textures/T_Revenant_Weapon_N.uasset" 3026
"C:/Users/kimkiyong/Documents/GitHub/ProjectBBK/Content/ParagonRevenant/Characters/Heroes/Revenant/Textures/T_Revenant_Weapon_N.uexp" 3027
"C:/Users/kimkiyong/Documents/GitHub/ProjectBBK/Content/ParagonRevenant/Characters/Heroes/Revenant/Textures/T_Revenant_Weapon_MASK2.ubulk" 3028
"C:/Users/kimkiyong/Documents/GitHub/ProjectBBK/Content/ParagonRevenant/Characters/Heroes/Revenant/Textures/T_Revenant_Weapon_MASK2.uasset" 3029
"C:/Users/kimkiyong/Documents/GitHub/ProjectBBK/Content/ParagonRevenant/Characters/Heroes/Revenant/Textures/T_Revenant_Weapon_MASK2.uexp" 3030
"C:/Users/kimkiyong/Documents/GitHub/ProjectBBK/Content/ParagonRevenant/Characters/Heroes/Revenant/Textures/T_Revenant_Weapon_MASK.ubulk" 3031
"C:/Users/kimkiyong/Documents/GitHub/ProjectBBK/Content/ParagonRevenant/Characters/Heroes/Revenant/Textures/T_Revenant_Weapon_MASK.uasset" 3032
"C:/Users/kimkiyong/Documents/GitHub/ProjectBBK/Content/ParagonRevenant/Characters/Heroes/Revenant/Textures/T_Revenant_Weapon_MASK.uexp" 3033
"C:/Users/kimkiyong/Documents/GitHub/ProjectBBK/Content/ParagonRevenant/Characters/Heroes/Revenant/Materials/Revenant_SubsurfaceProfile.uasset" 3034
"C:/Users/kimkiyong/Documents/GitHub/ProjectBBK/Content/ParagonRevenant/Characters/Heroes/Revenant/Materials/Revenant_SubsurfaceProfile.uexp" 3035
"C:/Users/kimkiyong/Documents/GitHub/ProjectBBK/Content/ParagonRevenant/Characters/Global/MaterialLayers/Fabric/T_Velvet_Thick_RGBA.ubulk" 3036
"C:/Users/kimkiyong/Documents/GitHub/ProjectBBK/Content/ParagonRevenant/Characters/Global/MaterialLayers/Fabric/T_Velvet_Thick_RGBA.uasset" 3037
"C:/Users/kimkiyong/Documents/GitHub/ProjectBBK/Content/ParagonRevenant/Characters/Global/MaterialLayers/Fabric/T_Velvet_Thick_RGBA.uexp" 3038
"C:/Users/kimkiyong/Documents/GitHub/ProjectBBK/Content/ParagonRevenant/Characters/Global/MaterialLayers/Fabric/T_blank_Normal_N.ubulk" 3039
"C:/Users/kimkiyong/Documents/GitHub/ProjectBBK/Content/ParagonRevenant/Characters/Global/MaterialLayers/Fabric/T_blank_Normal_N.uasset" 3040
"C:/Users/kimkiyong/Documents/GitHub/ProjectBBK/Content/ParagonRevenant/Characters/Global/MaterialLayers/Fabric/T_blank_Normal_N.uexp" 3041
"C:/Users/kimkiyong/Documents/GitHub/ProjectBBK/Content/ParagonRevenant/Characters/Global/MaterialLayers/Rubber/T_Rubber_2.ubulk" 3042
"C:/Users/kimkiyong/Documents/GitHub/ProjectBBK/Content/ParagonRevenant/Characters/Global/MaterialLayers/Rubber/T_Rubber_2.uasset" 3043
"C:/Users/kimkiyong/Documents/GitHub/ProjectBBK/Content/ParagonRevenant/Characters/Global/MaterialLayers/Rubber/T_Rubber_2.uexp" 3044
"C:/Users/kimkiyong/Documents/GitHub/ProjectBBK/Content/ParagonRevenant/Characters/Global/MaterialLayers/Leather/ML_Tan_Leather.uasset" 3045
"C:/Users/kimkiyong/Documents/GitHub/ProjectBBK/Content/ParagonRevenant/Characters/Global/MaterialLayers/Leather/ML_Tan_Leather.uexp" 3046
"C:/Users/kimkiyong/Documents/GitHub/ProjectBBK/Content/ParagonRevenant/Characters/Global/MaterialLayers/Leather/T_Leather_Blue_N.ubulk" 3047
"C:/Users/kimkiyong/Documents/GitHub/ProjectBBK/Content/ParagonRevenant/Characters/Global/MaterialLayers/Leather/T_Leather_Blue_N.uasset" 3048
"C:/Users/kimkiyong/Documents/GitHub/ProjectBBK/Content/ParagonRevenant/Characters/Global/MaterialLayers/Leather/T_Leather_Blue_N.uexp" 3049
"C:/Users/kimkiyong/Documents/GitHub/ProjectBBK/Content/ParagonRevenant/Characters/Heroes/Revenant/Materials/ML_Duster_Leather.uasset" 3050
"C:/Users/kimkiyong/Documents/GitHub/ProjectBBK/Content/ParagonRevenant/Characters/Heroes/Revenant/Materials/ML_Duster_Leather.uexp" 3051
"C:/Users/kimkiyong/Documents/GitHub/ProjectBBK/Content/ParagonRevenant/Characters/Global/Textures/Noise/T_AtmosphericCloudNoise04.ubulk" 3052
"C:/Users/kimkiyong/Documents/GitHub/ProjectBBK/Content/ParagonRevenant/Characters/Global/Textures/Noise/T_AtmosphericCloudNoise04.uasset" 3053
"C:/Users/kimkiyong/Documents/GitHub/ProjectBBK/Content/ParagonRevenant/Characters/Global/Textures/Noise/T_AtmosphericCloudNoise04.uexp" 3054
"C:/Users/kimkiyong/Documents/GitHub/ProjectBBK/Content/ParagonRevenant/Characters/Heroes/Revenant/Materials/MF_RevanantUltimate.uasset" 3055
"C:/Users/kimkiyong/Documents/GitHub/ProjectBBK/Content/ParagonRevenant/Characters/Heroes/Revenant/Materials/MF_RevanantUltimate.uexp" 3056
"C:/Users/kimkiyong/Documents/GitHub/ProjectBBK/Content/ParagonRevenant/Characters/Global/MaterialFunctions/MaterialLayerConstructors/MF_BaseColorTintAndContrast.uasset" 3057
"C:/Users/kimkiyong/Documents/GitHub/ProjectBBK/Content/ParagonRevenant/Characters/Global/MaterialFunctions/MaterialLayerConstructors/MF_BaseColorTintAndContrast.uexp" 3058
"C:/Users/kimkiyong/Documents/GitHub/ProjectBBK/Content/ParagonRevenant/Characters/Global/MaterialFunctions/MaterialLayerConstructors/MF_RoughnessAdjustment.uasset" 3059
"C:/Users/kimkiyong/Documents/GitHub/ProjectBBK/Content/ParagonRevenant/Characters/Global/MaterialFunctions/MaterialLayerConstructors/MF_RoughnessAdjustment.uexp" 3060
"C:/Users/kimkiyong/Documents/GitHub/ProjectBBK/Content/ParagonRevenant/Characters/Global/MaterialLayers/Fabric/T_Wool_Fabric_N.ubulk" 3061
"C:/Users/kimkiyong/Documents/GitHub/ProjectBBK/Content/ParagonRevenant/Characters/Global/MaterialLayers/Fabric/T_Wool_Fabric_N.uasset" 3062
"C:/Users/kimkiyong/Documents/GitHub/ProjectBBK/Content/ParagonRevenant/Characters/Global/MaterialLayers/Fabric/T_Wool_Fabric_N.uexp" 3063
"C:/Users/kimkiyong/Documents/GitHub/ProjectBBK/Content/ParagonRevenant/Characters/Global/MaterialLayers/Fabric/T_Wool_Fabric_MASK.ubulk" 3064
"C:/Users/kimkiyong/Documents/GitHub/ProjectBBK/Content/ParagonRevenant/Characters/Global/MaterialLayers/Fabric/T_Wool_Fabric_MASK.uasset" 3065
"C:/Users/kimkiyong/Documents/GitHub/ProjectBBK/Content/ParagonRevenant/Characters/Global/MaterialLayers/Fabric/T_Wool_Fabric_MASK.uexp" 3066
"C:/Users/kimkiyong/Documents/GitHub/ProjectBBK/Content/ParagonRevenant/Characters/Global/MaterialLayers/Fabric/ML_Wool_Fabric.uasset" 3067
"C:/Users/kimkiyong/Documents/GitHub/ProjectBBK/Content/ParagonRevenant/Characters/Global/MaterialLayers/Fabric/ML_Wool_Fabric.uexp" 3068
"C:/Users/kimkiyong/Documents/GitHub/ProjectBBK/Content/ParagonRevenant/Characters/Global/MaterialLayers/Fabric/T_Fuzz_MASK.ubulk" 3069
"C:/Users/kimkiyong/Documents/GitHub/ProjectBBK/Content/ParagonRevenant/Characters/Global/MaterialLayers/Fabric/T_Fuzz_MASK.uasset" 3070
"C:/Users/kimkiyong/Documents/GitHub/ProjectBBK/Content/ParagonRevenant/Characters/Global/MaterialLayers/Fabric/T_Fuzz_MASK.uexp" 3071
"C:/Users/kimkiyong/Documents/GitHub/ProjectBBK/Content/ParagonRevenant/Characters/Global/MaterialLayers/Leather/T_ML_FineLeather01_N.ubulk" 3072
"C:/Users/kimkiyong/Documents/GitHub/ProjectBBK/Content/ParagonRevenant/Characters/Global/MaterialLayers/Leather/T_ML_FineLeather01_N.uasset" 3073
"C:/Users/kimkiyong/Documents/GitHub/ProjectBBK/Content/ParagonRevenant/Characters/Global/MaterialLayers/Leather/T_ML_FineLeather01_N.uexp" 3074
"C:/Users/kimkiyong/Documents/GitHub/ProjectBBK/Content/ParagonRevenant/Characters/Global/MaterialLayers/Leather/T_ML_FineLeather01.ubulk" 3075
"C:/Users/kimkiyong/Documents/GitHub/ProjectBBK/Content/ParagonRevenant/Characters/Global/MaterialLayers/Leather/T_ML_FineLeather01.uasset" 3076
"C:/Users/kimkiyong/Documents/GitHub/ProjectBBK/Content/ParagonRevenant/Characters/Global/MaterialLayers/Leather/T_ML_FineLeather01.uexp" 3077
"C:/Users/kimkiyong/Documents/GitHub/ProjectBBK/Content/ParagonRevenant/Characters/Global/MaterialLayers/Leather/ML_ThinLeather03.uasset" 3078
"C:/Users/kimkiyong/Documents/GitHub/ProjectBBK/Content/ParagonRevenant/Characters/Global/MaterialLayers/Leather/ML_ThinLeather03.uexp" 3079
"C:/Users/kimkiyong/Documents/GitHub/ProjectBBK/Content/ParagonRevenant/Characters/Global/MaterialLayers/Leather/ML_ThinLeather01.uasset" 3080
"C:/Users/kimkiyong/Documents/GitHub/ProjectBBK/Content/ParagonRevenant/Characters/Global/MaterialLayers/Leather/ML_ThinLeather01.uexp" 3081
"C:/Users/kimkiyong/Documents/GitHub/ProjectBBK/Content/ParagonRevenant/Characters/Global/MaterialLayers/Metal/T_Blank_N.ubulk" 3082
"C:/Users/kimkiyong/Documents/GitHub/ProjectBBK/Content/ParagonRevenant/Characters/Global/MaterialLayers/Metal/T_Blank_N.uasset" 3083
"C:/Users/kimkiyong/Documents/GitHub/ProjectBBK/Content/ParagonRevenant/Characters/Global/MaterialLayers/Metal/T_Blank_N.uexp" 3084
"C:/Users/kimkiyong/Documents/GitHub/ProjectBBK/Content/ParagonRevenant/Characters/Global/MaterialLayers/Metal/T_ML_Gold_Metal01.ubulk" 3085
"C:/Users/kimkiyong/Documents/GitHub/ProjectBBK/Content/ParagonRevenant/Characters/Global/MaterialLayers/Metal/T_ML_Gold_Metal01.uasset" 3086
"C:/Users/kimkiyong/Documents/GitHub/ProjectBBK/Content/ParagonRevenant/Characters/Global/MaterialLayers/Metal/T_ML_Gold_Metal01.uexp" 3087
"C:/Users/kimkiyong/Documents/GitHub/ProjectBBK/Content/ParagonRevenant/Characters/Global/MaterialLayers/Metal/ML_Gold_Metal02.uasset" 3088
"C:/Users/kimkiyong/Documents/GitHub/ProjectBBK/Content/ParagonRevenant/Characters/Global/MaterialLayers/Metal/ML_Gold_Metal02.uexp" 3089
"C:/Users/kimkiyong/Documents/GitHub/ProjectBBK/Content/ParagonRevenant/Characters/Global/MaterialLayers/Synthetics/T_ML_PlasticPattern06_N.ubulk" 3090
"C:/Users/kimkiyong/Documents/GitHub/ProjectBBK/Content/ParagonRevenant/Characters/Global/MaterialLayers/Synthetics/T_ML_PlasticPattern06_N.uasset" 3091
"C:/Users/kimkiyong/Documents/GitHub/ProjectBBK/Content/ParagonRevenant/Characters/Global/MaterialLayers/Synthetics/T_ML_PlasticPattern06_N.uexp" 3092
"C:/Users/kimkiyong/Documents/GitHub/ProjectBBK/Content/ParagonRevenant/Characters/Global/MaterialLayers/Rubber/ML_DarkSoft_Rubber2.uasset" 3093
"C:/Users/kimkiyong/Documents/GitHub/ProjectBBK/Content/ParagonRevenant/Characters/Global/MaterialLayers/Rubber/ML_DarkSoft_Rubber2.uexp" 3094
"C:/Users/kimkiyong/Documents/GitHub/ProjectBBK/Content/ParagonRevenant/Characters/Heroes/Revenant/Materials/M_Revenant_Weapon.uasset" 3095
"C:/Users/kimkiyong/Documents/GitHub/ProjectBBK/Content/ParagonRevenant/Characters/Heroes/Revenant/Materials/M_Revenant_Weapon.uexp" 3096
"../../../Engine/Content/Functions/MaterialLayerFunctions/MatLayerBlend_NormalFlatten.uasset" 3097
"../../../Engine/Content/Functions/MaterialLayerFunctions/MatLayerBlend_NormalFlatten.uexp" 3098
"C:/Users/kimkiyong/Documents/GitHub/ProjectBBK/Content/ParagonRevenant/Characters/Heroes/Revenant/Textures/T_Revenant_Jacket_Tint.ubulk" 3099
"C:/Users/kimkiyong/Documents/GitHub/ProjectBBK/Content/ParagonRevenant/Characters/Heroes/Revenant/Textures/T_Revenant_Jacket_Tint.uasset" 3100
"C:/Users/kimkiyong/Documents/GitHub/ProjectBBK/Content/ParagonRevenant/Characters/Heroes/Revenant/Textures/T_Revenant_Jacket_Tint.uexp" 3101
"C:/Users/kimkiyong/Documents/GitHub/ProjectBBK/Content/ParagonRevenant/Characters/Heroes/Revenant/Textures/T_Revenant_Jacket_RGB.ubulk" 3102
"C:/Users/kimkiyong/Documents/GitHub/ProjectBBK/Content/ParagonRevenant/Characters/Heroes/Revenant/Textures/T_Revenant_Jacket_RGB.uasset" 3103
"C:/Users/kimkiyong/Documents/GitHub/ProjectBBK/Content/ParagonRevenant/Characters/Heroes/Revenant/Textures/T_Revenant_Jacket_RGB.uexp" 3104
"C:/Users/kimkiyong/Documents/GitHub/ProjectBBK/Content/ParagonRevenant/Characters/Heroes/Revenant/Textures/T_Revenant_Jacket_N.ubulk" 3105
"C:/Users/kimkiyong/Documents/GitHub/ProjectBBK/Content/ParagonRevenant/Characters/Heroes/Revenant/Textures/T_Revenant_Jacket_N.uasset" 3106
"C:/Users/kimkiyong/Documents/GitHub/ProjectBBK/Content/ParagonRevenant/Characters/Heroes/Revenant/Textures/T_Revenant_Jacket_N.uexp" 3107
"C:/Users/kimkiyong/Documents/GitHub/ProjectBBK/Content/ParagonRevenant/Characters/Heroes/Revenant/Textures/T_Revenant_Jacket_MASK.ubulk" 3108
"C:/Users/kimkiyong/Documents/GitHub/ProjectBBK/Content/ParagonRevenant/Characters/Heroes/Revenant/Textures/T_Revenant_Jacket_MASK.uasset" 3109
"C:/Users/kimkiyong/Documents/GitHub/ProjectBBK/Content/ParagonRevenant/Characters/Heroes/Revenant/Textures/T_Revenant_Jacket_MASK.uexp" 3110
"C:/Users/kimkiyong/Documents/GitHub/ProjectBBK/Content/ParagonRevenant/Characters/Global/MaterialLayers/Fabric/MF_ClothShading.uasset" 3111
"C:/Users/kimkiyong/Documents/GitHub/ProjectBBK/Content/ParagonRevenant/Characters/Global/MaterialLayers/Fabric/MF_ClothShading.uexp" 3112
"C:/Users/kimkiyong/Documents/GitHub/ProjectBBK/Content/ParagonRevenant/Characters/Global/MaterialLayers/Fabric/T_ML_Fabric_Blue_Medium_N.ubulk" 3113
"C:/Users/kimkiyong/Documents/GitHub/ProjectBBK/Content/ParagonRevenant/Characters/Global/MaterialLayers/Fabric/T_ML_Fabric_Blue_Medium_N.uasset" 3114
"C:/Users/kimkiyong/Documents/GitHub/ProjectBBK/Content/ParagonRevenant/Characters/Global/MaterialLayers/Fabric/T_ML_Fabric_Blue_Medium_N.uexp" 3115
"C:/Users/kimkiyong/Documents/GitHub/ProjectBBK/Content/ParagonRevenant/Characters/Global/MaterialLayers/Fabric/T_ML_Fabric_Dirty.ubulk" 3116
"C:/Users/kimkiyong/Documents/GitHub/ProjectBBK/Content/ParagonRevenant/Characters/Global/MaterialLayers/Fabric/T_ML_Fabric_Dirty.uasset" 3117
"C:/Users/kimkiyong/Documents/GitHub/ProjectBBK/Content/ParagonRevenant/Characters/Global/MaterialLayers/Fabric/T_ML_Fabric_Dirty.uexp" 3118
"C:/Users/kimkiyong/Documents/GitHub/ProjectBBK/Content/ParagonRevenant/Characters/Global/MaterialLayers/Fabric/ML_Fabric_Dirty.uasset" 3119
"C:/Users/kimkiyong/Documents/GitHub/ProjectBBK/Content/ParagonRevenant/Characters/Global/MaterialLayers/Fabric/ML_Fabric_Dirty.uexp" 3120
"C:/Users/kimkiyong/Documents/GitHub/ProjectBBK/Content/ParagonRevenant/Characters/Global/MaterialLayers/Leather/T_SmoothLeather_D.ubulk" 3121
"C:/Users/kimkiyong/Documents/GitHub/ProjectBBK/Content/ParagonRevenant/Characters/Global/MaterialLayers/Leather/T_SmoothLeather_D.uasset" 3122
"C:/Users/kimkiyong/Documents/GitHub/ProjectBBK/Content/ParagonRevenant/Characters/Global/MaterialLayers/Leather/T_SmoothLeather_D.uexp" 3123
"C:/Users/kimkiyong/Documents/GitHub/ProjectBBK/Content/ParagonRevenant/Characters/Global/MaterialLayers/Leather/T_WornLeather_01_N.ubulk" 3124
"C:/Users/kimkiyong/Documents/GitHub/ProjectBBK/Content/ParagonRevenant/Characters/Global/MaterialLayers/Leather/T_WornLeather_01_N.uasset" 3125
"C:/Users/kimkiyong/Documents/GitHub/ProjectBBK/Content/ParagonRevenant/Characters/Global/MaterialLayers/Leather/T_WornLeather_01_N.uexp" 3126
"C:/Users/kimkiyong/Documents/GitHub/ProjectBBK/Content/ParagonRevenant/Characters/Global/MaterialLayers/Leather/ML_PeltLeather.uasset" 3127
"C:/Users/kimkiyong/Documents/GitHub/ProjectBBK/Content/ParagonRevenant/Characters/Global/MaterialLayers/Leather/ML_PeltLeather.uexp" 3128
"C:/Users/kimkiyong/Documents/GitHub/ProjectBBK/Content/ParagonRevenant/Characters/Global/MaterialLayers/Metal/T_Rust01_N.ubulk" 3129
"C:/Users/kimkiyong/Documents/GitHub/ProjectBBK/Content/ParagonRevenant/Characters/Global/MaterialLayers/Metal/T_Rust01_N.uasset" 3130
"C:/Users/kimkiyong/Documents/GitHub/ProjectBBK/Content/ParagonRevenant/Characters/Global/MaterialLayers/Metal/T_Rust01_N.uexp" 3131
"C:/Users/kimkiyong/Documents/GitHub/ProjectBBK/Content/ParagonRevenant/Characters/Global/MaterialLayers/Metal/T_Rust01.ubulk" 3132
"C:/Users/kimkiyong/Documents/GitHub/ProjectBBK/Content/ParagonRevenant/Characters/Global/MaterialLayers/Metal/T_Rust01.uasset" 3133
"C:/Users/kimkiyong/Documents/GitHub/ProjectBBK/Content/ParagonRevenant/Characters/Global/MaterialLayers/Metal/T_Rust01.uexp" 3134
"C:/Users/kimkiyong/Documents/GitHub/ProjectBBK/Content/ParagonRevenant/Characters/Global/MaterialLayers/Metal/ML_Rust01.uasset" 3135
"C:/Users/kimkiyong/Documents/GitHub/ProjectBBK/Content/ParagonRevenant/Characters/Global/MaterialLayers/Metal/ML_Rust01.uexp" 3136
"C:/Users/kimkiyong/Documents/GitHub/ProjectBBK/Content/ParagonRevenant/Characters/Heroes/Revenant/Materials/M_Revenant_Jacket.uasset" 3137
"C:/Users/kimkiyong/Documents/GitHub/ProjectBBK/Content/ParagonRevenant/Characters/Heroes/Revenant/Materials/M_Revenant_Jacket.uexp" 3138
"C:/Users/kimkiyong/Documents/GitHub/ProjectBBK/Content/ParagonRevenant/Characters/Global/MaterialFunctions/MF_Character_MaterialLayerQuality.uasset" 3139
"C:/Users/kimkiyong/Documents/GitHub/ProjectBBK/Content/ParagonRevenant/Characters/Global/MaterialFunctions/MF_Character_MaterialLayerQuality.uexp" 3140
"C:/Users/kimkiyong/Documents/GitHub/ProjectBBK/Content/ParagonRevenant/Characters/Global/MaterialLayers/Wood/T_Wood02_N.ubulk" 3141
"C:/Users/kimkiyong/Documents/GitHub/ProjectBBK/Content/ParagonRevenant/Characters/Global/MaterialLayers/Wood/T_Wood02_N.uasset" 3142
"C:/Users/kimkiyong/Documents/GitHub/ProjectBBK/Content/ParagonRevenant/Characters/Global/MaterialLayers/Wood/T_Wood02_N.uexp" 3143
"C:/Users/kimkiyong/Documents/GitHub/ProjectBBK/Content/ParagonRevenant/Characters/Global/MaterialLayers/Wood/T_Wood02_D.ubulk" 3144
"C:/Users/kimkiyong/Documents/GitHub/ProjectBBK/Content/ParagonRevenant/Characters/Global/MaterialLayers/Wood/T_Wood02_D.uasset" 3145
"C:/Users/kimkiyong/Documents/GitHub/ProjectBBK/Content/ParagonRevenant/Characters/Global/MaterialLayers/Wood/T_Wood02_D.uexp" 3146
"C:/Users/kimkiyong/Documents/GitHub/ProjectBBK/Content/ParagonRevenant/Characters/Heroes/Revenant/Materials/ML_Revenant_Wood_Handel.uasset" 3147
"C:/Users/kimkiyong/Documents/GitHub/ProjectBBK/Content/ParagonRevenant/Characters/Heroes/Revenant/Materials/ML_Revenant_Wood_Handel.uexp" 3148
"C:/Users/kimkiyong/Documents/GitHub/ProjectBBK/Content/ParagonRevenant/Characters/Global/MaterialLayers/Metal/T_Blue_heat_Grime.ubulk" 3149
"C:/Users/kimkiyong/Documents/GitHub/ProjectBBK/Content/ParagonRevenant/Characters/Global/MaterialLayers/Metal/T_Blue_heat_Grime.uasset" 3150
"C:/Users/kimkiyong/Documents/GitHub/ProjectBBK/Content/ParagonRevenant/Characters/Global/MaterialLayers/Metal/T_Blue_heat_Grime.uexp" 3151
"C:/Users/kimkiyong/Documents/GitHub/ProjectBBK/Content/ParagonRevenant/Characters/Global/MaterialLayers/Metal/ML_blue_heat.uasset" 3152
"C:/Users/kimkiyong/Documents/GitHub/ProjectBBK/Content/ParagonRevenant/Characters/Global/MaterialLayers/Metal/ML_blue_heat.uexp" 3153
"C:/Users/kimkiyong/Documents/GitHub/ProjectBBK/Content/ParagonRevenant/Characters/Global/MaterialLayers/Metal/T_metal02.ubulk" 3154
"C:/Users/kimkiyong/Documents/GitHub/ProjectBBK/Content/ParagonRevenant/Characters/Global/MaterialLayers/Metal/T_metal02.uasset" 3155
"C:/Users/kimkiyong/Documents/GitHub/ProjectBBK/Content/ParagonRevenant/Characters/Global/MaterialLayers/Metal/T_metal02.uexp" 3156
"C:/Users/kimkiyong/Documents/GitHub/ProjectBBK/Content/ParagonRevenant/Characters/Global/MaterialLayers/Metal/ML_Dirty_Gun_Metal_1.uasset" 3157
"C:/Users/kimkiyong/Documents/GitHub/ProjectBBK/Content/ParagonRevenant/Characters/Global/MaterialLayers/Metal/ML_Dirty_Gun_Metal_1.uexp" 3158
"C:/Users/kimkiyong/Documents/GitHub/ProjectBBK/Content/ParagonRevenant/Characters/Global/MaterialLayers/Metal/T_Primer_Black_Metal.ubulk" 3159
"C:/Users/kimkiyong/Documents/GitHub/ProjectBBK/Content/ParagonRevenant/Characters/Global/MaterialLayers/Metal/T_Primer_Black_Metal.uasset" 3160
"C:/Users/kimkiyong/Documents/GitHub/ProjectBBK/Content/ParagonRevenant/Characters/Global/MaterialLayers/Metal/T_Primer_Black_Metal.uexp" 3161
"C:/Users/kimkiyong/Documents/GitHub/ProjectBBK/Content/ParagonRevenant/Characters/Global/MaterialLayers/Metal/T_Revenant_Body_Color_Overlay.ubulk" 3162
"C:/Users/kimkiyong/Documents/GitHub/ProjectBBK/Content/ParagonRevenant/Characters/Global/MaterialLayers/Metal/T_Revenant_Body_Color_Overlay.uasset" 3163
"C:/Users/kimkiyong/Documents/GitHub/ProjectBBK/Content/ParagonRevenant/Characters/Global/MaterialLayers/Metal/T_Revenant_Body_Color_Overlay.uexp" 3164
"C:/Users/kimkiyong/Documents/GitHub/ProjectBBK/Content/ParagonRevenant/Characters/Global/MaterialLayers/Metal/T_Rough_Metal_N.ubulk" 3165
"C:/Users/kimkiyong/Documents/GitHub/ProjectBBK/Content/ParagonRevenant/Characters/Global/MaterialLayers/Metal/T_Rough_Metal_N.uasset" 3166
"C:/Users/kimkiyong/Documents/GitHub/ProjectBBK/Content/ParagonRevenant/Characters/Global/MaterialLayers/Metal/T_Rough_Metal_N.uexp" 3167
"C:/Users/kimkiyong/Documents/GitHub/ProjectBBK/Content/ParagonRevenant/Characters/Global/MaterialLayers/Metal/ML_Gray_Gun_Metal.uasset" 3168
"C:/Users/kimkiyong/Documents/GitHub/ProjectBBK/Content/ParagonRevenant/Characters/Global/MaterialLayers/Metal/ML_Gray_Gun_Metal.uexp" 3169
"C:/Users/kimkiyong/Documents/GitHub/ProjectBBK/Content/ParagonRevenant/Characters/Heroes/Revenant/Materials/M_Revenant_Gun.uasset" 3170
"C:/Users/kimkiyong/Documents/GitHub/ProjectBBK/Content/ParagonRevenant/Characters/Heroes/Revenant/Materials/M_Revenant_Gun.uexp" 3171
"C:/Users/kimkiyong/Documents/GitHub/ProjectBBK/Content/ParagonRevenant/Characters/Heroes/Revenant/Materials/M_Revenant_GlowGun.uasset" 3172
"C:/Users/kimkiyong/Documents/GitHub/ProjectBBK/Content/ParagonRevenant/Characters/Heroes/Revenant/Materials/M_Revenant_GlowGun.uexp" 3173
"../../../Engine/Content/Functions/Engine_MaterialFunctions02/Utility/VectorToRadialValue.uasset" 3174
"../../../Engine/Content/Functions/Engine_MaterialFunctions02/Utility/VectorToRadialValue.uexp" 3175
"C:/Users/kimkiyong/Documents/GitHub/ProjectBBK/Content/ParagonRevenant/Characters/Global/Textures/T_Plasma_Aurora_Seamless.ubulk" 3176
"C:/Users/kimkiyong/Documents/GitHub/ProjectBBK/Content/ParagonRevenant/Characters/Global/Textures/T_Plasma_Aurora_Seamless.uasset" 3177
"C:/Users/kimkiyong/Documents/GitHub/ProjectBBK/Content/ParagonRevenant/Characters/Global/Textures/T_Plasma_Aurora_Seamless.uexp" 3178
"C:/Users/kimkiyong/Documents/GitHub/ProjectBBK/Content/ParagonRevenant/Characters/Global/Textures/T_PerlinPlasma_Noisey_Packed.ubulk" 3179
"C:/Users/kimkiyong/Documents/GitHub/ProjectBBK/Content/ParagonRevenant/Characters/Global/Textures/T_PerlinPlasma_Noisey_Packed.uasset" 3180
"C:/Users/kimkiyong/Documents/GitHub/ProjectBBK/Content/ParagonRevenant/Characters/Global/Textures/T_PerlinPlasma_Noisey_Packed.uexp" 3181
"C:/Users/kimkiyong/Documents/GitHub/ProjectBBK/Content/ParagonRevenant/Characters/Heroes/Revenant/Materials/M_Revenant_GlowEyes.uasset" 3182
"C:/Users/kimkiyong/Documents/GitHub/ProjectBBK/Content/ParagonRevenant/Characters/Heroes/Revenant/Materials/M_Revenant_GlowEyes.uexp" 3183
"C:/Users/kimkiyong/Documents/GitHub/ProjectBBK/Content/ParagonRevenant/Characters/Global/Textures/T_Turbulence_Seamless.ubulk" 3184
"C:/Users/kimkiyong/Documents/GitHub/ProjectBBK/Content/ParagonRevenant/Characters/Global/Textures/T_Turbulence_Seamless.uasset" 3185
"C:/Users/kimkiyong/Documents/GitHub/ProjectBBK/Content/ParagonRevenant/Characters/Global/Textures/T_Turbulence_Seamless.uexp" 3186
"C:/Users/kimkiyong/Documents/GitHub/ProjectBBK/Content/ParagonRevenant/Characters/Heroes/Revenant/Materials/M_Revenant_EyesEffect.uasset" 3187
"C:/Users/kimkiyong/Documents/GitHub/ProjectBBK/Content/ParagonRevenant/Characters/Heroes/Revenant/Materials/M_Revenant_EyesEffect.uexp" 3188
"C:/Users/kimkiyong/Documents/GitHub/ProjectBBK/Content/ParagonRevenant/Characters/Global/Textures/T_Water_Screen_Noise_Soft2.ubulk" 3189
"C:/Users/kimkiyong/Documents/GitHub/ProjectBBK/Content/ParagonRevenant/Characters/Global/Textures/T_Water_Screen_Noise_Soft2.uasset" 3190
"C:/Users/kimkiyong/Documents/GitHub/ProjectBBK/Content/ParagonRevenant/Characters/Global/Textures/T_Water_Screen_Noise_Soft2.uexp" 3191
"C:/Users/kimkiyong/Documents/GitHub/ProjectBBK/Content/ParagonRevenant/Characters/Global/Textures/T_Flat_normal.ubulk" 3192
"C:/Users/kimkiyong/Documents/GitHub/ProjectBBK/Content/ParagonRevenant/Characters/Global/Textures/T_Flat_normal.uasset" 3193
"C:/Users/kimkiyong/Documents/GitHub/ProjectBBK/Content/ParagonRevenant/Characters/Global/Textures/T_Flat_normal.uexp" 3194
"C:/Users/kimkiyong/Documents/GitHub/ProjectBBK/Content/ParagonRevenant/Characters/Global/MaterialLayers/ML_FlatColor.uasset" 3195
"C:/Users/kimkiyong/Documents/GitHub/ProjectBBK/Content/ParagonRevenant/Characters/Global/MaterialLayers/ML_FlatColor.uexp" 3196
"C:/Users/kimkiyong/Documents/GitHub/ProjectBBK/Content/ParagonRevenant/Characters/Heroes/Revenant/Textures/T_Revenant_Weapon_DisplacementMask.ubulk" 3197
"C:/Users/kimkiyong/Documents/GitHub/ProjectBBK/Content/ParagonRevenant/Characters/Heroes/Revenant/Textures/T_Revenant_Weapon_DisplacementMask.uasset" 3198
"C:/Users/kimkiyong/Documents/GitHub/ProjectBBK/Content/ParagonRevenant/Characters/Heroes/Revenant/Textures/T_Revenant_Weapon_DisplacementMask.uexp" 3199
"C:/Users/kimkiyong/Documents/GitHub/ProjectBBK/Content/ParagonRevenant/Characters/Heroes/Revenant/Textures/T_Revenant_Darkness_Flesh.ubulk" 3200
"C:/Users/kimkiyong/Documents/GitHub/ProjectBBK/Content/ParagonRevenant/Characters/Heroes/Revenant/Textures/T_Revenant_Darkness_Flesh.uasset" 3201
"C:/Users/kimkiyong/Documents/GitHub/ProjectBBK/Content/ParagonRevenant/Characters/Heroes/Revenant/Textures/T_Revenant_Darkness_Flesh.uexp" 3202
"C:/Users/kimkiyong/Documents/GitHub/ProjectBBK/Content/ParagonRevenant/Characters/Global/MaterialLayers/Synthetics/T_Rough_Plastic_N.ubulk" 3203
"C:/Users/kimkiyong/Documents/GitHub/ProjectBBK/Content/ParagonRevenant/Characters/Global/MaterialLayers/Synthetics/T_Rough_Plastic_N.uasset" 3204
"C:/Users/kimkiyong/Documents/GitHub/ProjectBBK/Content/ParagonRevenant/Characters/Global/MaterialLayers/Synthetics/T_Rough_Plastic_N.uexp" 3205
"C:/Users/kimkiyong/Documents/GitHub/ProjectBBK/Content/ParagonRevenant/Characters/Global/MaterialLayers/Special/ML_IckyMuck.uasset" 3206
"C:/Users/kimkiyong/Documents/GitHub/ProjectBBK/Content/ParagonRevenant/Characters/Global/MaterialLayers/Special/ML_IckyMuck.uexp" 3207
"C:/Users/kimkiyong/Documents/GitHub/ProjectBBK/Content/ParagonRevenant/Characters/Global/MaterialLayers/Water/Textures/T_WaterTrickle_N.ubulk" 3208
"C:/Users/kimkiyong/Documents/GitHub/ProjectBBK/Content/ParagonRevenant/Characters/Global/MaterialLayers/Water/Textures/T_WaterTrickle_N.uasset" 3209
"C:/Users/kimkiyong/Documents/GitHub/ProjectBBK/Content/ParagonRevenant/Characters/Global/MaterialLayers/Water/Textures/T_WaterTrickle_N.uexp" 3210
"C:/Users/kimkiyong/Documents/GitHub/ProjectBBK/Content/ParagonRevenant/Characters/Global/MaterialLayers/Water/Textures/WaterFlow_Tiling01.uasset" 3211
"C:/Users/kimkiyong/Documents/GitHub/ProjectBBK/Content/ParagonRevenant/Characters/Global/MaterialLayers/Water/Textures/WaterFlow_Tiling01.uexp" 3212
"C:/Users/kimkiyong/Documents/GitHub/ProjectBBK/Content/ParagonRevenant/Characters/Global/Textures/Noise/T_noise_flamy_Tile.ubulk" 3213
"C:/Users/kimkiyong/Documents/GitHub/ProjectBBK/Content/ParagonRevenant/Characters/Global/Textures/Noise/T_noise_flamy_Tile.uasset" 3214
"C:/Users/kimkiyong/Documents/GitHub/ProjectBBK/Content/ParagonRevenant/Characters/Global/Textures/Noise/T_noise_flamy_Tile.uexp" 3215
"C:/Users/kimkiyong/Documents/GitHub/ProjectBBK/Content/ParagonRevenant/Characters/Global/Textures/Noise/T_TilingNoise06.ubulk" 3216
"C:/Users/kimkiyong/Documents/GitHub/ProjectBBK/Content/ParagonRevenant/Characters/Global/Textures/Noise/T_TilingNoise06.uasset" 3217
"C:/Users/kimkiyong/Documents/GitHub/ProjectBBK/Content/ParagonRevenant/Characters/Global/Textures/Noise/T_TilingNoise06.uexp" 3218
"C:/Users/kimkiyong/Documents/GitHub/ProjectBBK/Content/ParagonRevenant/Characters/Heroes/Revenant/Materials/M_Revenant_Darkness_.uasset" 3219
"C:/Users/kimkiyong/Documents/GitHub/ProjectBBK/Content/ParagonRevenant/Characters/Heroes/Revenant/Materials/M_Revenant_Darkness_.uexp" 3220
"C:/Users/kimkiyong/Documents/GitHub/ProjectBBK/Content/ParagonRevenant/Characters/Heroes/Revenant/Textures/T_Revenant_Body_RGB.ubulk" 3221
"C:/Users/kimkiyong/Documents/GitHub/ProjectBBK/Content/ParagonRevenant/Characters/Heroes/Revenant/Textures/T_Revenant_Body_RGB.uasset" 3222
"C:/Users/kimkiyong/Documents/GitHub/ProjectBBK/Content/ParagonRevenant/Characters/Heroes/Revenant/Textures/T_Revenant_Body_RGB.uexp" 3223
"C:/Users/kimkiyong/Documents/GitHub/ProjectBBK/Content/ParagonRevenant/Characters/Heroes/Revenant/Textures/T_Revenant_Body_N.ubulk" 3224
"C:/Users/kimkiyong/Documents/GitHub/ProjectBBK/Content/ParagonRevenant/Characters/Heroes/Revenant/Textures/T_Revenant_Body_N.uasset" 3225
"C:/Users/kimkiyong/Documents/GitHub/ProjectBBK/Content/ParagonRevenant/Characters/Heroes/Revenant/Textures/T_Revenant_Body_N.uexp" 3226
"C:/Users/kimkiyong/Documents/GitHub/ProjectBBK/Content/ParagonRevenant/Characters/Heroes/Revenant/Textures/T_Revenant_Body_MASK2.ubulk" 3227
"C:/Users/kimkiyong/Documents/GitHub/ProjectBBK/Content/ParagonRevenant/Characters/Heroes/Revenant/Textures/T_Revenant_Body_MASK2.uasset" 3228
"C:/Users/kimkiyong/Documents/GitHub/ProjectBBK/Content/ParagonRevenant/Characters/Heroes/Revenant/Textures/T_Revenant_Body_MASK2.uexp" 3229
"C:/Users/kimkiyong/Documents/GitHub/ProjectBBK/Content/ParagonRevenant/Characters/Heroes/Revenant/Textures/T_Revenant_Body_MASK.ubulk" 3230
"C:/Users/kimkiyong/Documents/GitHub/ProjectBBK/Content/ParagonRevenant/Characters/Heroes/Revenant/Textures/T_Revenant_Body_MASK.uasset" 3231
"C:/Users/kimkiyong/Documents/GitHub/ProjectBBK/Content/ParagonRevenant/Characters/Heroes/Revenant/Textures/T_Revenant_Body_MASK.uexp" 3232
"C:/Users/kimkiyong/Documents/GitHub/ProjectBBK/Content/ParagonRevenant/Characters/Global/MaterialLayers/Fabric/T_Velvet_Thick_HEIGHT.ubulk" 3233
"C:/Users/kimkiyong/Documents/GitHub/ProjectBBK/Content/ParagonRevenant/Characters/Global/MaterialLayers/Fabric/T_Velvet_Thick_HEIGHT.uasset" 3234
"C:/Users/kimkiyong/Documents/GitHub/ProjectBBK/Content/ParagonRevenant/Characters/Global/MaterialLayers/Fabric/T_Velvet_Thick_HEIGHT.uexp" 3235
"C:/Users/kimkiyong/Documents/GitHub/ProjectBBK/Content/ParagonRevenant/Characters/Global/MaterialLayers/Leather/T_Dark_Leather_N.ubulk" 3236
"C:/Users/kimkiyong/Documents/GitHub/ProjectBBK/Content/ParagonRevenant/Characters/Global/MaterialLayers/Leather/T_Dark_Leather_N.uasset" 3237
"C:/Users/kimkiyong/Documents/GitHub/ProjectBBK/Content/ParagonRevenant/Characters/Global/MaterialLayers/Leather/T_Dark_Leather_N.uexp" 3238
"C:/Users/kimkiyong/Documents/GitHub/ProjectBBK/Content/ParagonRevenant/Characters/Global/MaterialLayers/Leather/T_Light_Green.ubulk" 3239
"C:/Users/kimkiyong/Documents/GitHub/ProjectBBK/Content/ParagonRevenant/Characters/Global/MaterialLayers/Leather/T_Light_Green.uasset" 3240
"C:/Users/kimkiyong/Documents/GitHub/ProjectBBK/Content/ParagonRevenant/Characters/Global/MaterialLayers/Leather/T_Light_Green.uexp" 3241
"C:/Users/kimkiyong/Documents/GitHub/ProjectBBK/Content/ParagonRevenant/Characters/Global/MaterialLayers/Leather/T_UnpleasentGreen.ubulk" 3242
"C:/Users/kimkiyong/Documents/GitHub/ProjectBBK/Content/ParagonRevenant/Characters/Global/MaterialLayers/Leather/T_UnpleasentGreen.uasset" 3243
"C:/Users/kimkiyong/Documents/GitHub/ProjectBBK/Content/ParagonRevenant/Characters/Global/MaterialLayers/Leather/T_UnpleasentGreen.uexp" 3244
"C:/Users/kimkiyong/Documents/GitHub/ProjectBBK/Content/ParagonRevenant/Characters/Global/MaterialLayers/Leather/ML_Light_Leather01_Green.uasset" 3245
"C:/Users/kimkiyong/Documents/GitHub/ProjectBBK/Content/ParagonRevenant/Characters/Global/MaterialLayers/Leather/ML_Light_Leather01_Green.uexp" 3246
"C:/Users/kimkiyong/Documents/GitHub/ProjectBBK/Content/ParagonRevenant/Characters/Global/MaterialLayers/Synthetics/T_ML_CleanPlastic01.ubulk" 3247
"C:/Users/kimkiyong/Documents/GitHub/ProjectBBK/Content/ParagonRevenant/Characters/Global/MaterialLayers/Synthetics/T_ML_CleanPlastic01.uasset" 3248
"C:/Users/kimkiyong/Documents/GitHub/ProjectBBK/Content/ParagonRevenant/Characters/Global/MaterialLayers/Synthetics/T_ML_CleanPlastic01.uexp" 3249
"C:/Users/kimkiyong/Documents/GitHub/ProjectBBK/Content/ParagonRevenant/Characters/Global/MaterialLayers/Metal/ML_DullPanelMetal.uasset" 3250
"C:/Users/kimkiyong/Documents/GitHub/ProjectBBK/Content/ParagonRevenant/Characters/Global/MaterialLayers/Metal/ML_DullPanelMetal.uexp" 3251
"C:/Users/kimkiyong/Documents/GitHub/ProjectBBK/Content/ParagonRevenant/Characters/Heroes/Revenant/Materials/M_Revenant_Body.uasset" 3252
"C:/Users/kimkiyong/Documents/GitHub/ProjectBBK/Content/ParagonRevenant/Characters/Heroes/Revenant/Materials/M_Revenant_Body.uexp" 3253
"C:/Users/kimkiyong/Documents/GitHub/ProjectBBK/Content/ParagonRevenant/Characters/Heroes/Revenant/Textures/T_Revenant_Arms_RGB.ubulk" 3254
"C:/Users/kimkiyong/Documents/GitHub/ProjectBBK/Content/ParagonRevenant/Characters/Heroes/Revenant/Textures/T_Revenant_Arms_RGB.uasset" 3255
"C:/Users/kimkiyong/Documents/GitHub/ProjectBBK/Content/ParagonRevenant/Characters/Heroes/Revenant/Textures/T_Revenant_Arms_RGB.uexp" 3256
"C:/Users/kimkiyong/Documents/GitHub/ProjectBBK/Content/ParagonRevenant/Characters/Heroes/Revenant/Textures/T_Revenant_Arms_N.ubulk" 3257
"C:/Users/kimkiyong/Documents/GitHub/ProjectBBK/Content/ParagonRevenant/Characters/Heroes/Revenant/Textures/T_Revenant_Arms_N.uasset" 3258
"C:/Users/kimkiyong/Documents/GitHub/ProjectBBK/Content/ParagonRevenant/Characters/Heroes/Revenant/Textures/T_Revenant_Arms_N.uexp" 3259
"C:/Users/kimkiyong/Documents/GitHub/ProjectBBK/Content/ParagonRevenant/Characters/Heroes/Revenant/Textures/T_Revenant_Arms_MASK.ubulk" 3260
"C:/Users/kimkiyong/Documents/GitHub/ProjectBBK/Content/ParagonRevenant/Characters/Heroes/Revenant/Textures/T_Revenant_Arms_MASK.uasset" 3261
"C:/Users/kimkiyong/Documents/GitHub/ProjectBBK/Content/ParagonRevenant/Characters/Heroes/Revenant/Textures/T_Revenant_Arms_MASK.uexp" 3262
"C:/Users/kimkiyong/Documents/GitHub/ProjectBBK/Content/ParagonRevenant/Characters/Heroes/Revenant/Materials/M_Revenant_Arms.uasset" 3263
"C:/Users/kimkiyong/Documents/GitHub/ProjectBBK/Content/ParagonRevenant/Characters/Heroes/Revenant/Materials/M_Revenant_Arms.uexp" 3264
"C:/Users/kimkiyong/Documents/GitHub/ProjectBBK/Content/ParagonRevenant/Characters/Heroes/Revenant/Meshes/Revenant.uasset" 3265
"C:/Users/kimkiyong/Documents/GitHub/ProjectBBK/Content/ParagonRevenant/Characters/Heroes/Revenant/Meshes/Revenant.uexp" 3266
"C:/Users/kimkiyong/Documents/GitHub/ProjectBBK/Content/ParagonRevenant/Characters/Heroes/Revenant/Animations/Idle.uasset" 3267
"C:/Users/kimkiyong/Documents/GitHub/ProjectBBK/Content/ParagonRevenant/Characters/Heroes/Revenant/Animations/Idle.uexp" 3268
"C:/Users/kimkiyong/Documents/GitHub/ProjectBBK/Content/ParagonRevenant/Characters/Heroes/Revenant/Animations/Jog_Fwd.uasset" 3269
"C:/Users/kimkiyong/Documents/GitHub/ProjectBBK/Content/ParagonRevenant/Characters/Heroes/Revenant/Animations/Jog_Fwd.uexp" 3270
"C:/Users/kimkiyong/Documents/GitHub/ProjectBBK/Content/ParagonRevenant/Characters/Heroes/Revenant/Animations/NonCombat_Jog_Fwd.uasset" 3271
"C:/Users/kimkiyong/Documents/GitHub/ProjectBBK/Content/ParagonRevenant/Characters/Heroes/Revenant/Animations/NonCombat_Jog_Fwd.uexp" 3272
"C:/Users/kimkiyong/Documents/GitHub/ProjectBBK/Content/PlayerCharacter/Blueprint/Animation/RangeAnimations/BS_Range.uasset" 3273
"C:/Users/kimkiyong/Documents/GitHub/ProjectBBK/Content/PlayerCharacter/Blueprint/Animation/RangeAnimations/BS_Range.uexp" 3274
"C:/Users/kimkiyong/Documents/GitHub/ProjectBBK/Content/PlayerCharacter/Blueprint/Animation/RangeAnimations/ABP_Range.uasset" 3275
"C:/Users/kimkiyong/Documents/GitHub/ProjectBBK/Content/PlayerCharacter/Blueprint/Animation/RangeAnimations/ABP_Range.uexp" 3276
"C:/Users/kimkiyong/Documents/GitHub/ProjectBBK/Content/PlayerCharacter/Blueprint/GAS/Effects/GE_MeleeAttack_Cost.uasset" 3277
"C:/Users/kimkiyong/Documents/GitHub/ProjectBBK/Content/PlayerCharacter/Blueprint/GAS/Effects/GE_MeleeAttack_Cost.uexp" 3278
"C:/Users/kimkiyong/Documents/GitHub/ProjectBBK/Content/PlayerCharacter/Blueprint/GAS/Effects/GE_MeleeAttack_Cooldown.uasset" 3279
"C:/Users/kimkiyong/Documents/GitHub/ProjectBBK/Content/PlayerCharacter/Blueprint/GAS/Effects/GE_MeleeAttack_Cooldown.uexp" 3280
"C:/Users/kimkiyong/Documents/GitHub/ProjectBBK/Content/PlayerCharacter/Blueprint/GAS/Abilities/GA_Dodge.uasset" 3281
"C:/Users/kimkiyong/Documents/GitHub/ProjectBBK/Content/PlayerCharacter/Blueprint/GAS/Abilities/GA_Dodge.uexp" 3282
"C:/Users/kimkiyong/Documents/GitHub/ProjectBBK/Content/PlayerCharacter/Blueprint/GAS/Effects/GE_HealOverTime.uasset" 3283
"C:/Users/kimkiyong/Documents/GitHub/ProjectBBK/Content/PlayerCharacter/Blueprint/GAS/Effects/GE_HealOverTime.uexp" 3284
"C:/Users/kimkiyong/Documents/GitHub/ProjectBBK/Content/Skills/CT_SkillData.uasset" 3285
"C:/Users/kimkiyong/Documents/GitHub/ProjectBBK/Content/Skills/CT_SkillData.uexp" 3286
"C:/Users/kimkiyong/Documents/GitHub/ProjectBBK/Content/PlayerCharacter/Blueprint/GAS/Effects/GE_GenericCooldown.uasset" 3287
"C:/Users/kimkiyong/Documents/GitHub/ProjectBBK/Content/PlayerCharacter/Blueprint/GAS/Effects/GE_GenericCooldown.uexp" 3288
"C:/Users/kimkiyong/Documents/GitHub/ProjectBBK/Content/PlayerCharacter/Blueprint/GAS/Abilities/GA_Heal.uasset" 3289
"C:/Users/kimkiyong/Documents/GitHub/ProjectBBK/Content/PlayerCharacter/Blueprint/GAS/Abilities/GA_Heal.uexp" 3290
"C:/Users/kimkiyong/Documents/GitHub/ProjectBBK/Content/PlayerCharacter/Blueprint/BPC_PlayerRangedProjectile.uasset" 3291
"C:/Users/kimkiyong/Documents/GitHub/ProjectBBK/Content/PlayerCharacter/Blueprint/BPC_PlayerRangedProjectile.uexp" 3292
"C:/Users/kimkiyong/Documents/GitHub/ProjectBBK/Content/PlayerCharacter/Blueprint/GAS/Effects/GE_BasicDamage.uasset" 3293
"C:/Users/kimkiyong/Documents/GitHub/ProjectBBK/Content/PlayerCharacter/Blueprint/GAS/Effects/GE_BasicDamage.uexp" 3294
"C:/Users/kimkiyong/Documents/GitHub/ProjectBBK/Content/Skills/Sound/RangedAttack/Magic_projectile_1.ubulk" 3295
"C:/Users/kimkiyong/Documents/GitHub/ProjectBBK/Content/Skills/Sound/RangedAttack/Magic_projectile_1.uasset" 3296
"C:/Users/kimkiyong/Documents/GitHub/ProjectBBK/Content/Skills/Sound/RangedAttack/Magic_projectile_1.uexp" 3297
"C:/Users/kimkiyong/Documents/GitHub/ProjectBBK/Content/Skills/Sound/RangedAttack/Magic_projectile_2.ubulk" 3298
"C:/Users/kimkiyong/Documents/GitHub/ProjectBBK/Content/Skills/Sound/RangedAttack/Magic_projectile_2.uasset" 3299
"C:/Users/kimkiyong/Documents/GitHub/ProjectBBK/Content/Skills/Sound/RangedAttack/Magic_projectile_2.uexp" 3300
"C:/Users/kimkiyong/Documents/GitHub/ProjectBBK/Content/Skills/Sound/RangedAttack/Magic_projectile_3.ubulk" 3301
"C:/Users/kimkiyong/Documents/GitHub/ProjectBBK/Content/Skills/Sound/RangedAttack/Magic_projectile_3.uasset" 3302
"C:/Users/kimkiyong/Documents/GitHub/ProjectBBK/Content/Skills/Sound/RangedAttack/Magic_projectile_3.uexp" 3303
"C:/Users/kimkiyong/Documents/GitHub/ProjectBBK/Content/Skills/Sound/RangedAttack/RangedAttack.uasset" 3304
"C:/Users/kimkiyong/Documents/GitHub/ProjectBBK/Content/Skills/Sound/RangedAttack/RangedAttack.uexp" 3305
"C:/Users/kimkiyong/Documents/GitHub/ProjectBBK/Content/PlayerCharacter/Blueprint/GAS/Effects/GE_Groggy.uasset" 3306
"C:/Users/kimkiyong/Documents/GitHub/ProjectBBK/Content/PlayerCharacter/Blueprint/GAS/Effects/GE_Groggy.uexp" 3307
"C:/Users/kimkiyong/Documents/GitHub/ProjectBBK/Content/PlayerCharacter/Blueprint/GAS/Effects/GE_RangeAttack_Cost.uasset" 3308
"C:/Users/kimkiyong/Documents/GitHub/ProjectBBK/Content/PlayerCharacter/Blueprint/GAS/Effects/GE_RangeAttack_Cost.uexp" 3309
"C:/Users/kimkiyong/Documents/GitHub/ProjectBBK/Content/PlayerCharacter/Blueprint/GAS/Effects/GE_MeleeHitTag.uasset" 3310
"C:/Users/kimkiyong/Documents/GitHub/ProjectBBK/Content/PlayerCharacter/Blueprint/GAS/Effects/GE_MeleeHitTag.uexp" 3311
"C:/Users/kimkiyong/Documents/GitHub/ProjectBBK/Content/PlayerCharacter/Blueprint/Animation/AnimNotify/AN_FireProjectile.uasset" 3312
"C:/Users/kimkiyong/Documents/GitHub/ProjectBBK/Content/PlayerCharacter/Blueprint/Animation/AnimNotify/AN_FireProjectile.uexp" 3313
"C:/Users/kimkiyong/Documents/GitHub/ProjectBBK/Content/ParagonRevenant/Characters/Heroes/Revenant/Animations/Primary_Fire_Med.uasset" 3314
"C:/Users/kimkiyong/Documents/GitHub/ProjectBBK/Content/ParagonRevenant/Characters/Heroes/Revenant/Animations/Primary_Fire_Med.uexp" 3315
"C:/Users/kimkiyong/Documents/GitHub/ProjectBBK/Content/ParagonRevenant/Characters/Heroes/Revenant/Animations/Primary_Fire_Med_Montage.uasset" 3316
"C:/Users/kimkiyong/Documents/GitHub/ProjectBBK/Content/ParagonRevenant/Characters/Heroes/Revenant/Animations/Primary_Fire_Med_Montage.uexp" 3317
"C:/Users/kimkiyong/Documents/GitHub/ProjectBBK/Content/PlayerCharacter/Blueprint/GAS/Abilities/GA_RangeAttack.uasset" 3318
"C:/Users/kimkiyong/Documents/GitHub/ProjectBBK/Content/PlayerCharacter/Blueprint/GAS/Abilities/GA_RangeAttack.uexp" 3319
"C:/Users/kimkiyong/Documents/GitHub/ProjectBBK/Content/Skills/Sound/RangedUltimateSpike.ubulk" 3320
"C:/Users/kimkiyong/Documents/GitHub/ProjectBBK/Content/Skills/Sound/RangedUltimateSpike.uasset" 3321
"C:/Users/kimkiyong/Documents/GitHub/ProjectBBK/Content/Skills/Sound/RangedUltimateSpike.uexp" 3322
"C:/Users/kimkiyong/Documents/GitHub/ProjectBBK/Content/Free_Magic/Mesh/SM_Free_Magic_Stone1.ubulk" 3323
"C:/Users/kimkiyong/Documents/GitHub/ProjectBBK/Content/Free_Magic/Mesh/SM_Free_Magic_Stone1.uasset" 3324
"C:/Users/kimkiyong/Documents/GitHub/ProjectBBK/Content/Free_Magic/Mesh/SM_Free_Magic_Stone1.uexp" 3325
"C:/Users/kimkiyong/Documents/GitHub/ProjectBBK/Content/Free_Magic/Textures/T_Free_Magic_Noise1_normal.ubulk" 3326
"C:/Users/kimkiyong/Documents/GitHub/ProjectBBK/Content/Free_Magic/Textures/T_Free_Magic_Noise1_normal.uasset" 3327
"C:/Users/kimkiyong/Documents/GitHub/ProjectBBK/Content/Free_Magic/Textures/T_Free_Magic_Noise1_normal.uexp" 3328
"C:/Users/kimkiyong/Documents/GitHub/ProjectBBK/Content/Free_Magic/Materials/M_Free_Magic_Stone1.uasset" 3329
"C:/Users/kimkiyong/Documents/GitHub/ProjectBBK/Content/Free_Magic/Materials/M_Free_Magic_Stone1.uexp" 3330
"C:/Users/kimkiyong/Documents/GitHub/ProjectBBK/Content/Free_Magic/Materials/M_Free_Magic_Trace.uasset" 3331
"C:/Users/kimkiyong/Documents/GitHub/ProjectBBK/Content/Free_Magic/Materials/M_Free_Magic_Trace.uexp" 3332
"C:/Users/kimkiyong/Documents/GitHub/ProjectBBK/Content/Free_Magic/VFX_Niagara/NS_Free_Magic_Attack_Line.uasset" 3333
"C:/Users/kimkiyong/Documents/GitHub/ProjectBBK/Content/Free_Magic/VFX_Niagara/NS_Free_Magic_Attack_Line.uexp" 3334
"C:/Users/kimkiyong/Documents/GitHub/ProjectBBK/Content/PlayerCharacter/Blueprint/GAS/Effects/GE_Cost_Ultimate.uasset" 3335
"C:/Users/kimkiyong/Documents/GitHub/ProjectBBK/Content/PlayerCharacter/Blueprint/GAS/Effects/GE_Cost_Ultimate.uexp" 3336
"C:/Users/kimkiyong/Documents/GitHub/ProjectBBK/Content/PlayerCharacter/Blueprint/GAS/Abilities/GA_RangedUltimate.uasset" 3337
"C:/Users/kimkiyong/Documents/GitHub/ProjectBBK/Content/PlayerCharacter/Blueprint/GAS/Abilities/GA_RangedUltimate.uexp" 3338
"C:/Users/kimkiyong/Documents/GitHub/ProjectBBK/Content/KTP_Decal/Texture/MagicCircle3-removebg-preview.uasset" 3339
"C:/Users/kimkiyong/Documents/GitHub/ProjectBBK/Content/KTP_Decal/Texture/MagicCircle3-removebg-preview.uexp" 3340
"C:/Users/kimkiyong/Documents/GitHub/ProjectBBK/Content/KTP_Decal/Texture/YellowLightning.uasset" 3341
"C:/Users/kimkiyong/Documents/GitHub/ProjectBBK/Content/KTP_Decal/Texture/YellowLightning.uexp" 3342
"C:/Users/kimkiyong/Documents/GitHub/ProjectBBK/Content/PlayerCharacter/Blueprint/Trapdecal.uasset" 3343
"C:/Users/kimkiyong/Documents/GitHub/ProjectBBK/Content/PlayerCharacter/Blueprint/Trapdecal.uexp" 3344
"C:/Users/kimkiyong/Documents/GitHub/ProjectBBK/Content/Free_Magic/Mesh/SM_Free_Magic_Spiral1.ubulk" 3345
"C:/Users/kimkiyong/Documents/GitHub/ProjectBBK/Content/Free_Magic/Mesh/SM_Free_Magic_Spiral1.uasset" 3346
"C:/Users/kimkiyong/Documents/GitHub/ProjectBBK/Content/Free_Magic/Mesh/SM_Free_Magic_Spiral1.uexp" 3347
"C:/Users/kimkiyong/Documents/GitHub/ProjectBBK/Content/Free_Magic/Materials/MI_Free_Magic_Spiral2.uasset" 3348
"C:/Users/kimkiyong/Documents/GitHub/ProjectBBK/Content/Free_Magic/Materials/MI_Free_Magic_Spiral2.uexp" 3349
"C:/Users/kimkiyong/Documents/GitHub/ProjectBBK/Content/Free_Magic/Materials/M_Free_Magic_Ray.uasset" 3350
"C:/Users/kimkiyong/Documents/GitHub/ProjectBBK/Content/Free_Magic/Materials/M_Free_Magic_Ray.uexp" 3351
"C:/Users/kimkiyong/Documents/GitHub/ProjectBBK/Content/Free_Magic/VFX_Niagara/NS_Free_Magic_Attack1.uasset" 3352
"C:/Users/kimkiyong/Documents/GitHub/ProjectBBK/Content/Free_Magic/VFX_Niagara/NS_Free_Magic_Attack1.uexp" 3353
"C:/Users/kimkiyong/Documents/GitHub/ProjectBBK/Content/PlayerCharacter/Blueprint/GAS/BP_TrapZone.uasset" 3354
"C:/Users/kimkiyong/Documents/GitHub/ProjectBBK/Content/PlayerCharacter/Blueprint/GAS/BP_TrapZone.uexp" 3355
"C:/Users/kimkiyong/Documents/GitHub/ProjectBBK/Content/PlayerCharacter/Blueprint/GAS/Abilities/GA_RangedUnique.uasset" 3356
"C:/Users/kimkiyong/Documents/GitHub/ProjectBBK/Content/PlayerCharacter/Blueprint/GAS/Abilities/GA_RangedUnique.uexp" 3357
"C:/Users/kimkiyong/Documents/GitHub/ProjectBBK/Content/PlayerCharacter/Blueprint/GAS/Effects/GE_Shield_Cost.uasset" 3358
"C:/Users/kimkiyong/Documents/GitHub/ProjectBBK/Content/PlayerCharacter/Blueprint/GAS/Effects/GE_Shield_Cost.uexp" 3359
"C:/Users/kimkiyong/Documents/GitHub/ProjectBBK/Content/PlayerCharacter/Blueprint/GAS/Effects/GE_Shield_Cooldown.uasset" 3360
"C:/Users/kimkiyong/Documents/GitHub/ProjectBBK/Content/PlayerCharacter/Blueprint/GAS/Effects/GE_Shield_Cooldown.uexp" 3361
"C:/Users/kimkiyong/Documents/GitHub/ProjectBBK/Content/PlayerCharacter/Blueprint/GAS/Effects/GE_GiveShield.uasset" 3362
"C:/Users/kimkiyong/Documents/GitHub/ProjectBBK/Content/PlayerCharacter/Blueprint/GAS/Effects/GE_GiveShield.uexp" 3363
"C:/Users/kimkiyong/Documents/GitHub/ProjectBBK/Content/PlayerCharacter/Blueprint/Animation/AnimNotify/AN_SendGameplayEvent.uasset" 3364
"C:/Users/kimkiyong/Documents/GitHub/ProjectBBK/Content/PlayerCharacter/Blueprint/Animation/AnimNotify/AN_SendGameplayEvent.uexp" 3365
"C:/Users/kimkiyong/Documents/GitHub/ProjectBBK/Content/ParagonRevenant/Characters/Heroes/Revenant/Animations/Cast.uasset" 3366
"C:/Users/kimkiyong/Documents/GitHub/ProjectBBK/Content/ParagonRevenant/Characters/Heroes/Revenant/Animations/Cast.uexp" 3367
"C:/Users/kimkiyong/Documents/GitHub/ProjectBBK/Content/PlayerCharacter/Blueprint/Animation/ShieldAnimation/AM_ShieldMontage_R.uasset" 3368
"C:/Users/kimkiyong/Documents/GitHub/ProjectBBK/Content/PlayerCharacter/Blueprint/Animation/ShieldAnimation/AM_ShieldMontage_R.uexp" 3369
"C:/Users/kimkiyong/Documents/GitHub/ProjectBBK/Content/PlayerCharacter/Blueprint/GAS/Abilities/GA_ShieldRange.uasset" 3370
"C:/Users/kimkiyong/Documents/GitHub/ProjectBBK/Content/PlayerCharacter/Blueprint/GAS/Abilities/GA_ShieldRange.uexp" 3371
"C:/Users/kimkiyong/Documents/GitHub/ProjectBBK/Content/PlayerCharacter/Blueprint/GAS/Abilities/GA_SpeedBuff.uasset" 3372
"C:/Users/kimkiyong/Documents/GitHub/ProjectBBK/Content/PlayerCharacter/Blueprint/GAS/Abilities/GA_SpeedBuff.uexp" 3373
"C:/Users/kimkiyong/Documents/GitHub/ProjectBBK/Content/PlayerCharacter/Blueprint/GAS/Effects/GE_Sprint_Cost.uasset" 3374
"C:/Users/kimkiyong/Documents/GitHub/ProjectBBK/Content/PlayerCharacter/Blueprint/GAS/Effects/GE_Sprint_Cost.uexp" 3375
"C:/Users/kimkiyong/Documents/GitHub/ProjectBBK/Content/PlayerCharacter/Blueprint/GAS/Effects/GE_SprintBuff.uasset" 3376
"C:/Users/kimkiyong/Documents/GitHub/ProjectBBK/Content/PlayerCharacter/Blueprint/GAS/Effects/GE_SprintBuff.uexp" 3377
"C:/Users/kimkiyong/Documents/GitHub/ProjectBBK/Content/PlayerCharacter/Blueprint/GAS/Abilities/GA_Sprint.uasset" 3378
"C:/Users/kimkiyong/Documents/GitHub/ProjectBBK/Content/PlayerCharacter/Blueprint/GAS/Abilities/GA_Sprint.uexp" 3379
"C:/Users/kimkiyong/Documents/GitHub/ProjectBBK/Content/PlayerCharacter/Blueprint/GAS/Effects/GE_Slowed.uasset" 3380
"C:/Users/kimkiyong/Documents/GitHub/ProjectBBK/Content/PlayerCharacter/Blueprint/GAS/Effects/GE_Slowed.uexp" 3381
"C:/Users/kimkiyong/Documents/GitHub/ProjectBBK/Content/Free_Magic/Textures/T_Free_Magic_Trail.ubulk" 3382
"C:/Users/kimkiyong/Documents/GitHub/ProjectBBK/Content/Free_Magic/Textures/T_Free_Magic_Trail.uasset" 3383
"C:/Users/kimkiyong/Documents/GitHub/ProjectBBK/Content/Free_Magic/Textures/T_Free_Magic_Trail.uexp" 3384
"C:/Users/kimkiyong/Documents/GitHub/ProjectBBK/Content/Free_Magic/Materials/M_Free_Magic_Trail.uasset" 3385
"C:/Users/kimkiyong/Documents/GitHub/ProjectBBK/Content/Free_Magic/Materials/M_Free_Magic_Trail.uexp" 3386
"C:/Users/kimkiyong/Documents/GitHub/ProjectBBK/Content/Free_Magic/VFX_Niagara/NS_Free_Magic_Projectile2_Base.uasset" 3387
"C:/Users/kimkiyong/Documents/GitHub/ProjectBBK/Content/Free_Magic/VFX_Niagara/NS_Free_Magic_Projectile2_Base.uexp" 3388
"C:/Users/kimkiyong/Documents/GitHub/ProjectBBK/Content/Free_Magic/Textures/T_Free_Magic_Flash2.ubulk" 3389
"C:/Users/kimkiyong/Documents/GitHub/ProjectBBK/Content/Free_Magic/Textures/T_Free_Magic_Flash2.uasset" 3390
"C:/Users/kimkiyong/Documents/GitHub/ProjectBBK/Content/Free_Magic/Textures/T_Free_Magic_Flash2.uexp" 3391
"C:/Users/kimkiyong/Documents/GitHub/ProjectBBK/Content/Free_Magic/Textures/T_Free_Magic_Flash.ubulk" 3392
"C:/Users/kimkiyong/Documents/GitHub/ProjectBBK/Content/Free_Magic/Textures/T_Free_Magic_Flash.uasset" 3393
"C:/Users/kimkiyong/Documents/GitHub/ProjectBBK/Content/Free_Magic/Textures/T_Free_Magic_Flash.uexp" 3394
"C:/Users/kimkiyong/Documents/GitHub/ProjectBBK/Content/Free_Magic/Materials/M_Free_Magic_Flash.uasset" 3395
"C:/Users/kimkiyong/Documents/GitHub/ProjectBBK/Content/Free_Magic/Materials/M_Free_Magic_Flash.uexp" 3396
"C:/Users/kimkiyong/Documents/GitHub/ProjectBBK/Content/Free_Magic/Materials/MI_Free_Magic_Flash2.uasset" 3397
"C:/Users/kimkiyong/Documents/GitHub/ProjectBBK/Content/Free_Magic/Materials/MI_Free_Magic_Flash2.uexp" 3398
"C:/Users/kimkiyong/Documents/GitHub/ProjectBBK/Content/Free_Magic/VFX_Niagara/NS_Free_Magic_Hit2.uasset" 3399
"C:/Users/kimkiyong/Documents/GitHub/ProjectBBK/Content/Free_Magic/VFX_Niagara/NS_Free_Magic_Hit2.uexp" 3400
"C:/Users/kimkiyong/Documents/GitHub/ProjectBBK/Content/PlayerCharacter/Blueprint/GAS/BP_StoneSpearProjectile.uasset" 3401
"C:/Users/kimkiyong/Documents/GitHub/ProjectBBK/Content/PlayerCharacter/Blueprint/GAS/BP_StoneSpearProjectile.uexp" 3402
"C:/Users/kimkiyong/Documents/GitHub/ProjectBBK/Content/Skills/Crosshair.uasset" 3403
"C:/Users/kimkiyong/Documents/GitHub/ProjectBBK/Content/Skills/Crosshair.uexp" 3404
"C:/Users/kimkiyong/Documents/GitHub/ProjectBBK/Content/UI/Widgets/WBP_RockSpearAim.uasset" 3405
"C:/Users/kimkiyong/Documents/GitHub/ProjectBBK/Content/UI/Widgets/WBP_RockSpearAim.uexp" 3406
"C:/Users/kimkiyong/Documents/GitHub/ProjectBBK/Content/PlayerCharacter/Blueprint/GAS/Abilities/GA_StoneSpear.uasset" 3407
"C:/Users/kimkiyong/Documents/GitHub/ProjectBBK/Content/PlayerCharacter/Blueprint/GAS/Abilities/GA_StoneSpear.uexp" 3408
"C:/Users/kimkiyong/Documents/GitHub/ProjectBBK/Content/PlayerCharacter/Blueprint/GAS/Effects/GE_ChargeMana.uasset" 3409
"C:/Users/kimkiyong/Documents/GitHub/ProjectBBK/Content/PlayerCharacter/Blueprint/GAS/Effects/GE_ChargeMana.uexp" 3410
"C:/Users/kimkiyong/Documents/GitHub/ProjectBBK/Content/PlayerCharacter/Blueprint/GAS/Effects/GE_ManaRegen.uasset" 3411
"C:/Users/kimkiyong/Documents/GitHub/ProjectBBK/Content/PlayerCharacter/Blueprint/GAS/Effects/GE_ManaRegen.uexp" 3412
"C:/Users/kimkiyong/Documents/GitHub/ProjectBBK/Content/PlayerCharacter/Blueprint/GAS/Effects/GE_PlayerAttributes.uasset" 3413
"C:/Users/kimkiyong/Documents/GitHub/ProjectBBK/Content/PlayerCharacter/Blueprint/GAS/Effects/GE_PlayerAttributes.uexp" 3414
"C:/Users/kimkiyong/Documents/GitHub/ProjectBBK/Content/PlayerCharacter/Blueprint/GAS/Effects/GE_StaminaRegen.uasset" 3415
"C:/Users/kimkiyong/Documents/GitHub/ProjectBBK/Content/PlayerCharacter/Blueprint/GAS/Effects/GE_StaminaRegen.uexp" 3416
"C:/Users/kimkiyong/Documents/GitHub/ProjectBBK/Content/Font/Rajdhani-Regular.uexp" 3417
"C:/Users/kimkiyong/Documents/GitHub/ProjectBBK/Content/Font/Rajdhani-Regular.uasset" 3418
"C:/Users/kimkiyong/Documents/GitHub/ProjectBBK/Content/Font/Rajdhani-Regular.ufont" 3419
"C:/Users/kimkiyong/Documents/GitHub/ProjectBBK/Content/Font/Rajdhani-Medium.uexp" 3420
"C:/Users/kimkiyong/Documents/GitHub/ProjectBBK/Content/Font/Rajdhani-Medium.uasset" 3421
"C:/Users/kimkiyong/Documents/GitHub/ProjectBBK/Content/Font/Rajdhani-Medium.ufont" 3422
"C:/Users/kimkiyong/Documents/GitHub/ProjectBBK/Content/Font/Rajdhani-Light.uexp" 3423
"C:/Users/kimkiyong/Documents/GitHub/ProjectBBK/Content/Font/Rajdhani-Light.uasset" 3424
"C:/Users/kimkiyong/Documents/GitHub/ProjectBBK/Content/Font/Rajdhani-Light.ufont" 3425
"C:/Users/kimkiyong/Documents/GitHub/ProjectBBK/Content/Font/Rajdhani-Bold.uexp" 3426
"C:/Users/kimkiyong/Documents/GitHub/ProjectBBK/Content/Font/Rajdhani-Bold.uasset" 3427
"C:/Users/kimkiyong/Documents/GitHub/ProjectBBK/Content/Font/Rajdhani-Bold.ufont" 3428
"C:/Users/kimkiyong/Documents/GitHub/ProjectBBK/Content/Font/FA_Rajdhani.uasset" 3429
"C:/Users/kimkiyong/Documents/GitHub/ProjectBBK/Content/Font/FA_Rajdhani.uexp" 3430
"C:/Users/kimkiyong/Documents/GitHub/ProjectBBK/Content/UI/ultBar-removebg.uasset" 3431
"C:/Users/kimkiyong/Documents/GitHub/ProjectBBK/Content/UI/ultBar-removebg.uexp" 3432
"C:/Users/kimkiyong/Documents/GitHub/ProjectBBK/Content/UI/Widgets/WBP_UltimateGauge.uasset" 3433
"C:/Users/kimkiyong/Documents/GitHub/ProjectBBK/Content/UI/Widgets/WBP_UltimateGauge.uexp" 3434
"C:/Users/kimkiyong/Documents/GitHub/ProjectBBK/Content/UI/SkillIconFrame-removebg-preview.uasset" 3435
"C:/Users/kimkiyong/Documents/GitHub/ProjectBBK/Content/UI/SkillIconFrame-removebg-preview.uexp" 3436
"C:/Users/kimkiyong/Documents/GitHub/ProjectBBK/Content/Skills/beam-fire.uasset" 3437
"C:/Users/kimkiyong/Documents/GitHub/ProjectBBK/Content/Skills/beam-fire.uexp" 3438
"../../../Engine/Content/Functions/Engine_MaterialFunctions02/Texturing/CustomRotator.uasset" 3439
"../../../Engine/Content/Functions/Engine_MaterialFunctions02/Texturing/CustomRotator.uexp" 3440
"C:/Users/kimkiyong/Documents/GitHub/ProjectBBK/Content/Materials/UI/M_CircularCooldown.uasset" 3441
"C:/Users/kimkiyong/Documents/GitHub/ProjectBBK/Content/Materials/UI/M_CircularCooldown.uexp" 3442
"C:/Users/kimkiyong/Documents/GitHub/ProjectBBK/Content/UI/Widgets/WBP_SKillIcon.uasset" 3443
"C:/Users/kimkiyong/Documents/GitHub/ProjectBBK/Content/UI/Widgets/WBP_SKillIcon.uexp" 3444
"C:/Users/kimkiyong/Documents/GitHub/ProjectBBK/Content/PlayerCharacter/Blueprint/UI/Bar-removebg-preview.uasset" 3445
"C:/Users/kimkiyong/Documents/GitHub/ProjectBBK/Content/PlayerCharacter/Blueprint/UI/Bar-removebg-preview.uexp" 3446
"C:/Users/kimkiyong/Documents/GitHub/ProjectBBK/Content/PlayerCharacter/Blueprint/UI/WBP_HUD.uasset" 3447
"C:/Users/kimkiyong/Documents/GitHub/ProjectBBK/Content/PlayerCharacter/Blueprint/UI/WBP_HUD.uexp" 3448
"C:/Users/kimkiyong/Documents/GitHub/ProjectBBK/Content/PlayerCharacter/Blueprint/BPC_RangeCharacter.uasset" 3449
"C:/Users/kimkiyong/Documents/GitHub/ProjectBBK/Content/PlayerCharacter/Blueprint/BPC_RangeCharacter.uexp" 3450
"C:/Users/kimkiyong/Documents/GitHub/ProjectBBK/Content/PlayerCharacter/Blueprint/Animation/AnimNotify/AN_UltimateFire.uasset" 3451
"C:/Users/kimkiyong/Documents/GitHub/ProjectBBK/Content/PlayerCharacter/Blueprint/Animation/AnimNotify/AN_UltimateFire.uexp" 3452
"C:/Users/kimkiyong/Documents/GitHub/ProjectBBK/Content/ParagonRevenant/Characters/Heroes/Revenant/Animations/R_Ability.uasset" 3453
"C:/Users/kimkiyong/Documents/GitHub/ProjectBBK/Content/ParagonRevenant/Characters/Heroes/Revenant/Animations/R_Ability.uexp" 3454
"C:/Users/kimkiyong/Documents/GitHub/ProjectBBK/Content/PlayerCharacter/Blueprint/Animation/RangeAnimations/AM_R_Ability.uasset" 3455
"C:/Users/kimkiyong/Documents/GitHub/ProjectBBK/Content/PlayerCharacter/Blueprint/Animation/RangeAnimations/AM_R_Ability.uexp" 3456
"C:/Users/kimkiyong/Documents/GitHub/ProjectBBK/Content/Skills/DT_SkillData.uasset" 3457
"C:/Users/kimkiyong/Documents/GitHub/ProjectBBK/Content/Skills/DT_SkillData.uexp" 3458
"C:/Users/kimkiyong/Documents/GitHub/ProjectBBK/Content/EnergyBeam/_GenericSource/SFX/Sfx_Loop_AirFire.ubulk" 3459
"C:/Users/kimkiyong/Documents/GitHub/ProjectBBK/Content/EnergyBeam/_GenericSource/SFX/Sfx_Loop_AirFire.uasset" 3460
"C:/Users/kimkiyong/Documents/GitHub/ProjectBBK/Content/EnergyBeam/_GenericSource/SFX/Sfx_Loop_AirFire.uexp" 3461
"C:/Users/kimkiyong/Documents/GitHub/ProjectBBK/Content/EnergyBeam/_GenericSource/SFX/Sfx_Loop_AirFire_Cue.uasset" 3462
"C:/Users/kimkiyong/Documents/GitHub/ProjectBBK/Content/EnergyBeam/_GenericSource/SFX/Sfx_Loop_AirFire_Cue.uexp" 3463
"C:/Users/kimkiyong/Documents/GitHub/ProjectBBK/Content/EnergyBeam/_GenericSource/SFX/sfx_CritUp.ubulk" 3464
"C:/Users/kimkiyong/Documents/GitHub/ProjectBBK/Content/EnergyBeam/_GenericSource/SFX/sfx_CritUp.uasset" 3465
"C:/Users/kimkiyong/Documents/GitHub/ProjectBBK/Content/EnergyBeam/_GenericSource/SFX/sfx_CritUp.uexp" 3466
"C:/Users/kimkiyong/Documents/GitHub/ProjectBBK/Content/EnergyBeam/_GenericSource/SFX/sfx_fire_sun_Cue.uasset" 3467
"C:/Users/kimkiyong/Documents/GitHub/ProjectBBK/Content/EnergyBeam/_GenericSource/SFX/sfx_fire_sun_Cue.uexp" 3468
"C:/Users/kimkiyong/Documents/GitHub/ProjectBBK/Content/EnergyBeam/_GenericSource/SFX/GenericSoundAttenuation.uasset" 3469
"C:/Users/kimkiyong/Documents/GitHub/ProjectBBK/Content/EnergyBeam/_GenericSource/SFX/GenericSoundAttenuation.uexp" 3470
"C:/Users/kimkiyong/Documents/GitHub/ProjectBBK/Content/EnergyBeam/_GenericSource/Texture/T_Vfx_Stamp_flame_66.ubulk" 3471
"C:/Users/kimkiyong/Documents/GitHub/ProjectBBK/Content/EnergyBeam/_GenericSource/Texture/T_Vfx_Stamp_flame_66.uasset" 3472
"C:/Users/kimkiyong/Documents/GitHub/ProjectBBK/Content/EnergyBeam/_GenericSource/Texture/T_Vfx_Stamp_flame_66.uexp" 3473
"C:/Users/kimkiyong/Documents/GitHub/ProjectBBK/Content/EnergyBeam/_GenericSource/Texture/T_Vfx_Noise_Fire01.ubulk" 3474
"C:/Users/kimkiyong/Documents/GitHub/ProjectBBK/Content/EnergyBeam/_GenericSource/Texture/T_Vfx_Noise_Fire01.uasset" 3475
"C:/Users/kimkiyong/Documents/GitHub/ProjectBBK/Content/EnergyBeam/_GenericSource/Texture/T_Vfx_Noise_Fire01.uexp" 3476
"C:/Users/kimkiyong/Documents/GitHub/ProjectBBK/Content/EnergyBeam/_GenericSource/Material/M_Vfx_Fire_Stamp_flame66.uasset" 3477
"C:/Users/kimkiyong/Documents/GitHub/ProjectBBK/Content/EnergyBeam/_GenericSource/Material/M_Vfx_Fire_Stamp_flame66.uexp" 3478
"C:/Users/kimkiyong/Documents/GitHub/ProjectBBK/Content/EnergyBeam/_GenericSource/Material/M_Vfx_Color.uasset" 3479
"C:/Users/kimkiyong/Documents/GitHub/ProjectBBK/Content/EnergyBeam/_GenericSource/Material/M_Vfx_Color.uexp" 3480
"C:/Users/kimkiyong/Documents/GitHub/ProjectBBK/Content/EnergyBeam/_GenericSource/Material/M_Vfx_BeamLightning.uasset" 3481
"C:/Users/kimkiyong/Documents/GitHub/ProjectBBK/Content/EnergyBeam/_GenericSource/Material/M_Vfx_BeamLightning.uexp" 3482
"C:/Users/kimkiyong/Documents/GitHub/ProjectBBK/Content/EnergyBeam/_GenericSource/Texture/T_Vfx_BasicDot.ubulk" 3483
"C:/Users/kimkiyong/Documents/GitHub/ProjectBBK/Content/EnergyBeam/_GenericSource/Texture/T_Vfx_BasicDot.uasset" 3484
"C:/Users/kimkiyong/Documents/GitHub/ProjectBBK/Content/EnergyBeam/_GenericSource/Texture/T_Vfx_BasicDot.uexp" 3485
"C:/Users/kimkiyong/Documents/GitHub/ProjectBBK/Content/EnergyBeam/_GenericSource/Material/M_Vfx_Basic.uasset" 3486
"C:/Users/kimkiyong/Documents/GitHub/ProjectBBK/Content/EnergyBeam/_GenericSource/Material/M_Vfx_Basic.uexp" 3487
"C:/Users/kimkiyong/Documents/GitHub/ProjectBBK/Content/EnergyBeam/_GenericSource/Texture/T_Vfx_Noise_cell_.ubulk" 3488
"C:/Users/kimkiyong/Documents/GitHub/ProjectBBK/Content/EnergyBeam/_GenericSource/Texture/T_Vfx_Noise_cell_.uasset" 3489
"C:/Users/kimkiyong/Documents/GitHub/ProjectBBK/Content/EnergyBeam/_GenericSource/Texture/T_Vfx_Noise_cell_.uexp" 3490
"C:/Users/kimkiyong/Documents/GitHub/ProjectBBK/Content/EnergyBeam/_GenericSource/Texture/T_Vfx_Center_Flare_02.ubulk" 3491
"C:/Users/kimkiyong/Documents/GitHub/ProjectBBK/Content/EnergyBeam/_GenericSource/Texture/T_Vfx_Center_Flare_02.uasset" 3492
"C:/Users/kimkiyong/Documents/GitHub/ProjectBBK/Content/EnergyBeam/_GenericSource/Texture/T_Vfx_Center_Flare_02.uexp" 3493
"C:/Users/kimkiyong/Documents/GitHub/ProjectBBK/Content/EnergyBeam/_GenericSource/Material/M_Vfx_Plasma.uasset" 3494
"C:/Users/kimkiyong/Documents/GitHub/ProjectBBK/Content/EnergyBeam/_GenericSource/Material/M_Vfx_Plasma.uexp" 3495
"C:/Users/kimkiyong/Documents/GitHub/ProjectBBK/Content/EnergyBeam/_GenericSource/Material/MI/MI_Vfx_Plasma_Inst.uasset" 3496
"C:/Users/kimkiyong/Documents/GitHub/ProjectBBK/Content/EnergyBeam/_GenericSource/Material/MI/MI_Vfx_Plasma_Inst.uexp" 3497
"C:/Users/kimkiyong/Documents/GitHub/ProjectBBK/Content/EnergyBeam/_GenericSource/Texture/T_Vfx_Stamp_Smoke02_88.ubulk" 3498
"C:/Users/kimkiyong/Documents/GitHub/ProjectBBK/Content/EnergyBeam/_GenericSource/Texture/T_Vfx_Stamp_Smoke02_88.uasset" 3499
"C:/Users/kimkiyong/Documents/GitHub/ProjectBBK/Content/EnergyBeam/_GenericSource/Texture/T_Vfx_Stamp_Smoke02_88.uexp" 3500
"C:/Users/kimkiyong/Documents/GitHub/ProjectBBK/Content/EnergyBeam/_GenericSource/Texture/T_Vfx_stamp_fog4_88.ubulk" 3501
"C:/Users/kimkiyong/Documents/GitHub/ProjectBBK/Content/EnergyBeam/_GenericSource/Texture/T_Vfx_stamp_fog4_88.uasset" 3502
"C:/Users/kimkiyong/Documents/GitHub/ProjectBBK/Content/EnergyBeam/_GenericSource/Texture/T_Vfx_stamp_fog4_88.uexp" 3503
"C:/Users/kimkiyong/Documents/GitHub/ProjectBBK/Content/EnergyBeam/_GenericSource/Material/M_Vfx_ParticleSubUV.uasset" 3504
"C:/Users/kimkiyong/Documents/GitHub/ProjectBBK/Content/EnergyBeam/_GenericSource/Material/M_Vfx_ParticleSubUV.uexp" 3505
"C:/Users/kimkiyong/Documents/GitHub/ProjectBBK/Content/EnergyBeam/_GenericSource/Material/MI/MI_Vfx_ParticleSubUV_Stamp_Smoke02_88.uasset" 3506
"C:/Users/kimkiyong/Documents/GitHub/ProjectBBK/Content/EnergyBeam/_GenericSource/Material/MI/MI_Vfx_ParticleSubUV_Stamp_Smoke02_88.uexp" 3507
"C:/Users/kimkiyong/Documents/GitHub/ProjectBBK/Content/EnergyBeam/_GenericSource/Material/M_Vfx_MathCircleDot.uasset" 3508
"C:/Users/kimkiyong/Documents/GitHub/ProjectBBK/Content/EnergyBeam/_GenericSource/Material/M_Vfx_MathCircleDot.uexp" 3509
"C:/Users/kimkiyong/Documents/GitHub/ProjectBBK/Content/EnergyBeam/_GenericSource/Material/MI/MI_Vfx_MathCircleDot_Inst.uasset" 3510
"C:/Users/kimkiyong/Documents/GitHub/ProjectBBK/Content/EnergyBeam/_GenericSource/Material/MI/MI_Vfx_MathCircleDot_Inst.uexp" 3511
"C:/Users/kimkiyong/Documents/GitHub/ProjectBBK/Content/EnergyBeam/_GenericSource/Texture/T_Vfx_Stamp_firestand_88.ubulk" 3512
"C:/Users/kimkiyong/Documents/GitHub/ProjectBBK/Content/EnergyBeam/_GenericSource/Texture/T_Vfx_Stamp_firestand_88.uasset" 3513
"C:/Users/kimkiyong/Documents/GitHub/ProjectBBK/Content/EnergyBeam/_GenericSource/Texture/T_Vfx_Stamp_firestand_88.uexp" 3514
"../../../Engine/Content/Functions/Engine_MaterialFunctions02/ExampleContent/Textures/flipbook.ubulk" 3515
"../../../Engine/Content/Functions/Engine_MaterialFunctions02/ExampleContent/Textures/flipbook.uasset" 3516
"../../../Engine/Content/Functions/Engine_MaterialFunctions02/ExampleContent/Textures/flipbook.uexp" 3517
"../../../Engine/Content/Functions/Engine_MaterialFunctions01/Texturing/ComputeMipLevel.uasset" 3518
"../../../Engine/Content/Functions/Engine_MaterialFunctions01/Texturing/ComputeMipLevel.uexp" 3519
"../../../Engine/Content/Functions/Engine_MaterialFunctions02/ExampleContent/Textures/DebugNumberPeriod.uasset" 3520
"../../../Engine/Content/Functions/Engine_MaterialFunctions02/ExampleContent/Textures/DebugNumberPeriod.uexp" 3521
"../../../Engine/Content/Functions/Engine_MaterialFunctions02/Utility/DebugScalarValues.uasset" 3522
"../../../Engine/Content/Functions/Engine_MaterialFunctions02/Utility/DebugScalarValues.uexp" 3523
"../../../Engine/Content/Functions/Engine_MaterialFunctions02/Utility/DebugFloat2Values.uasset" 3524
"../../../Engine/Content/Functions/Engine_MaterialFunctions02/Utility/DebugFloat2Values.uexp" 3525
"../../../Engine/Content/Functions/Engine_MaterialFunctions02/Texturing/FlipBook.uasset" 3526
"../../../Engine/Content/Functions/Engine_MaterialFunctions02/Texturing/FlipBook.uexp" 3527
"C:/Users/kimkiyong/Documents/GitHub/ProjectBBK/Content/EnergyBeam/_GenericSource/Material/M_Vfx_FlipBook.uasset" 3528
"C:/Users/kimkiyong/Documents/GitHub/ProjectBBK/Content/EnergyBeam/_GenericSource/Material/M_Vfx_FlipBook.uexp" 3529
"C:/Users/kimkiyong/Documents/GitHub/ProjectBBK/Content/EnergyBeam/_GenericSource/Material/MI/MI_Vfx_FlipBook_fireFlipFast.uasset" 3530
"C:/Users/kimkiyong/Documents/GitHub/ProjectBBK/Content/EnergyBeam/_GenericSource/Material/MI/MI_Vfx_FlipBook_fireFlipFast.uexp" 3531
"C:/Users/kimkiyong/Documents/GitHub/ProjectBBK/Content/EnergyBeam/_GenericSource/Material/MI/MI_Vfx_FlipBook_fireFlip.uasset" 3532
"C:/Users/kimkiyong/Documents/GitHub/ProjectBBK/Content/EnergyBeam/_GenericSource/Material/MI/MI_Vfx_FlipBook_fireFlip.uexp" 3533
"C:/Users/kimkiyong/Documents/GitHub/ProjectBBK/Content/EnergyBeam/_GenericSource/Texture/T_Vfx_Noise_wave.ubulk" 3534
"C:/Users/kimkiyong/Documents/GitHub/ProjectBBK/Content/EnergyBeam/_GenericSource/Texture/T_Vfx_Noise_wave.uasset" 3535
"C:/Users/kimkiyong/Documents/GitHub/ProjectBBK/Content/EnergyBeam/_GenericSource/Texture/T_Vfx_Noise_wave.uexp" 3536
"C:/Users/kimkiyong/Documents/GitHub/ProjectBBK/Content/EnergyBeam/_GenericSource/Texture/T_Vfx_Noise_WaterNrm.ubulk" 3537
"C:/Users/kimkiyong/Documents/GitHub/ProjectBBK/Content/EnergyBeam/_GenericSource/Texture/T_Vfx_Noise_WaterNrm.uasset" 3538
"C:/Users/kimkiyong/Documents/GitHub/ProjectBBK/Content/EnergyBeam/_GenericSource/Texture/T_Vfx_Noise_WaterNrm.uexp" 3539
"C:/Users/kimkiyong/Documents/GitHub/ProjectBBK/Content/EnergyBeam/_GenericSource/Material/M_Vfx_DistortionNormalPan.uasset" 3540
"C:/Users/kimkiyong/Documents/GitHub/ProjectBBK/Content/EnergyBeam/_GenericSource/Material/M_Vfx_DistortionNormalPan.uexp" 3541
"C:/Users/kimkiyong/Documents/GitHub/ProjectBBK/Content/EnergyBeam/_GenericSource/Material/MI/MI_Vfx_DistortionNormalPan_Inst.uasset" 3542
"C:/Users/kimkiyong/Documents/GitHub/ProjectBBK/Content/EnergyBeam/_GenericSource/Material/MI/MI_Vfx_DistortionNormalPan_Inst.uexp" 3543
"C:/Users/kimkiyong/Documents/GitHub/ProjectBBK/Content/EnergyBeam/_GenericSource/Texture/T_Vfx_UVS_Trail006.ubulk" 3544
"C:/Users/kimkiyong/Documents/GitHub/ProjectBBK/Content/EnergyBeam/_GenericSource/Texture/T_Vfx_UVS_Trail006.uasset" 3545
"C:/Users/kimkiyong/Documents/GitHub/ProjectBBK/Content/EnergyBeam/_GenericSource/Texture/T_Vfx_UVS_Trail006.uexp" 3546
"C:/Users/kimkiyong/Documents/GitHub/ProjectBBK/Content/EnergyBeam/_GenericSource/Texture/T_Vfx_Noise_01.ubulk" 3547
"C:/Users/kimkiyong/Documents/GitHub/ProjectBBK/Content/EnergyBeam/_GenericSource/Texture/T_Vfx_Noise_01.uasset" 3548
"C:/Users/kimkiyong/Documents/GitHub/ProjectBBK/Content/EnergyBeam/_GenericSource/Texture/T_Vfx_Noise_01.uexp" 3549
"C:/Users/kimkiyong/Documents/GitHub/ProjectBBK/Content/EnergyBeam/_GenericSource/Texture/T_Vfx_UVS_SoundWave.ubulk" 3550
"C:/Users/kimkiyong/Documents/GitHub/ProjectBBK/Content/EnergyBeam/_GenericSource/Texture/T_Vfx_UVS_SoundWave.uasset" 3551
"C:/Users/kimkiyong/Documents/GitHub/ProjectBBK/Content/EnergyBeam/_GenericSource/Texture/T_Vfx_UVS_SoundWave.uexp" 3552
"C:/Users/kimkiyong/Documents/GitHub/ProjectBBK/Content/EnergyBeam/_GenericSource/Texture/T_Vfx_UVS_Eletric_02.ubulk" 3553
"C:/Users/kimkiyong/Documents/GitHub/ProjectBBK/Content/EnergyBeam/_GenericSource/Texture/T_Vfx_UVS_Eletric_02.uasset" 3554
"C:/Users/kimkiyong/Documents/GitHub/ProjectBBK/Content/EnergyBeam/_GenericSource/Texture/T_Vfx_UVS_Eletric_02.uexp" 3555
"C:/Users/kimkiyong/Documents/GitHub/ProjectBBK/Content/EnergyBeam/_GenericSource/Texture/T_Vfx_Noise_07.ubulk" 3556
"C:/Users/kimkiyong/Documents/GitHub/ProjectBBK/Content/EnergyBeam/_GenericSource/Texture/T_Vfx_Noise_07.uasset" 3557
"C:/Users/kimkiyong/Documents/GitHub/ProjectBBK/Content/EnergyBeam/_GenericSource/Texture/T_Vfx_Noise_07.uexp" 3558
"../../../Engine/Content/Functions/Engine_MaterialFunctions03/Blends/Blend_LinearBurn.uasset" 3559
"../../../Engine/Content/Functions/Engine_MaterialFunctions03/Blends/Blend_LinearBurn.uexp" 3560
"C:/Users/kimkiyong/Documents/GitHub/ProjectBBK/Content/EnergyBeam/_GenericSource/Material/M_Vfx_Basic_Pan.uasset" 3561
"C:/Users/kimkiyong/Documents/GitHub/ProjectBBK/Content/EnergyBeam/_GenericSource/Material/M_Vfx_Basic_Pan.uexp" 3562
"C:/Users/kimkiyong/Documents/GitHub/ProjectBBK/Content/EnergyBeam/_GenericSource/Material/MI/MI_Vfx_Basic_Pan_Fire.uasset" 3563
"C:/Users/kimkiyong/Documents/GitHub/ProjectBBK/Content/EnergyBeam/_GenericSource/Material/MI/MI_Vfx_Basic_Pan_Fire.uexp" 3564
"C:/Users/kimkiyong/Documents/GitHub/ProjectBBK/Content/EnergyBeam/_GenericSource/Material/MI/MI_Vfx_Basic_Pan_Aura.uasset" 3565
"C:/Users/kimkiyong/Documents/GitHub/ProjectBBK/Content/EnergyBeam/_GenericSource/Material/MI/MI_Vfx_Basic_Pan_Aura.uexp" 3566
"C:/Users/kimkiyong/Documents/GitHub/ProjectBBK/Content/EnergyBeam/_GenericSource/Texture/T_Vfx_Energy_fireball.ubulk" 3567
"C:/Users/kimkiyong/Documents/GitHub/ProjectBBK/Content/EnergyBeam/_GenericSource/Texture/T_Vfx_Energy_fireball.uasset" 3568
"C:/Users/kimkiyong/Documents/GitHub/ProjectBBK/Content/EnergyBeam/_GenericSource/Texture/T_Vfx_Energy_fireball.uexp" 3569
"C:/Users/kimkiyong/Documents/GitHub/ProjectBBK/Content/EnergyBeam/_GenericSource/Material/MI/MI_Vfx_Basic_CircleDotFade01.uasset" 3570
"C:/Users/kimkiyong/Documents/GitHub/ProjectBBK/Content/EnergyBeam/_GenericSource/Material/MI/MI_Vfx_Basic_CircleDotFade01.uexp" 3571
"C:/Users/kimkiyong/Documents/GitHub/ProjectBBK/Content/EnergyBeam/_GenericSource/Texture/T_Vfx_CircleDot.ubulk" 3572
"C:/Users/kimkiyong/Documents/GitHub/ProjectBBK/Content/EnergyBeam/_GenericSource/Texture/T_Vfx_CircleDot.uasset" 3573
"C:/Users/kimkiyong/Documents/GitHub/ProjectBBK/Content/EnergyBeam/_GenericSource/Texture/T_Vfx_CircleDot.uexp" 3574
"C:/Users/kimkiyong/Documents/GitHub/ProjectBBK/Content/EnergyBeam/_GenericSource/Material/M_Vfx_BasicAdd.uasset" 3575
"C:/Users/kimkiyong/Documents/GitHub/ProjectBBK/Content/EnergyBeam/_GenericSource/Material/M_Vfx_BasicAdd.uexp" 3576
"C:/Users/kimkiyong/Documents/GitHub/ProjectBBK/Content/EnergyBeam/_GenericSource/Material/MI/MI_Vfx_BasicAdd_CircleDotFade.uasset" 3577
"C:/Users/kimkiyong/Documents/GitHub/ProjectBBK/Content/EnergyBeam/_GenericSource/Material/MI/MI_Vfx_BasicAdd_CircleDotFade.uexp" 3578
"C:/Users/kimkiyong/Documents/GitHub/ProjectBBK/Content/EnergyBeam/_GenericSource/FBX/SM_cross.ubulk" 3579
"C:/Users/kimkiyong/Documents/GitHub/ProjectBBK/Content/EnergyBeam/_GenericSource/FBX/SM_cross.uasset" 3580
"C:/Users/kimkiyong/Documents/GitHub/ProjectBBK/Content/EnergyBeam/_GenericSource/FBX/SM_cross.uexp" 3581
"C:/Users/kimkiyong/Documents/GitHub/ProjectBBK/Content/EnergyBeam/NS/NS_FireTongueLick.uasset" 3582
"C:/Users/kimkiyong/Documents/GitHub/ProjectBBK/Content/EnergyBeam/NS/NS_FireTongueLick.uexp" 3583
"C:/Users/kimkiyong/Documents/GitHub/ProjectBBK/Content/PlayerCharacter/Blueprint/GAS/BP_FireZone.uasset" 3584
"C:/Users/kimkiyong/Documents/GitHub/ProjectBBK/Content/PlayerCharacter/Blueprint/GAS/BP_FireZone.uexp" 3585
"C:/Users/kimkiyong/Documents/GitHub/ProjectBBK/Content/PlayerCharacter/Blueprint/GAS/Effects/GE_DotDamage.uasset" 3586
"C:/Users/kimkiyong/Documents/GitHub/ProjectBBK/Content/PlayerCharacter/Blueprint/GAS/Effects/GE_DotDamage.uexp" 3587
"C:/Users/kimkiyong/Documents/GitHub/ProjectBBK/Content/PlayerCharacter/Blueprint/GAS/Abilities/GA_Ablaze.uasset" 3588
"C:/Users/kimkiyong/Documents/GitHub/ProjectBBK/Content/PlayerCharacter/Blueprint/GAS/Abilities/GA_Ablaze.uexp" 3589
"C:/Users/kimkiyong/Documents/GitHub/ProjectBBK/Content/ParagonGreystone/Characters/Heroes/Greystone/Animations/Death.uasset" 3590
"C:/Users/kimkiyong/Documents/GitHub/ProjectBBK/Content/ParagonGreystone/Characters/Heroes/Greystone/Animations/Death.uexp" 3591
"C:/Users/kimkiyong/Documents/GitHub/ProjectBBK/Content/ParagonGreystone/Characters/Heroes/Greystone/Animations/MeleeChar_Death_Montage.uasset" 3592
"C:/Users/kimkiyong/Documents/GitHub/ProjectBBK/Content/ParagonGreystone/Characters/Heroes/Greystone/Animations/MeleeChar_Death_Montage.uexp" 3593
"C:/Users/kimkiyong/Documents/GitHub/ProjectBBK/Content/PlayerCharacter/Blueprint/Animation/MeleeAnimations/Move/TravelMode_Fwd.uasset" 3594
"C:/Users/kimkiyong/Documents/GitHub/ProjectBBK/Content/PlayerCharacter/Blueprint/Animation/MeleeAnimations/Move/TravelMode_Fwd.uexp" 3595
"C:/Users/kimkiyong/Documents/GitHub/ProjectBBK/Content/PlayerCharacter/Blueprint/Animation/MeleeAnimations/Move/Jog_Fwd.uasset" 3596
"C:/Users/kimkiyong/Documents/GitHub/ProjectBBK/Content/PlayerCharacter/Blueprint/Animation/MeleeAnimations/Move/Jog_Fwd.uexp" 3597
"C:/Users/kimkiyong/Documents/GitHub/ProjectBBK/Content/PlayerCharacter/Blueprint/Animation/MeleeAnimations/Move/Idle.uasset" 3598
"C:/Users/kimkiyong/Documents/GitHub/ProjectBBK/Content/PlayerCharacter/Blueprint/Animation/MeleeAnimations/Move/Idle.uexp" 3599
"C:/Users/kimkiyong/Documents/GitHub/ProjectBBK/Content/PlayerCharacter/Blueprint/Animation/MeleeAnimations/BS_Melee.uasset" 3600
"C:/Users/kimkiyong/Documents/GitHub/ProjectBBK/Content/PlayerCharacter/Blueprint/Animation/MeleeAnimations/BS_Melee.uexp" 3601
"C:/Users/kimkiyong/Documents/GitHub/ProjectBBK/Content/PlayerCharacter/Blueprint/Animation/MeleeAnimations/ABP_Melee.uasset" 3602
"C:/Users/kimkiyong/Documents/GitHub/ProjectBBK/Content/PlayerCharacter/Blueprint/Animation/MeleeAnimations/ABP_Melee.uexp" 3603
"C:/Users/kimkiyong/Documents/GitHub/ProjectBBK/Content/PlayerCharacter/Blueprint/Animation/AnimNotify/ANS_HitScanWindow.uasset" 3604
"C:/Users/kimkiyong/Documents/GitHub/ProjectBBK/Content/PlayerCharacter/Blueprint/Animation/AnimNotify/ANS_HitScanWindow.uexp" 3605
"C:/Users/kimkiyong/Documents/GitHub/ProjectBBK/Content/PlayerCharacter/Blueprint/Animation/MeleeAnimations/Attack/Melee_Attack_A_Med.uasset" 3606
"C:/Users/kimkiyong/Documents/GitHub/ProjectBBK/Content/PlayerCharacter/Blueprint/Animation/MeleeAnimations/Attack/Melee_Attack_A_Med.uexp" 3607
"C:/Users/kimkiyong/Documents/GitHub/ProjectBBK/Content/PlayerCharacter/Blueprint/Animation/MeleeAnimations/Attack/AM_MeleeAttack_A.uasset" 3608
"C:/Users/kimkiyong/Documents/GitHub/ProjectBBK/Content/PlayerCharacter/Blueprint/Animation/MeleeAnimations/Attack/AM_MeleeAttack_A.uexp" 3609
"C:/Users/kimkiyong/Documents/GitHub/ProjectBBK/Content/Skills/Sound/MeleeAttack/swing_1.ubulk" 3610
"C:/Users/kimkiyong/Documents/GitHub/ProjectBBK/Content/Skills/Sound/MeleeAttack/swing_1.uasset" 3611
"C:/Users/kimkiyong/Documents/GitHub/ProjectBBK/Content/Skills/Sound/MeleeAttack/swing_1.uexp" 3612
"C:/Users/kimkiyong/Documents/GitHub/ProjectBBK/Content/Skills/Sound/MeleeAttack/swing_2.ubulk" 3613
"C:/Users/kimkiyong/Documents/GitHub/ProjectBBK/Content/Skills/Sound/MeleeAttack/swing_2.uasset" 3614
"C:/Users/kimkiyong/Documents/GitHub/ProjectBBK/Content/Skills/Sound/MeleeAttack/swing_2.uexp" 3615
"C:/Users/kimkiyong/Documents/GitHub/ProjectBBK/Content/Skills/Sound/MeleeAttack/swing_3.ubulk" 3616
"C:/Users/kimkiyong/Documents/GitHub/ProjectBBK/Content/Skills/Sound/MeleeAttack/swing_3.uasset" 3617
"C:/Users/kimkiyong/Documents/GitHub/ProjectBBK/Content/Skills/Sound/MeleeAttack/swing_3.uexp" 3618
"C:/Users/kimkiyong/Documents/GitHub/ProjectBBK/Content/Skills/Sound/MeleeAttack/swing_4.ubulk" 3619
"C:/Users/kimkiyong/Documents/GitHub/ProjectBBK/Content/Skills/Sound/MeleeAttack/swing_4.uasset" 3620
"C:/Users/kimkiyong/Documents/GitHub/ProjectBBK/Content/Skills/Sound/MeleeAttack/swing_4.uexp" 3621
"C:/Users/kimkiyong/Documents/GitHub/ProjectBBK/Content/Skills/Sound/MeleeAttack/swing_5.ubulk" 3622
"C:/Users/kimkiyong/Documents/GitHub/ProjectBBK/Content/Skills/Sound/MeleeAttack/swing_5.uasset" 3623
"C:/Users/kimkiyong/Documents/GitHub/ProjectBBK/Content/Skills/Sound/MeleeAttack/swing_5.uexp" 3624
"C:/Users/kimkiyong/Documents/GitHub/ProjectBBK/Content/Skills/Sound/MeleeAttack/MeleeAttack.uasset" 3625
"C:/Users/kimkiyong/Documents/GitHub/ProjectBBK/Content/Skills/Sound/MeleeAttack/MeleeAttack.uexp" 3626
"C:/Users/kimkiyong/Documents/GitHub/ProjectBBK/Content/PlayerCharacter/Blueprint/GAS/Abilities/GA_MeleeAttack.uasset" 3627
"C:/Users/kimkiyong/Documents/GitHub/ProjectBBK/Content/PlayerCharacter/Blueprint/GAS/Abilities/GA_MeleeAttack.uexp" 3628
"C:/Users/kimkiyong/Documents/GitHub/ProjectBBK/Content/Skills/Sound/MeleeUltimate.ubulk" 3629
"C:/Users/kimkiyong/Documents/GitHub/ProjectBBK/Content/Skills/Sound/MeleeUltimate.uasset" 3630
"C:/Users/kimkiyong/Documents/GitHub/ProjectBBK/Content/Skills/Sound/MeleeUltimate.uexp" 3631
"C:/Users/kimkiyong/Documents/GitHub/ProjectBBK/Content/Free_Magic/Mesh/SM_Free_Magic_Plane2.ubulk" 3632
"C:/Users/kimkiyong/Documents/GitHub/ProjectBBK/Content/Free_Magic/Mesh/SM_Free_Magic_Plane2.uasset" 3633
"C:/Users/kimkiyong/Documents/GitHub/ProjectBBK/Content/Free_Magic/Mesh/SM_Free_Magic_Plane2.uexp" 3634
"C:/Users/kimkiyong/Documents/GitHub/ProjectBBK/Content/Free_Magic/Textures/T_Free_Magic_Star.ubulk" 3635
"C:/Users/kimkiyong/Documents/GitHub/ProjectBBK/Content/Free_Magic/Textures/T_Free_Magic_Star.uasset" 3636
"C:/Users/kimkiyong/Documents/GitHub/ProjectBBK/Content/Free_Magic/Textures/T_Free_Magic_Star.uexp" 3637
"C:/Users/kimkiyong/Documents/GitHub/ProjectBBK/Content/Free_Magic/Materials/M_Free_Magic_Star.uasset" 3638
"C:/Users/kimkiyong/Documents/GitHub/ProjectBBK/Content/Free_Magic/Materials/M_Free_Magic_Star.uexp" 3639
"C:/Users/kimkiyong/Documents/GitHub/ProjectBBK/Content/Free_Magic/Materials/M_Free_Magic_Plane.uasset" 3640
"C:/Users/kimkiyong/Documents/GitHub/ProjectBBK/Content/Free_Magic/Materials/M_Free_Magic_Plane.uexp" 3641
"C:/Users/kimkiyong/Documents/GitHub/ProjectBBK/Content/Free_Magic/VFX_Niagara/NS_Free_Magic_Area2.uasset" 3642
"C:/Users/kimkiyong/Documents/GitHub/ProjectBBK/Content/Free_Magic/VFX_Niagara/NS_Free_Magic_Area2.uexp" 3643
"C:/Users/kimkiyong/Documents/GitHub/ProjectBBK/Content/PlayerCharacter/Blueprint/GAS/Effects/GE_UltimateBuff.uasset" 3644
"C:/Users/kimkiyong/Documents/GitHub/ProjectBBK/Content/PlayerCharacter/Blueprint/GAS/Effects/GE_UltimateBuff.uexp" 3645
"C:/Users/kimkiyong/Documents/GitHub/ProjectBBK/Content/PlayerCharacter/Blueprint/Animation/AnimNotify/AN_UltimateLand.uasset" 3646
"C:/Users/kimkiyong/Documents/GitHub/ProjectBBK/Content/PlayerCharacter/Blueprint/Animation/AnimNotify/AN_UltimateLand.uexp" 3647
"C:/Users/kimkiyong/Documents/GitHub/ProjectBBK/Content/PlayerCharacter/Blueprint/Animation/MeleeAnimations/Attack/Ability_Ultimate.uasset" 3648
"C:/Users/kimkiyong/Documents/GitHub/ProjectBBK/Content/PlayerCharacter/Blueprint/Animation/MeleeAnimations/Attack/Ability_Ultimate.uexp" 3649
"C:/Users/kimkiyong/Documents/GitHub/ProjectBBK/Content/PlayerCharacter/Blueprint/Animation/MeleeAnimations/Attack/AM_MeleeUltimate_Skill.uasset" 3650
"C:/Users/kimkiyong/Documents/GitHub/ProjectBBK/Content/PlayerCharacter/Blueprint/Animation/MeleeAnimations/Attack/AM_MeleeUltimate_Skill.uexp" 3651
"C:/Users/kimkiyong/Documents/GitHub/ProjectBBK/Content/ParagonGreystone/Audio/Wavs/Greystone_Ability_Ultimate_Self_010.ubulk" 3652
"C:/Users/kimkiyong/Documents/GitHub/ProjectBBK/Content/ParagonGreystone/Audio/Wavs/Greystone_Ability_Ultimate_Self_010.uasset" 3653
"C:/Users/kimkiyong/Documents/GitHub/ProjectBBK/Content/ParagonGreystone/Audio/Wavs/Greystone_Ability_Ultimate_Self_010.uexp" 3654
"C:/Users/kimkiyong/Documents/GitHub/ProjectBBK/Content/ParagonGreystone/Audio/DialogueWavs/Greystone_Ability_Ultimate_Self_010_Dialogue.uasset" 3655
"C:/Users/kimkiyong/Documents/GitHub/ProjectBBK/Content/ParagonGreystone/Audio/DialogueWavs/Greystone_Ability_Ultimate_Self_010_Dialogue.uexp" 3656
"C:/Users/kimkiyong/Documents/GitHub/ProjectBBK/Content/ParagonGreystone/Audio/Cues/Greystone_Ability_Ultimate_Self.uasset" 3657
"C:/Users/kimkiyong/Documents/GitHub/ProjectBBK/Content/ParagonGreystone/Audio/Cues/Greystone_Ability_Ultimate_Self.uexp" 3658
"C:/Users/kimkiyong/Documents/GitHub/ProjectBBK/Content/PlayerCharacter/Blueprint/GAS/Abilities/GA_MeleeUltimate.uasset" 3659
"C:/Users/kimkiyong/Documents/GitHub/ProjectBBK/Content/PlayerCharacter/Blueprint/GAS/Abilities/GA_MeleeUltimate.uexp" 3660
"C:/Users/kimkiyong/Documents/GitHub/ProjectBBK/Content/Skills/Sound/MeleeUnique/swing_6.ubulk" 3661
"C:/Users/kimkiyong/Documents/GitHub/ProjectBBK/Content/Skills/Sound/MeleeUnique/swing_6.uasset" 3662
"C:/Users/kimkiyong/Documents/GitHub/ProjectBBK/Content/Skills/Sound/MeleeUnique/swing_6.uexp" 3663
"C:/Users/kimkiyong/Documents/GitHub/ProjectBBK/Content/Skills/Sound/MeleeUnique/swing_7.ubulk" 3664
"C:/Users/kimkiyong/Documents/GitHub/ProjectBBK/Content/Skills/Sound/MeleeUnique/swing_7.uasset" 3665
"C:/Users/kimkiyong/Documents/GitHub/ProjectBBK/Content/Skills/Sound/MeleeUnique/swing_7.uexp" 3666
"C:/Users/kimkiyong/Documents/GitHub/ProjectBBK/Content/Skills/Sound/MeleeUnique/swing_8.ubulk" 3667
"C:/Users/kimkiyong/Documents/GitHub/ProjectBBK/Content/Skills/Sound/MeleeUnique/swing_8.uasset" 3668
"C:/Users/kimkiyong/Documents/GitHub/ProjectBBK/Content/Skills/Sound/MeleeUnique/swing_8.uexp" 3669
"C:/Users/kimkiyong/Documents/GitHub/ProjectBBK/Content/Skills/Sound/MeleeUnique/swing_9.ubulk" 3670
"C:/Users/kimkiyong/Documents/GitHub/ProjectBBK/Content/Skills/Sound/MeleeUnique/swing_9.uasset" 3671
"C:/Users/kimkiyong/Documents/GitHub/ProjectBBK/Content/Skills/Sound/MeleeUnique/swing_9.uexp" 3672
"C:/Users/kimkiyong/Documents/GitHub/ProjectBBK/Content/Skills/Sound/MeleeUnique/MeleeUnique.uasset" 3673
"C:/Users/kimkiyong/Documents/GitHub/ProjectBBK/Content/Skills/Sound/MeleeUnique/MeleeUnique.uexp" 3674
"C:/Users/kimkiyong/Documents/GitHub/ProjectBBK/Content/PlayerCharacter/Blueprint/GAS/Abilities/GA_MeleeUnique.uasset" 3675
"C:/Users/kimkiyong/Documents/GitHub/ProjectBBK/Content/PlayerCharacter/Blueprint/GAS/Abilities/GA_MeleeUnique.uexp" 3676
"C:/Users/kimkiyong/Documents/GitHub/ProjectBBK/Content/ParagonGreystone/Characters/Heroes/Greystone/Animations/Cast.uasset" 3677
"C:/Users/kimkiyong/Documents/GitHub/ProjectBBK/Content/ParagonGreystone/Characters/Heroes/Greystone/Animations/Cast.uexp" 3678
"C:/Users/kimkiyong/Documents/GitHub/ProjectBBK/Content/PlayerCharacter/Blueprint/Animation/ShieldAnimation/AM_ShieldMontage_M.uasset" 3679
"C:/Users/kimkiyong/Documents/GitHub/ProjectBBK/Content/PlayerCharacter/Blueprint/Animation/ShieldAnimation/AM_ShieldMontage_M.uexp" 3680
"C:/Users/kimkiyong/Documents/GitHub/ProjectBBK/Content/PlayerCharacter/Blueprint/GAS/Abilities/GA_ShieldMelee.uasset" 3681
"C:/Users/kimkiyong/Documents/GitHub/ProjectBBK/Content/PlayerCharacter/Blueprint/GAS/Abilities/GA_ShieldMelee.uexp" 3682
"C:/Users/kimkiyong/Documents/GitHub/ProjectBBK/Content/PlayerCharacter/Blueprint/GAS/Abilities/GA_Test.uasset" 3683
"C:/Users/kimkiyong/Documents/GitHub/ProjectBBK/Content/PlayerCharacter/Blueprint/GAS/Abilities/GA_Test.uexp" 3684
"C:/Users/kimkiyong/Documents/GitHub/ProjectBBK/Content/PlayerCharacter/Blueprint/BPC_MeleeCharacter.uasset" 3685
"C:/Users/kimkiyong/Documents/GitHub/ProjectBBK/Content/PlayerCharacter/Blueprint/BPC_MeleeCharacter.uexp" 3686
"C:/Users/kimkiyong/Documents/GitHub/ProjectBBK/Content/UI/GameOver-removebg-preview.uasset" 3687
"C:/Users/kimkiyong/Documents/GitHub/ProjectBBK/Content/UI/GameOver-removebg-preview.uexp" 3688
"C:/Users/kimkiyong/Documents/GitHub/ProjectBBK/Content/UI/Button-removebg-preview.uasset" 3689
"C:/Users/kimkiyong/Documents/GitHub/ProjectBBK/Content/UI/Button-removebg-preview.uexp" 3690
"C:/Users/kimkiyong/Documents/GitHub/ProjectBBK/Content/UI/Widgets/WBP_GameOverWidget.uasset" 3691
"C:/Users/kimkiyong/Documents/GitHub/ProjectBBK/Content/UI/Widgets/WBP_GameOverWidget.uexp" 3692
"C:/Users/kimkiyong/Documents/GitHub/ProjectBBK/Content/UI/Victory-removebg-preview.uasset" 3693
"C:/Users/kimkiyong/Documents/GitHub/ProjectBBK/Content/UI/Victory-removebg-preview.uexp" 3694
"C:/Users/kimkiyong/Documents/GitHub/ProjectBBK/Content/UI/LoadingBackground.uasset" 3695
"C:/Users/kimkiyong/Documents/GitHub/ProjectBBK/Content/UI/LoadingBackground.uexp" 3696
"C:/Users/kimkiyong/Documents/GitHub/ProjectBBK/Content/UI/Widgets/WBP_EndingScreen.uasset" 3697
"C:/Users/kimkiyong/Documents/GitHub/ProjectBBK/Content/UI/Widgets/WBP_EndingScreen.uexp" 3698
"C:/Users/kimkiyong/Documents/GitHub/ProjectBBK/Content/PlayerCharacter/Blueprint/BPC_PlayerController.uasset" 3699
"C:/Users/kimkiyong/Documents/GitHub/ProjectBBK/Content/PlayerCharacter/Blueprint/BPC_PlayerController.uexp" 3700
"C:/Users/kimkiyong/Documents/GitHub/ProjectBBK/Content/PlayerCharacter/Blueprint/BP_BBKGameMode.uasset" 3701
"C:/Users/kimkiyong/Documents/GitHub/ProjectBBK/Content/PlayerCharacter/Blueprint/BP_BBKGameMode.uexp" 3702
"C:/Users/kimkiyong/Documents/GitHub/ProjectBBK/Content/Maps/Level/L_PlayLevel1.uexp" 3703
"C:/Users/kimkiyong/Documents/GitHub/ProjectBBK/Content/Maps/Level/L_PlayLevel1.ubulk" 3704
"C:/Users/kimkiyong/Documents/GitHub/ProjectBBK/Content/Maps/Level/L_PlayLevel1.umap" 3705
"C:/Users/kimkiyong/Documents/GitHub/ProjectBBK/Content/Monster/UI/FullHPBossBar.uasset" 3706
"C:/Users/kimkiyong/Documents/GitHub/ProjectBBK/Content/Monster/UI/FullHPBossBar.uexp" 3707
"C:/Users/kimkiyong/Documents/GitHub/ProjectBBK/Content/Monster/UI/BossEmptyBar.uasset" 3708
"C:/Users/kimkiyong/Documents/GitHub/ProjectBBK/Content/Monster/UI/BossEmptyBar.uexp" 3709
"C:/Users/kimkiyong/Documents/GitHub/ProjectBBK/Content/Monster/UI/BPC_BossMonsterHPWidget.uasset" 3710
"C:/Users/kimkiyong/Documents/GitHub/ProjectBBK/Content/Monster/UI/BPC_BossMonsterHPWidget.uexp" 3711
"C:/Users/kimkiyong/Documents/GitHub/ProjectBBK/Content/ParagonGideon/Characters/Global/MaterialLayers/T_TestML_Mask.ubulk" 3712
"C:/Users/kimkiyong/Documents/GitHub/ProjectBBK/Content/ParagonGideon/Characters/Global/MaterialLayers/T_TestML_Mask.uasset" 3713
"C:/Users/kimkiyong/Documents/GitHub/ProjectBBK/Content/ParagonGideon/Characters/Global/MaterialLayers/T_TestML_Mask.uexp" 3714
"C:/Users/kimkiyong/Documents/GitHub/ProjectBBK/Content/ParagonGideon/Characters/Global/MaterialLayers/ML__Blank.uasset" 3715
"C:/Users/kimkiyong/Documents/GitHub/ProjectBBK/Content/ParagonGideon/Characters/Global/MaterialLayers/ML__Blank.uexp" 3716
"C:/Users/kimkiyong/Documents/GitHub/ProjectBBK/Content/ParagonGideon/Characters/Global/MaterialFunctions/ParameterCollections/OrionGlobalGameplayCollection.uasset" 3717
"C:/Users/kimkiyong/Documents/GitHub/ProjectBBK/Content/ParagonGideon/Characters/Global/MaterialFunctions/ParameterCollections/OrionGlobalGameplayCollection.uexp" 3718
"C:/Users/kimkiyong/Documents/GitHub/ProjectBBK/Content/ParagonGideon/Characters/Global/MaterialFunctions/MaterialLayerConstructors/MLC_ScratchAndGrime.uasset" 3719
"C:/Users/kimkiyong/Documents/GitHub/ProjectBBK/Content/ParagonGideon/Characters/Global/MaterialFunctions/MaterialLayerConstructors/MLC_ScratchAndGrime.uexp" 3720
"C:/Users/kimkiyong/Documents/GitHub/ProjectBBK/Content/ParagonGideon/Characters/Global/MaterialFunctions/MaterialLayerConstructors/MLC_Standard.uasset" 3721
"C:/Users/kimkiyong/Documents/GitHub/ProjectBBK/Content/ParagonGideon/Characters/Global/MaterialFunctions/MaterialLayerConstructors/MLC_Standard.uexp" 3722
"C:/Users/kimkiyong/Documents/GitHub/ProjectBBK/Content/ParagonGideon/Characters/Global/MaterialLayers/Metal/T_Blue_Metal02.ubulk" 3723
"C:/Users/kimkiyong/Documents/GitHub/ProjectBBK/Content/ParagonGideon/Characters/Global/MaterialLayers/Metal/T_Blue_Metal02.uasset" 3724
"C:/Users/kimkiyong/Documents/GitHub/ProjectBBK/Content/ParagonGideon/Characters/Global/MaterialLayers/Metal/T_Blue_Metal02.uexp" 3725
"C:/Users/kimkiyong/Documents/GitHub/ProjectBBK/Content/ParagonGideon/Characters/Global/MaterialLayers/Rubber/T_Blank_N.uasset" 3726
"C:/Users/kimkiyong/Documents/GitHub/ProjectBBK/Content/ParagonGideon/Characters/Global/MaterialLayers/Rubber/T_Blank_N.uexp" 3727
"C:/Users/kimkiyong/Documents/GitHub/ProjectBBK/Content/ParagonGideon/Characters/Global/MaterialLayers/Metal/ML_blue_Metal.uasset" 3728
"C:/Users/kimkiyong/Documents/GitHub/ProjectBBK/Content/ParagonGideon/Characters/Global/MaterialLayers/Metal/ML_blue_Metal.uexp" 3729
"C:/Users/kimkiyong/Documents/GitHub/ProjectBBK/Content/ParagonGideon/Characters/Global/MaterialFunctions/MF_OrionRimlight.uasset" 3730
"C:/Users/kimkiyong/Documents/GitHub/ProjectBBK/Content/ParagonGideon/Characters/Global/MaterialFunctions/MF_OrionRimlight.uexp" 3731
"C:/Users/kimkiyong/Documents/GitHub/ProjectBBK/Content/ParagonGideon/Characters/Global/MaterialFunctions/MF_HitFlash.uasset" 3732
"C:/Users/kimkiyong/Documents/GitHub/ProjectBBK/Content/ParagonGideon/Characters/Global/MaterialFunctions/MF_HitFlash.uexp" 3733
"C:/Users/kimkiyong/Documents/GitHub/ProjectBBK/Content/ParagonGideon/Characters/Global/MaterialFunctions/Textures/Noise/T_AtmosphericCloudNoise03.ubulk" 3734
"C:/Users/kimkiyong/Documents/GitHub/ProjectBBK/Content/ParagonGideon/Characters/Global/MaterialFunctions/Textures/Noise/T_AtmosphericCloudNoise03.uasset" 3735
"C:/Users/kimkiyong/Documents/GitHub/ProjectBBK/Content/ParagonGideon/Characters/Global/MaterialFunctions/Textures/Noise/T_AtmosphericCloudNoise03.uexp" 3736
"C:/Users/kimkiyong/Documents/GitHub/ProjectBBK/Content/ParagonGideon/Characters/Global/MaterialFunctions/Textures/Noise/T_AtmosphericCloudNoise01.ubulk" 3737
"C:/Users/kimkiyong/Documents/GitHub/ProjectBBK/Content/ParagonGideon/Characters/Global/MaterialFunctions/Textures/Noise/T_AtmosphericCloudNoise01.uasset" 3738
"C:/Users/kimkiyong/Documents/GitHub/ProjectBBK/Content/ParagonGideon/Characters/Global/MaterialFunctions/Textures/Noise/T_AtmosphericCloudNoise01.uexp" 3739
"C:/Users/kimkiyong/Documents/GitHub/ProjectBBK/Content/ParagonGideon/Characters/Global/MaterialFunctions/Textures/Noise/T_AtmosphericCloudNoise01_N.ubulk" 3740
"C:/Users/kimkiyong/Documents/GitHub/ProjectBBK/Content/ParagonGideon/Characters/Global/MaterialFunctions/Textures/Noise/T_AtmosphericCloudNoise01_N.uasset" 3741
"C:/Users/kimkiyong/Documents/GitHub/ProjectBBK/Content/ParagonGideon/Characters/Global/MaterialFunctions/Textures/Noise/T_AtmosphericCloudNoise01_N.uexp" 3742
"C:/Users/kimkiyong/Documents/GitHub/ProjectBBK/Content/ParagonGideon/Characters/Global/MaterialFunctions/MF_DeathFade.uasset" 3743
"C:/Users/kimkiyong/Documents/GitHub/ProjectBBK/Content/ParagonGideon/Characters/Global/MaterialFunctions/MF_DeathFade.uexp" 3744
"C:/Users/kimkiyong/Documents/GitHub/ProjectBBK/Content/ParagonGideon/Characters/Global/MaterialFunctions/MF_BrightnessAdjust.uasset" 3745
"C:/Users/kimkiyong/Documents/GitHub/ProjectBBK/Content/ParagonGideon/Characters/Global/MaterialFunctions/MF_BrightnessAdjust.uexp" 3746
"C:/Users/kimkiyong/Documents/GitHub/ProjectBBK/Content/ParagonGideon/Characters/Global/MaterialFunctions/MF_CharacterEffects.uasset" 3747
"C:/Users/kimkiyong/Documents/GitHub/ProjectBBK/Content/ParagonGideon/Characters/Global/MaterialFunctions/MF_CharacterEffects.uexp" 3748
"C:/Users/kimkiyong/Documents/GitHub/ProjectBBK/Content/ParagonGideon/Characters/Global/Eyelash/T_Universal_Eyelashes_D.ubulk" 3749
"C:/Users/kimkiyong/Documents/GitHub/ProjectBBK/Content/ParagonGideon/Characters/Global/Eyelash/T_Universal_Eyelashes_D.uasset" 3750
"C:/Users/kimkiyong/Documents/GitHub/ProjectBBK/Content/ParagonGideon/Characters/Global/Eyelash/T_Universal_Eyelashes_D.uexp" 3751
"C:/Users/kimkiyong/Documents/GitHub/ProjectBBK/Content/ParagonGideon/Characters/Global/Eyelash/M_EyelashMaster.uasset" 3752
"C:/Users/kimkiyong/Documents/GitHub/ProjectBBK/Content/ParagonGideon/Characters/Global/Eyelash/M_EyelashMaster.uexp" 3753
"C:/Users/kimkiyong/Documents/GitHub/ProjectBBK/Content/ParagonGideon/Characters/Heroes/Gideon/Meshes/Gideon_Skeleton.uasset" 3754
"C:/Users/kimkiyong/Documents/GitHub/ProjectBBK/Content/ParagonGideon/Characters/Heroes/Gideon/Meshes/Gideon_Skeleton.uexp" 3755
"C:/Users/kimkiyong/Documents/GitHub/ProjectBBK/Content/ParagonGideon/Characters/Heroes/Gideon/Meshes/Gideon_PhysicsAsset.uasset" 3756
"C:/Users/kimkiyong/Documents/GitHub/ProjectBBK/Content/ParagonGideon/Characters/Heroes/Gideon/Meshes/Gideon_PhysicsAsset.uexp" 3757
"C:/Users/kimkiyong/Documents/GitHub/ProjectBBK/Content/ParagonGideon/Characters/Heroes/Gideon/Meshes/Gideon_CylShadows.uasset" 3758
"C:/Users/kimkiyong/Documents/GitHub/ProjectBBK/Content/ParagonGideon/Characters/Heroes/Gideon/Meshes/Gideon_CylShadows.uexp" 3759
"C:/Users/kimkiyong/Documents/GitHub/ProjectBBK/Content/ParagonGideon/Characters/Global/T_Black_Linear.uasset" 3760
"C:/Users/kimkiyong/Documents/GitHub/ProjectBBK/Content/ParagonGideon/Characters/Global/T_Black_Linear.uexp" 3761
"C:/Users/kimkiyong/Documents/GitHub/ProjectBBK/Content/ParagonGideon/Characters/Global/MaterialLayers/Skin/T_Pore_Normals2.ubulk" 3762
"C:/Users/kimkiyong/Documents/GitHub/ProjectBBK/Content/ParagonGideon/Characters/Global/MaterialLayers/Skin/T_Pore_Normals2.uasset" 3763
"C:/Users/kimkiyong/Documents/GitHub/ProjectBBK/Content/ParagonGideon/Characters/Global/MaterialLayers/Skin/T_Pore_Normals2.uexp" 3764
"C:/Users/kimkiyong/Documents/GitHub/ProjectBBK/Content/ParagonGideon/Characters/Global/MaterialLayers/Skin/T_Pore_Specular.ubulk" 3765
"C:/Users/kimkiyong/Documents/GitHub/ProjectBBK/Content/ParagonGideon/Characters/Global/MaterialLayers/Skin/T_Pore_Specular.uasset" 3766
"C:/Users/kimkiyong/Documents/GitHub/ProjectBBK/Content/ParagonGideon/Characters/Global/MaterialLayers/Skin/T_Pore_Specular.uexp" 3767
"C:/Users/kimkiyong/Documents/GitHub/ProjectBBK/Content/ParagonGideon/Characters/Global/MaterialFunctions/MF_SkinPores.uasset" 3768
"C:/Users/kimkiyong/Documents/GitHub/ProjectBBK/Content/ParagonGideon/Characters/Global/MaterialFunctions/MF_SkinPores.uexp" 3769
"C:/Users/kimkiyong/Documents/GitHub/ProjectBBK/Content/ParagonGideon/Characters/Global/MaterialFunctions/MF_OrionCharacterAO.uasset" 3770
"C:/Users/kimkiyong/Documents/GitHub/ProjectBBK/Content/ParagonGideon/Characters/Global/MaterialFunctions/MF_OrionCharacterAO.uexp" 3771
"C:/Users/kimkiyong/Documents/GitHub/ProjectBBK/Content/ParagonGideon/Characters/Heroes/Gideon/Textures/T_Gideon_Upperbody_RGB.ubulk" 3772
"C:/Users/kimkiyong/Documents/GitHub/ProjectBBK/Content/ParagonGideon/Characters/Heroes/Gideon/Textures/T_Gideon_Upperbody_RGB.uasset" 3773
"C:/Users/kimkiyong/Documents/GitHub/ProjectBBK/Content/ParagonGideon/Characters/Heroes/Gideon/Textures/T_Gideon_Upperbody_RGB.uexp" 3774
"C:/Users/kimkiyong/Documents/GitHub/ProjectBBK/Content/ParagonGideon/Characters/Heroes/Gideon/Textures/T_Gideon_Upperbody_Normal.ubulk" 3775
"C:/Users/kimkiyong/Documents/GitHub/ProjectBBK/Content/ParagonGideon/Characters/Heroes/Gideon/Textures/T_Gideon_Upperbody_Normal.uasset" 3776
"C:/Users/kimkiyong/Documents/GitHub/ProjectBBK/Content/ParagonGideon/Characters/Heroes/Gideon/Textures/T_Gideon_Upperbody_Normal.uexp" 3777
"C:/Users/kimkiyong/Documents/GitHub/ProjectBBK/Content/ParagonGideon/Characters/Heroes/Gideon/Textures/T_Gideon_Upperbody_Mask.ubulk" 3778
"C:/Users/kimkiyong/Documents/GitHub/ProjectBBK/Content/ParagonGideon/Characters/Heroes/Gideon/Textures/T_Gideon_Upperbody_Mask.uasset" 3779
"C:/Users/kimkiyong/Documents/GitHub/ProjectBBK/Content/ParagonGideon/Characters/Heroes/Gideon/Textures/T_Gideon_Upperbody_Mask.uexp" 3780
"C:/Users/kimkiyong/Documents/GitHub/ProjectBBK/Content/ParagonGideon/Characters/Heroes/Gideon/Textures/T_Gideon_Upperbody_Mask_2.ubulk" 3781
"C:/Users/kimkiyong/Documents/GitHub/ProjectBBK/Content/ParagonGideon/Characters/Heroes/Gideon/Textures/T_Gideon_Upperbody_Mask_2.uasset" 3782
"C:/Users/kimkiyong/Documents/GitHub/ProjectBBK/Content/ParagonGideon/Characters/Heroes/Gideon/Textures/T_Gideon_Upperbody_Mask_2.uexp" 3783
"C:/Users/kimkiyong/Documents/GitHub/ProjectBBK/Content/ParagonGideon/Characters/Global/MaterialLayers/Metal/T_RoughMetal01_N.ubulk" 3784
"C:/Users/kimkiyong/Documents/GitHub/ProjectBBK/Content/ParagonGideon/Characters/Global/MaterialLayers/Metal/T_RoughMetal01_N.uasset" 3785
"C:/Users/kimkiyong/Documents/GitHub/ProjectBBK/Content/ParagonGideon/Characters/Global/MaterialLayers/Metal/T_RoughMetal01_N.uexp" 3786
"C:/Users/kimkiyong/Documents/GitHub/ProjectBBK/Content/ParagonGideon/Characters/Global/MaterialLayers/Metal/T_RoughMetal01.ubulk" 3787
"C:/Users/kimkiyong/Documents/GitHub/ProjectBBK/Content/ParagonGideon/Characters/Global/MaterialLayers/Metal/T_RoughMetal01.uasset" 3788
"C:/Users/kimkiyong/Documents/GitHub/ProjectBBK/Content/ParagonGideon/Characters/Global/MaterialLayers/Metal/T_RoughMetal01.uexp" 3789
"C:/Users/kimkiyong/Documents/GitHub/ProjectBBK/Content/ParagonGideon/Characters/Global/MaterialLayers/Metal/ML_Steel.uasset" 3790
"C:/Users/kimkiyong/Documents/GitHub/ProjectBBK/Content/ParagonGideon/Characters/Global/MaterialLayers/Metal/ML_Steel.uexp" 3791
"C:/Users/kimkiyong/Documents/GitHub/ProjectBBK/Content/ParagonGideon/Characters/Global/MaterialLayers/Skin/ML_Skin.uasset" 3792
"C:/Users/kimkiyong/Documents/GitHub/ProjectBBK/Content/ParagonGideon/Characters/Global/MaterialLayers/Skin/ML_Skin.uexp" 3793
"C:/Users/kimkiyong/Documents/GitHub/ProjectBBK/Content/ParagonGideon/Characters/Heroes/Gideon/Materials/M_Gideon_Upperbody_Skin.uasset" 3794
"C:/Users/kimkiyong/Documents/GitHub/ProjectBBK/Content/ParagonGideon/Characters/Heroes/Gideon/Materials/M_Gideon_Upperbody_Skin.uexp" 3795
"C:/Users/kimkiyong/Documents/GitHub/ProjectBBK/Content/ParagonGideon/Characters/Global/MaterialLayers/Fabric/T_FineFabric01_N.ubulk" 3796
"C:/Users/kimkiyong/Documents/GitHub/ProjectBBK/Content/ParagonGideon/Characters/Global/MaterialLayers/Fabric/T_FineFabric01_N.uasset" 3797
"C:/Users/kimkiyong/Documents/GitHub/ProjectBBK/Content/ParagonGideon/Characters/Global/MaterialLayers/Fabric/T_FineFabric01_N.uexp" 3798
"C:/Users/kimkiyong/Documents/GitHub/ProjectBBK/Content/ParagonGideon/Characters/Global/MaterialLayers/Fabric/T_FineFabric01.ubulk" 3799
"C:/Users/kimkiyong/Documents/GitHub/ProjectBBK/Content/ParagonGideon/Characters/Global/MaterialLayers/Fabric/T_FineFabric01.uasset" 3800
"C:/Users/kimkiyong/Documents/GitHub/ProjectBBK/Content/ParagonGideon/Characters/Global/MaterialLayers/Fabric/T_FineFabric01.uexp" 3801
"C:/Users/kimkiyong/Documents/GitHub/ProjectBBK/Content/ParagonGideon/Characters/Global/MaterialLayers/Leather/T_ML_FineLeather01_N.ubulk" 3802
"C:/Users/kimkiyong/Documents/GitHub/ProjectBBK/Content/ParagonGideon/Characters/Global/MaterialLayers/Leather/T_ML_FineLeather01_N.uasset" 3803
"C:/Users/kimkiyong/Documents/GitHub/ProjectBBK/Content/ParagonGideon/Characters/Global/MaterialLayers/Leather/T_ML_FineLeather01_N.uexp" 3804
"C:/Users/kimkiyong/Documents/GitHub/ProjectBBK/Content/ParagonGideon/Characters/Global/MaterialLayers/Leather/T_ML_FineLeather01.ubulk" 3805
"C:/Users/kimkiyong/Documents/GitHub/ProjectBBK/Content/ParagonGideon/Characters/Global/MaterialLayers/Leather/T_ML_FineLeather01.uasset" 3806
"C:/Users/kimkiyong/Documents/GitHub/ProjectBBK/Content/ParagonGideon/Characters/Global/MaterialLayers/Leather/T_ML_FineLeather01.uexp" 3807
"C:/Users/kimkiyong/Documents/GitHub/ProjectBBK/Content/ParagonGideon/Characters/Global/MaterialLayers/Metal/T_Rust01_N.ubulk" 3808
"C:/Users/kimkiyong/Documents/GitHub/ProjectBBK/Content/ParagonGideon/Characters/Global/MaterialLayers/Metal/T_Rust01_N.uasset" 3809
"C:/Users/kimkiyong/Documents/GitHub/ProjectBBK/Content/ParagonGideon/Characters/Global/MaterialLayers/Metal/T_Rust01_N.uexp" 3810
"C:/Users/kimkiyong/Documents/GitHub/ProjectBBK/Content/ParagonGideon/Characters/Global/MaterialLayers/Leather/T_T_Worn_Under_Leather.ubulk" 3811
"C:/Users/kimkiyong/Documents/GitHub/ProjectBBK/Content/ParagonGideon/Characters/Global/MaterialLayers/Leather/T_T_Worn_Under_Leather.uasset" 3812
"C:/Users/kimkiyong/Documents/GitHub/ProjectBBK/Content/ParagonGideon/Characters/Global/MaterialLayers/Leather/T_T_Worn_Under_Leather.uexp" 3813
"C:/Users/kimkiyong/Documents/GitHub/ProjectBBK/Content/ParagonGideon/Characters/Global/MaterialLayers/Metal/T_Blank_N.ubulk" 3814
"C:/Users/kimkiyong/Documents/GitHub/ProjectBBK/Content/ParagonGideon/Characters/Global/MaterialLayers/Metal/T_Blank_N.uasset" 3815
"C:/Users/kimkiyong/Documents/GitHub/ProjectBBK/Content/ParagonGideon/Characters/Global/MaterialLayers/Metal/T_Blank_N.uexp" 3816
"C:/Users/kimkiyong/Documents/GitHub/ProjectBBK/Content/ParagonGideon/Characters/Global/MaterialLayers/Metal/T_ML_Gold_Metal01.ubulk" 3817
"C:/Users/kimkiyong/Documents/GitHub/ProjectBBK/Content/ParagonGideon/Characters/Global/MaterialLayers/Metal/T_ML_Gold_Metal01.uasset" 3818
"C:/Users/kimkiyong/Documents/GitHub/ProjectBBK/Content/ParagonGideon/Characters/Global/MaterialLayers/Metal/T_ML_Gold_Metal01.uexp" 3819
"C:/Users/kimkiyong/Documents/GitHub/ProjectBBK/Content/ParagonGideon/Characters/Global/MaterialLayers/Synthetics/T_Gideon_Eye_D.ubulk" 3820
"C:/Users/kimkiyong/Documents/GitHub/ProjectBBK/Content/ParagonGideon/Characters/Global/MaterialLayers/Synthetics/T_Gideon_Eye_D.uasset" 3821
"C:/Users/kimkiyong/Documents/GitHub/ProjectBBK/Content/ParagonGideon/Characters/Global/MaterialLayers/Synthetics/T_Gideon_Eye_D.uexp" 3822
"C:/Users/kimkiyong/Documents/GitHub/ProjectBBK/Content/ParagonGideon/Characters/Global/MaterialFunctions/MaterialLayerConstructors/MF_BaseColorTintAndContrast.uasset" 3823
"C:/Users/kimkiyong/Documents/GitHub/ProjectBBK/Content/ParagonGideon/Characters/Global/MaterialFunctions/MaterialLayerConstructors/MF_BaseColorTintAndContrast.uexp" 3824
"C:/Users/kimkiyong/Documents/GitHub/ProjectBBK/Content/ParagonGideon/Characters/Global/MaterialFunctions/MaterialLayerConstructors/MF_RoughnessAdjustment.uasset" 3825
"C:/Users/kimkiyong/Documents/GitHub/ProjectBBK/Content/ParagonGideon/Characters/Global/MaterialFunctions/MaterialLayerConstructors/MF_RoughnessAdjustment.uexp" 3826
"C:/Users/kimkiyong/Documents/GitHub/ProjectBBK/Content/ParagonGideon/Characters/Global/MaterialLayers/Metal/ML_Gold_Metal02.uasset" 3827
"C:/Users/kimkiyong/Documents/GitHub/ProjectBBK/Content/ParagonGideon/Characters/Global/MaterialLayers/Metal/ML_Gold_Metal02.uexp" 3828
"C:/Users/kimkiyong/Documents/GitHub/ProjectBBK/Content/ParagonGideon/Characters/Global/MaterialLayers/Fabric/ML_ColorableCloth.uasset" 3829
"C:/Users/kimkiyong/Documents/GitHub/ProjectBBK/Content/ParagonGideon/Characters/Global/MaterialLayers/Fabric/ML_ColorableCloth.uexp" 3830
"C:/Users/kimkiyong/Documents/GitHub/ProjectBBK/Content/ParagonGideon/Characters/Global/MaterialLayers/Leather/ML_ThinLeather01.uasset" 3831
"C:/Users/kimkiyong/Documents/GitHub/ProjectBBK/Content/ParagonGideon/Characters/Global/MaterialLayers/Leather/ML_ThinLeather01.uexp" 3832
"C:/Users/kimkiyong/Documents/GitHub/ProjectBBK/Content/ParagonGideon/Characters/Global/MaterialLayers/Leather/ML_Worn_Under_Leather.uasset" 3833
"C:/Users/kimkiyong/Documents/GitHub/ProjectBBK/Content/ParagonGideon/Characters/Global/MaterialLayers/Leather/ML_Worn_Under_Leather.uexp" 3834
"C:/Users/kimkiyong/Documents/GitHub/ProjectBBK/Content/ParagonGideon/Characters/Global/MaterialLayers/Synthetics/ML_Gem.uasset" 3835
"C:/Users/kimkiyong/Documents/GitHub/ProjectBBK/Content/ParagonGideon/Characters/Global/MaterialLayers/Synthetics/ML_Gem.uexp" 3836
"C:/Users/kimkiyong/Documents/GitHub/ProjectBBK/Content/ParagonGideon/Characters/Heroes/Gideon/Materials/M_Gideon_Upperbody.uasset" 3837
"C:/Users/kimkiyong/Documents/GitHub/ProjectBBK/Content/ParagonGideon/Characters/Heroes/Gideon/Materials/M_Gideon_Upperbody.uexp" 3838
"C:/Users/kimkiyong/Documents/GitHub/ProjectBBK/Content/ParagonGideon/Characters/Heroes/Gideon/Textures/T_Portal_SpaceMask_M.ubulk" 3839
"C:/Users/kimkiyong/Documents/GitHub/ProjectBBK/Content/ParagonGideon/Characters/Heroes/Gideon/Textures/T_Portal_SpaceMask_M.uasset" 3840
"C:/Users/kimkiyong/Documents/GitHub/ProjectBBK/Content/ParagonGideon/Characters/Heroes/Gideon/Textures/T_Portal_SpaceMask_M.uexp" 3841
"C:/Users/kimkiyong/Documents/GitHub/ProjectBBK/Content/ParagonGideon/Characters/Heroes/Gideon/Textures/T_Inky_Smoke_Tile.ubulk" 3842
"C:/Users/kimkiyong/Documents/GitHub/ProjectBBK/Content/ParagonGideon/Characters/Heroes/Gideon/Textures/T_Inky_Smoke_Tile.uasset" 3843
"C:/Users/kimkiyong/Documents/GitHub/ProjectBBK/Content/ParagonGideon/Characters/Heroes/Gideon/Textures/T_Inky_Smoke_Tile.uexp" 3844
"C:/Users/kimkiyong/Documents/GitHub/ProjectBBK/Content/ParagonGideon/Characters/Heroes/Gideon/Materials/M_Gideon_Ring_Glow.uasset" 3845
"C:/Users/kimkiyong/Documents/GitHub/ProjectBBK/Content/ParagonGideon/Characters/Heroes/Gideon/Materials/M_Gideon_Ring_Glow.uexp" 3846
"C:/Users/kimkiyong/Documents/GitHub/ProjectBBK/Content/ParagonGideon/Characters/Heroes/Gideon/Textures/T_Gideon_OuterRing_RGB.ubulk" 3847
"C:/Users/kimkiyong/Documents/GitHub/ProjectBBK/Content/ParagonGideon/Characters/Heroes/Gideon/Textures/T_Gideon_OuterRing_RGB.uasset" 3848
"C:/Users/kimkiyong/Documents/GitHub/ProjectBBK/Content/ParagonGideon/Characters/Heroes/Gideon/Textures/T_Gideon_OuterRing_RGB.uexp" 3849
"C:/Users/kimkiyong/Documents/GitHub/ProjectBBK/Content/ParagonGideon/Characters/Heroes/Gideon/Textures/T_Gideon_OuterRing_Normals.ubulk" 3850
"C:/Users/kimkiyong/Documents/GitHub/ProjectBBK/Content/ParagonGideon/Characters/Heroes/Gideon/Textures/T_Gideon_OuterRing_Normals.uasset" 3851
"C:/Users/kimkiyong/Documents/GitHub/ProjectBBK/Content/ParagonGideon/Characters/Heroes/Gideon/Textures/T_Gideon_OuterRing_Normals.uexp" 3852
"C:/Users/kimkiyong/Documents/GitHub/ProjectBBK/Content/ParagonGideon/Characters/Heroes/Gideon/Textures/T_Gideon_OuterRing_Mask.ubulk" 3853
"C:/Users/kimkiyong/Documents/GitHub/ProjectBBK/Content/ParagonGideon/Characters/Heroes/Gideon/Textures/T_Gideon_OuterRing_Mask.uasset" 3854
"C:/Users/kimkiyong/Documents/GitHub/ProjectBBK/Content/ParagonGideon/Characters/Heroes/Gideon/Textures/T_Gideon_OuterRing_Mask.uexp" 3855
"C:/Users/kimkiyong/Documents/GitHub/ProjectBBK/Content/ParagonGideon/Characters/Heroes/Gideon/Materials/ML_LightGold.uasset" 3856
"C:/Users/kimkiyong/Documents/GitHub/ProjectBBK/Content/ParagonGideon/Characters/Heroes/Gideon/Materials/ML_LightGold.uexp" 3857
"C:/Users/kimkiyong/Documents/GitHub/ProjectBBK/Content/ParagonGideon/Characters/Heroes/Gideon/Materials/MF_Gideon_RingDissolve.uasset" 3858
"C:/Users/kimkiyong/Documents/GitHub/ProjectBBK/Content/ParagonGideon/Characters/Heroes/Gideon/Materials/MF_Gideon_RingDissolve.uexp" 3859
"C:/Users/kimkiyong/Documents/GitHub/ProjectBBK/Content/ParagonGideon/Characters/Global/MaterialLayers/Painted/T_Cream_Paint_D.ubulk" 3860
"C:/Users/kimkiyong/Documents/GitHub/ProjectBBK/Content/ParagonGideon/Characters/Global/MaterialLayers/Painted/T_Cream_Paint_D.uasset" 3861
"C:/Users/kimkiyong/Documents/GitHub/ProjectBBK/Content/ParagonGideon/Characters/Global/MaterialLayers/Painted/T_Cream_Paint_D.uexp" 3862
"C:/Users/kimkiyong/Documents/GitHub/ProjectBBK/Content/ParagonGideon/Characters/Global/MaterialLayers/Painted/T_ML_PaintedConstructionMetal_N.ubulk" 3863
"C:/Users/kimkiyong/Documents/GitHub/ProjectBBK/Content/ParagonGideon/Characters/Global/MaterialLayers/Painted/T_ML_PaintedConstructionMetal_N.uasset" 3864
"C:/Users/kimkiyong/Documents/GitHub/ProjectBBK/Content/ParagonGideon/Characters/Global/MaterialLayers/Painted/T_ML_PaintedConstructionMetal_N.uexp" 3865
"C:/Users/kimkiyong/Documents/GitHub/ProjectBBK/Content/ParagonGideon/Characters/Global/MaterialLayers/Painted/ML_Painted_Blue.uasset" 3866
"C:/Users/kimkiyong/Documents/GitHub/ProjectBBK/Content/ParagonGideon/Characters/Global/MaterialLayers/Painted/ML_Painted_Blue.uexp" 3867
"C:/Users/kimkiyong/Documents/GitHub/ProjectBBK/Content/ParagonGideon/Characters/Heroes/Gideon/Materials/M_Gideon_OuterRing_Particle.uasset" 3868
"C:/Users/kimkiyong/Documents/GitHub/ProjectBBK/Content/ParagonGideon/Characters/Heroes/Gideon/Materials/M_Gideon_OuterRing_Particle.uexp" 3869
"C:/Users/kimkiyong/Documents/GitHub/ProjectBBK/Content/ParagonGideon/Characters/Heroes/Gideon/Materials/M_Gideon_OuterRing_Masked.uasset" 3870
"C:/Users/kimkiyong/Documents/GitHub/ProjectBBK/Content/ParagonGideon/Characters/Heroes/Gideon/Materials/M_Gideon_OuterRing_Masked.uexp" 3871
"C:/Users/kimkiyong/Documents/GitHub/ProjectBBK/Content/ParagonGideon/Characters/Heroes/Gideon/Textures/T_Gideon_Legs_RGB_2.ubulk" 3872
"C:/Users/kimkiyong/Documents/GitHub/ProjectBBK/Content/ParagonGideon/Characters/Heroes/Gideon/Textures/T_Gideon_Legs_RGB_2.uasset" 3873
"C:/Users/kimkiyong/Documents/GitHub/ProjectBBK/Content/ParagonGideon/Characters/Heroes/Gideon/Textures/T_Gideon_Legs_RGB_2.uexp" 3874
"C:/Users/kimkiyong/Documents/GitHub/ProjectBBK/Content/ParagonGideon/Characters/Heroes/Gideon/Textures/T_Gideon_Legs_normals.ubulk" 3875
"C:/Users/kimkiyong/Documents/GitHub/ProjectBBK/Content/ParagonGideon/Characters/Heroes/Gideon/Textures/T_Gideon_Legs_normals.uasset" 3876
"C:/Users/kimkiyong/Documents/GitHub/ProjectBBK/Content/ParagonGideon/Characters/Heroes/Gideon/Textures/T_Gideon_Legs_normals.uexp" 3877
"C:/Users/kimkiyong/Documents/GitHub/ProjectBBK/Content/ParagonGideon/Characters/Heroes/Gideon/Textures/T_Gideon_Legs_Mask.ubulk" 3878
"C:/Users/kimkiyong/Documents/GitHub/ProjectBBK/Content/ParagonGideon/Characters/Heroes/Gideon/Textures/T_Gideon_Legs_Mask.uasset" 3879
"C:/Users/kimkiyong/Documents/GitHub/ProjectBBK/Content/ParagonGideon/Characters/Heroes/Gideon/Textures/T_Gideon_Legs_Mask.uexp" 3880
"C:/Users/kimkiyong/Documents/GitHub/ProjectBBK/Content/ParagonGideon/Characters/Heroes/Gideon/Textures/T_Gideon_Legs_Mask_2.ubulk" 3881
"C:/Users/kimkiyong/Documents/GitHub/ProjectBBK/Content/ParagonGideon/Characters/Heroes/Gideon/Textures/T_Gideon_Legs_Mask_2.uasset" 3882
"C:/Users/kimkiyong/Documents/GitHub/ProjectBBK/Content/ParagonGideon/Characters/Heroes/Gideon/Textures/T_Gideon_Legs_Mask_2.uexp" 3883
"C:/Users/kimkiyong/Documents/GitHub/ProjectBBK/Content/ParagonGideon/Characters/Heroes/Gideon/Materials/M_Gideon_LowerBody.uasset" 3884
"C:/Users/kimkiyong/Documents/GitHub/ProjectBBK/Content/ParagonGideon/Characters/Heroes/Gideon/Materials/M_Gideon_LowerBody.uexp" 3885
"C:/Users/kimkiyong/Documents/GitHub/ProjectBBK/Content/ParagonGideon/Characters/Heroes/Gideon/Textures/T_LP_Rift_Head_N.ubulk" 3886
"C:/Users/kimkiyong/Documents/GitHub/ProjectBBK/Content/ParagonGideon/Characters/Heroes/Gideon/Textures/T_LP_Rift_Head_N.uasset" 3887
"C:/Users/kimkiyong/Documents/GitHub/ProjectBBK/Content/ParagonGideon/Characters/Heroes/Gideon/Textures/T_LP_Rift_Head_N.uexp" 3888
"C:/Users/kimkiyong/Documents/GitHub/ProjectBBK/Content/ParagonGideon/Characters/Heroes/Gideon/Textures/T_Gideon_Head_M.ubulk" 3889
"C:/Users/kimkiyong/Documents/GitHub/ProjectBBK/Content/ParagonGideon/Characters/Heroes/Gideon/Textures/T_Gideon_Head_M.uasset" 3890
"C:/Users/kimkiyong/Documents/GitHub/ProjectBBK/Content/ParagonGideon/Characters/Heroes/Gideon/Textures/T_Gideon_Head_M.uexp" 3891
"C:/Users/kimkiyong/Documents/GitHub/ProjectBBK/Content/ParagonGideon/Characters/Heroes/Gideon/Textures/T_Gideon_Head_Color.ubulk" 3892
"C:/Users/kimkiyong/Documents/GitHub/ProjectBBK/Content/ParagonGideon/Characters/Heroes/Gideon/Textures/T_Gideon_Head_Color.uasset" 3893
"C:/Users/kimkiyong/Documents/GitHub/ProjectBBK/Content/ParagonGideon/Characters/Heroes/Gideon/Textures/T_Gideon_Head_Color.uexp" 3894
"C:/Users/kimkiyong/Documents/GitHub/ProjectBBK/Content/ParagonGideon/Characters/Heroes/Gideon/Materials/SSP_Gideon_Skin.uasset" 3895
"C:/Users/kimkiyong/Documents/GitHub/ProjectBBK/Content/ParagonGideon/Characters/Heroes/Gideon/Materials/SSP_Gideon_Skin.uexp" 3896
"C:/Users/kimkiyong/Documents/GitHub/ProjectBBK/Content/ParagonGideon/Characters/Heroes/Gideon/Materials/M_Gideon_Head.uasset" 3897
"C:/Users/kimkiyong/Documents/GitHub/ProjectBBK/Content/ParagonGideon/Characters/Heroes/Gideon/Materials/M_Gideon_Head.uexp" 3898
"C:/Users/kimkiyong/Documents/GitHub/ProjectBBK/Content/ParagonGideon/Characters/Global/Eyes/Textures/T_Gideon_Corona_D.ubulk" 3899
"C:/Users/kimkiyong/Documents/GitHub/ProjectBBK/Content/ParagonGideon/Characters/Global/Eyes/Textures/T_Gideon_Corona_D.uasset" 3900
"C:/Users/kimkiyong/Documents/GitHub/ProjectBBK/Content/ParagonGideon/Characters/Global/Eyes/Textures/T_Gideon_Corona_D.uexp" 3901
"C:/Users/kimkiyong/Documents/GitHub/ProjectBBK/Content/ParagonGideon/Characters/Global/MaterialFunctions/ML_GideonULTEye.uasset" 3902
"C:/Users/kimkiyong/Documents/GitHub/ProjectBBK/Content/ParagonGideon/Characters/Global/MaterialFunctions/ML_GideonULTEye.uexp" 3903
"C:/Users/kimkiyong/Documents/GitHub/ProjectBBK/Content/ParagonGideon/Characters/Global/Eyes/Textures/Example/T_EyeIrisBaseColor_Example_2.ubulk" 3904
"C:/Users/kimkiyong/Documents/GitHub/ProjectBBK/Content/ParagonGideon/Characters/Global/Eyes/Textures/Example/T_EyeIrisBaseColor_Example_2.uasset" 3905
"C:/Users/kimkiyong/Documents/GitHub/ProjectBBK/Content/ParagonGideon/Characters/Global/Eyes/Textures/Example/T_EyeIrisBaseColor_Example_2.uexp" 3906
"C:/Users/kimkiyong/Documents/GitHub/ProjectBBK/Content/ParagonGideon/Characters/Global/Eyes/Textures/Example/T_EYE_NORMALS.ubulk" 3907
"C:/Users/kimkiyong/Documents/GitHub/ProjectBBK/Content/ParagonGideon/Characters/Global/Eyes/Textures/Example/T_EYE_NORMALS.uasset" 3908
"C:/Users/kimkiyong/Documents/GitHub/ProjectBBK/Content/ParagonGideon/Characters/Global/Eyes/Textures/Example/T_EYE_NORMALS.uexp" 3909
"C:/Users/kimkiyong/Documents/GitHub/ProjectBBK/Content/ParagonGideon/Characters/Global/Eyes/Textures/Example/T_EyeScleraBaseColor_Example_2.ubulk" 3910
"C:/Users/kimkiyong/Documents/GitHub/ProjectBBK/Content/ParagonGideon/Characters/Global/Eyes/Textures/Example/T_EyeScleraBaseColor_Example_2.uasset" 3911
"C:/Users/kimkiyong/Documents/GitHub/ProjectBBK/Content/ParagonGideon/Characters/Global/Eyes/Textures/Example/T_EyeScleraBaseColor_Example_2.uexp" 3912
"C:/Users/kimkiyong/Documents/GitHub/ProjectBBK/Content/ParagonGideon/Characters/Global/Eyes/Textures/Example/T_Eye_Wet_Normal.ubulk" 3913
"C:/Users/kimkiyong/Documents/GitHub/ProjectBBK/Content/ParagonGideon/Characters/Global/Eyes/Textures/Example/T_Eye_Wet_Normal.uasset" 3914
"C:/Users/kimkiyong/Documents/GitHub/ProjectBBK/Content/ParagonGideon/Characters/Global/Eyes/Textures/Example/T_Eye_Wet_Normal.uexp" 3915
"C:/Users/kimkiyong/Documents/GitHub/ProjectBBK/Content/ParagonGideon/Characters/Global/Eyes/Textures/T_Swirly_Noise.ubulk" 3916
"C:/Users/kimkiyong/Documents/GitHub/ProjectBBK/Content/ParagonGideon/Characters/Global/Eyes/Textures/T_Swirly_Noise.uasset" 3917
"C:/Users/kimkiyong/Documents/GitHub/ProjectBBK/Content/ParagonGideon/Characters/Global/Eyes/Textures/T_Swirly_Noise.uexp" 3918
"C:/Users/kimkiyong/Documents/GitHub/ProjectBBK/Content/ParagonGideon/Characters/Global/Eyes/Textures/T_EpicQuadPanorama_CC.uasset" 3919
"C:/Users/kimkiyong/Documents/GitHub/ProjectBBK/Content/ParagonGideon/Characters/Global/Eyes/Textures/T_EpicQuadPanorama_CC.uexp" 3920
"C:/Users/kimkiyong/Documents/GitHub/ProjectBBK/Content/ParagonGideon/Characters/Global/Eyes/Textures/T_DecalMask_Radial03.ubulk" 3921
"C:/Users/kimkiyong/Documents/GitHub/ProjectBBK/Content/ParagonGideon/Characters/Global/Eyes/Textures/T_DecalMask_Radial03.uasset" 3922
"C:/Users/kimkiyong/Documents/GitHub/ProjectBBK/Content/ParagonGideon/Characters/Global/Eyes/Textures/T_DecalMask_Radial03.uexp" 3923
"C:/Users/kimkiyong/Documents/GitHub/ProjectBBK/Content/ParagonGideon/Characters/Global/Eyes/Textures/Example/T_Sphere_EYE_NORMALS.ubulk" 3924
"C:/Users/kimkiyong/Documents/GitHub/ProjectBBK/Content/ParagonGideon/Characters/Global/Eyes/Textures/Example/T_Sphere_EYE_NORMALS.uasset" 3925
"C:/Users/kimkiyong/Documents/GitHub/ProjectBBK/Content/ParagonGideon/Characters/Global/Eyes/Textures/Example/T_Sphere_EYE_NORMALS.uexp" 3926
"C:/Users/kimkiyong/Documents/GitHub/ProjectBBK/Content/ParagonGideon/Characters/Global/Eyes/Textures/Example/T_EyeMidPlaneDisplacement_Example.ubulk" 3927
"C:/Users/kimkiyong/Documents/GitHub/ProjectBBK/Content/ParagonGideon/Characters/Global/Eyes/Textures/Example/T_EyeMidPlaneDisplacement_Example.uasset" 3928
"C:/Users/kimkiyong/Documents/GitHub/ProjectBBK/Content/ParagonGideon/Characters/Global/Eyes/Textures/Example/T_EyeMidPlaneDisplacement_Example.uexp" 3929
"C:/Users/kimkiyong/Documents/GitHub/ProjectBBK/Content/ParagonGideon/Characters/Global/Eyes/Textures/Example/SSP_EyeInner_Profile.uasset" 3930
"C:/Users/kimkiyong/Documents/GitHub/ProjectBBK/Content/ParagonGideon/Characters/Global/Eyes/Textures/Example/SSP_EyeInner_Profile.uexp" 3931
"C:/Users/kimkiyong/Documents/GitHub/ProjectBBK/Content/ParagonGideon/Characters/Global/Eyes/MaterialFunctions/ML_EyeRefraction.uasset" 3932
"C:/Users/kimkiyong/Documents/GitHub/ProjectBBK/Content/ParagonGideon/Characters/Global/Eyes/MaterialFunctions/ML_EyeRefraction.uexp" 3933
"C:/Users/kimkiyong/Documents/GitHub/ProjectBBK/Content/ParagonGideon/Characters/Global/Eyes/Materials/M_EyeRefractive.uasset" 3934
"C:/Users/kimkiyong/Documents/GitHub/ProjectBBK/Content/ParagonGideon/Characters/Global/Eyes/Materials/M_EyeRefractive.uexp" 3935
"C:/Users/kimkiyong/Documents/GitHub/ProjectBBK/Content/ParagonGideon/Characters/Global/Eyes/Textures/Example/T_EyeIrisBaseColor_Example_6.ubulk" 3936
"C:/Users/kimkiyong/Documents/GitHub/ProjectBBK/Content/ParagonGideon/Characters/Global/Eyes/Textures/Example/T_EyeIrisBaseColor_Example_6.uasset" 3937
"C:/Users/kimkiyong/Documents/GitHub/ProjectBBK/Content/ParagonGideon/Characters/Global/Eyes/Textures/Example/T_EyeIrisBaseColor_Example_6.uexp" 3938
"C:/Users/kimkiyong/Documents/GitHub/ProjectBBK/Content/ParagonGideon/Characters/Heroes/Gideon/Materials/M_Gideon_EyeRefractive_Inst.uasset" 3939
"C:/Users/kimkiyong/Documents/GitHub/ProjectBBK/Content/ParagonGideon/Characters/Heroes/Gideon/Materials/M_Gideon_EyeRefractive_Inst.uexp" 3940
"C:/Users/kimkiyong/Documents/GitHub/ProjectBBK/Content/ParagonGideon/Characters/Global/Hair/SharedHairContent/MaleBearded_Gideon/T_BEARD_Alpha_01.ubulk" 3941
"C:/Users/kimkiyong/Documents/GitHub/ProjectBBK/Content/ParagonGideon/Characters/Global/Hair/SharedHairContent/MaleBearded_Gideon/T_BEARD_Alpha_01.uasset" 3942
"C:/Users/kimkiyong/Documents/GitHub/ProjectBBK/Content/ParagonGideon/Characters/Global/Hair/SharedHairContent/MaleBearded_Gideon/T_BEARD_Alpha_01.uexp" 3943
"C:/Users/kimkiyong/Documents/GitHub/ProjectBBK/Content/ParagonGideon/Characters/Global/Hair/SharedHairContent/MaleBearded_Gideon/T_BEARD_Grad_01.ubulk" 3944
"C:/Users/kimkiyong/Documents/GitHub/ProjectBBK/Content/ParagonGideon/Characters/Global/Hair/SharedHairContent/MaleBearded_Gideon/T_BEARD_Grad_01.uasset" 3945
"C:/Users/kimkiyong/Documents/GitHub/ProjectBBK/Content/ParagonGideon/Characters/Global/Hair/SharedHairContent/MaleBearded_Gideon/T_BEARD_Grad_01.uexp" 3946
"C:/Users/kimkiyong/Documents/GitHub/ProjectBBK/Content/ParagonGideon/Characters/Global/Hair/SharedHairContent/MaleBearded_Gideon/T_BEARD_ID_01.ubulk" 3947
"C:/Users/kimkiyong/Documents/GitHub/ProjectBBK/Content/ParagonGideon/Characters/Global/Hair/SharedHairContent/MaleBearded_Gideon/T_BEARD_ID_01.uasset" 3948
"C:/Users/kimkiyong/Documents/GitHub/ProjectBBK/Content/ParagonGideon/Characters/Global/Hair/SharedHairContent/MaleBearded_Gideon/T_BEARD_ID_01.uexp" 3949
"C:/Users/kimkiyong/Documents/GitHub/ProjectBBK/Content/ParagonGideon/Characters/Global/MaterialFunctions/MF_ParagonCharacterHairWind.uasset" 3950
"C:/Users/kimkiyong/Documents/GitHub/ProjectBBK/Content/ParagonGideon/Characters/Global/MaterialFunctions/MF_ParagonCharacterHairWind.uexp" 3951
"C:/Users/kimkiyong/Documents/GitHub/ProjectBBK/Content/ParagonGideon/Characters/Global/Hair/T_gradient_stasis.ubulk" 3952
"C:/Users/kimkiyong/Documents/GitHub/ProjectBBK/Content/ParagonGideon/Characters/Global/Hair/T_gradient_stasis.uasset" 3953
"C:/Users/kimkiyong/Documents/GitHub/ProjectBBK/Content/ParagonGideon/Characters/Global/Hair/T_gradient_stasis.uexp" 3954
"C:/Users/kimkiyong/Documents/GitHub/ProjectBBK/Content/ParagonGideon/Characters/Global/Hair/T_Fire_Tiled_D.ubulk" 3955
"C:/Users/kimkiyong/Documents/GitHub/ProjectBBK/Content/ParagonGideon/Characters/Global/Hair/T_Fire_Tiled_D.uasset" 3956
"C:/Users/kimkiyong/Documents/GitHub/ProjectBBK/Content/ParagonGideon/Characters/Global/Hair/T_Fire_Tiled_D.uexp" 3957
"C:/Users/kimkiyong/Documents/GitHub/ProjectBBK/Content/ParagonGideon/Characters/Global/Hair/T_Caustics_2.ubulk" 3958
"C:/Users/kimkiyong/Documents/GitHub/ProjectBBK/Content/ParagonGideon/Characters/Global/Hair/T_Caustics_2.uasset" 3959
"C:/Users/kimkiyong/Documents/GitHub/ProjectBBK/Content/ParagonGideon/Characters/Global/Hair/T_Caustics_2.uexp" 3960
"C:/Users/kimkiyong/Documents/GitHub/ProjectBBK/Content/ParagonGideon/Characters/Global/Hair/TestContent/T_HairClump02_Roots.ubulk" 3961
"C:/Users/kimkiyong/Documents/GitHub/ProjectBBK/Content/ParagonGideon/Characters/Global/Hair/TestContent/T_HairClump02_Roots.uasset" 3962
"C:/Users/kimkiyong/Documents/GitHub/ProjectBBK/Content/ParagonGideon/Characters/Global/Hair/TestContent/T_HairClump02_Roots.uexp" 3963
"C:/Users/kimkiyong/Documents/GitHub/ProjectBBK/Content/ParagonGideon/Characters/Global/Hair/TestContent/T_HairClump02_ID.ubulk" 3964
"C:/Users/kimkiyong/Documents/GitHub/ProjectBBK/Content/ParagonGideon/Characters/Global/Hair/TestContent/T_HairClump02_ID.uasset" 3965
"C:/Users/kimkiyong/Documents/GitHub/ProjectBBK/Content/ParagonGideon/Characters/Global/Hair/TestContent/T_HairClump02_ID.uexp" 3966
"C:/Users/kimkiyong/Documents/GitHub/ProjectBBK/Content/ParagonGideon/Characters/Global/Hair/TestContent/T_HairClump02_DyeMask.ubulk" 3967
"C:/Users/kimkiyong/Documents/GitHub/ProjectBBK/Content/ParagonGideon/Characters/Global/Hair/TestContent/T_HairClump02_DyeMask.uasset" 3968
"C:/Users/kimkiyong/Documents/GitHub/ProjectBBK/Content/ParagonGideon/Characters/Global/Hair/TestContent/T_HairClump02_DyeMask.uexp" 3969
"C:/Users/kimkiyong/Documents/GitHub/ProjectBBK/Content/ParagonGideon/Characters/Global/Hair/TestContent/T_HairClump02_Depth.ubulk" 3970
"C:/Users/kimkiyong/Documents/GitHub/ProjectBBK/Content/ParagonGideon/Characters/Global/Hair/TestContent/T_HairClump02_Depth.uasset" 3971
"C:/Users/kimkiyong/Documents/GitHub/ProjectBBK/Content/ParagonGideon/Characters/Global/Hair/TestContent/T_HairClump02_Depth.uexp" 3972
"C:/Users/kimkiyong/Documents/GitHub/ProjectBBK/Content/ParagonGideon/Characters/Global/Hair/TestContent/T_HairClump02_Alpha.ubulk" 3973
"C:/Users/kimkiyong/Documents/GitHub/ProjectBBK/Content/ParagonGideon/Characters/Global/Hair/TestContent/T_HairClump02_Alpha.uasset" 3974
"C:/Users/kimkiyong/Documents/GitHub/ProjectBBK/Content/ParagonGideon/Characters/Global/Hair/TestContent/T_HairClump02_Alpha.uexp" 3975
"C:/Users/kimkiyong/Documents/GitHub/ProjectBBK/Content/ParagonGideon/Characters/Global/Hair/Materials/MF_BlendHairColorsWithParam.uasset" 3976
"C:/Users/kimkiyong/Documents/GitHub/ProjectBBK/Content/ParagonGideon/Characters/Global/Hair/Materials/MF_BlendHairColorsWithParam.uexp" 3977
"C:/Users/kimkiyong/Documents/GitHub/ProjectBBK/Content/ParagonGideon/Characters/Global/Hair/Materials/M_HairSheet_Master2.uasset" 3978
"C:/Users/kimkiyong/Documents/GitHub/ProjectBBK/Content/ParagonGideon/Characters/Global/Hair/Materials/M_HairSheet_Master2.uexp" 3979
"C:/Users/kimkiyong/Documents/GitHub/ProjectBBK/Content/ParagonGideon/Characters/Heroes/Gideon/Materials/M_Gideon_Beard.uasset" 3980
"C:/Users/kimkiyong/Documents/GitHub/ProjectBBK/Content/ParagonGideon/Characters/Heroes/Gideon/Materials/M_Gideon_Beard.uexp" 3981
"C:/Users/kimkiyong/Documents/GitHub/ProjectBBK/Content/ParagonGideon/Characters/Global/Eyes/Textures/T_EyeOcclusion2.ubulk" 3982
"C:/Users/kimkiyong/Documents/GitHub/ProjectBBK/Content/ParagonGideon/Characters/Global/Eyes/Textures/T_EyeOcclusion2.uasset" 3983
"C:/Users/kimkiyong/Documents/GitHub/ProjectBBK/Content/ParagonGideon/Characters/Global/Eyes/Textures/T_EyeOcclusion2.uexp" 3984
"C:/Users/kimkiyong/Documents/GitHub/ProjectBBK/Content/ParagonGideon/Characters/Global/Eyes/Materials/M_Eye_Occlusion.uasset" 3985
"C:/Users/kimkiyong/Documents/GitHub/ProjectBBK/Content/ParagonGideon/Characters/Global/Eyes/Materials/M_Eye_Occlusion.uexp" 3986
"C:/Users/kimkiyong/Documents/GitHub/ProjectBBK/Content/ParagonGideon/Characters/Global/Eyes/Textures/T_Eye_Tearduct__normals2.ubulk" 3987
"C:/Users/kimkiyong/Documents/GitHub/ProjectBBK/Content/ParagonGideon/Characters/Global/Eyes/Textures/T_Eye_Tearduct__normals2.uasset" 3988
"C:/Users/kimkiyong/Documents/GitHub/ProjectBBK/Content/ParagonGideon/Characters/Global/Eyes/Textures/T_Eye_Tearduct__normals2.uexp" 3989
"C:/Users/kimkiyong/Documents/GitHub/ProjectBBK/Content/ParagonGideon/Characters/Global/Eyes/Textures/SSP_TearDuctSubsurfaceProfile.uasset" 3990
"C:/Users/kimkiyong/Documents/GitHub/ProjectBBK/Content/ParagonGideon/Characters/Global/Eyes/Textures/SSP_TearDuctSubsurfaceProfile.uexp" 3991
"C:/Users/kimkiyong/Documents/GitHub/ProjectBBK/Content/ParagonGideon/Characters/Global/Eyes/Materials/M_TearDuct_2.uasset" 3992
"C:/Users/kimkiyong/Documents/GitHub/ProjectBBK/Content/ParagonGideon/Characters/Global/Eyes/Materials/M_TearDuct_2.uexp" 3993
"C:/Users/kimkiyong/Documents/GitHub/ProjectBBK/Content/ParagonGideon/Characters/Global/Eyes/Materials/M_TearLine.uasset" 3994
"C:/Users/kimkiyong/Documents/GitHub/ProjectBBK/Content/ParagonGideon/Characters/Global/Eyes/Materials/M_TearLine.uexp" 3995
"C:/Users/kimkiyong/Documents/GitHub/ProjectBBK/Content/ParagonGideon/Characters/Global/Mouth/Textures/T_TeethAndTongue_N.ubulk" 3996
"C:/Users/kimkiyong/Documents/GitHub/ProjectBBK/Content/ParagonGideon/Characters/Global/Mouth/Textures/T_TeethAndTongue_N.uasset" 3997
"C:/Users/kimkiyong/Documents/GitHub/ProjectBBK/Content/ParagonGideon/Characters/Global/Mouth/Textures/T_TeethAndTongue_N.uexp" 3998
"C:/Users/kimkiyong/Documents/GitHub/ProjectBBK/Content/ParagonGideon/Characters/Global/Mouth/Textures/T_TeethAndTongue_D.ubulk" 3999
"C:/Users/kimkiyong/Documents/GitHub/ProjectBBK/Content/ParagonGideon/Characters/Global/Mouth/Textures/T_TeethAndTongue_D.uasset" 4000
"C:/Users/kimkiyong/Documents/GitHub/ProjectBBK/Content/ParagonGideon/Characters/Global/Mouth/Textures/T_TeethAndTongue_D.uexp" 4001
"C:/Users/kimkiyong/Documents/GitHub/ProjectBBK/Content/ParagonGideon/Characters/Global/Mouth/Textures/T_Master_Mouth_1_RGB.ubulk" 4002
"C:/Users/kimkiyong/Documents/GitHub/ProjectBBK/Content/ParagonGideon/Characters/Global/Mouth/Textures/T_Master_Mouth_1_RGB.uasset" 4003
"C:/Users/kimkiyong/Documents/GitHub/ProjectBBK/Content/ParagonGideon/Characters/Global/Mouth/Textures/T_Master_Mouth_1_RGB.uexp" 4004
"C:/Users/kimkiyong/Documents/GitHub/ProjectBBK/Content/ParagonGideon/Characters/Global/Mouth/Textures/T_Master_Mouth_1_N.ubulk" 4005
"C:/Users/kimkiyong/Documents/GitHub/ProjectBBK/Content/ParagonGideon/Characters/Global/Mouth/Textures/T_Master_Mouth_1_N.uasset" 4006
"C:/Users/kimkiyong/Documents/GitHub/ProjectBBK/Content/ParagonGideon/Characters/Global/Mouth/Textures/T_Master_Mouth_1_N.uexp" 4007
"C:/Users/kimkiyong/Documents/GitHub/ProjectBBK/Content/ParagonGideon/Characters/Global/Mouth/Textures/T_Master_Mouth_1_COLOR.ubulk" 4008
"C:/Users/kimkiyong/Documents/GitHub/ProjectBBK/Content/ParagonGideon/Characters/Global/Mouth/Textures/T_Master_Mouth_1_COLOR.uasset" 4009
"C:/Users/kimkiyong/Documents/GitHub/ProjectBBK/Content/ParagonGideon/Characters/Global/Mouth/Textures/T_Master_Mouth_1_COLOR.uexp" 4010
"C:/Users/kimkiyong/Documents/GitHub/ProjectBBK/Content/ParagonGideon/Characters/Global/Mouth/Materials/SSP_TeethSubsurfaceProfile.uasset" 4011
"C:/Users/kimkiyong/Documents/GitHub/ProjectBBK/Content/ParagonGideon/Characters/Global/Mouth/Materials/SSP_TeethSubsurfaceProfile.uexp" 4012
"C:/Users/kimkiyong/Documents/GitHub/ProjectBBK/Content/ParagonGideon/Characters/Global/Mouth/Materials/M_Mouth_Master.uasset" 4013
"C:/Users/kimkiyong/Documents/GitHub/ProjectBBK/Content/ParagonGideon/Characters/Global/Mouth/Materials/M_Mouth_Master.uexp" 4014
"C:/Users/kimkiyong/Documents/GitHub/ProjectBBK/Content/ParagonGideon/Characters/Global/Mouth/Materials/MI_Human_Mouth.uasset" 4015
"C:/Users/kimkiyong/Documents/GitHub/ProjectBBK/Content/ParagonGideon/Characters/Global/Mouth/Materials/MI_Human_Mouth.uexp" 4016
"C:/Users/kimkiyong/Documents/GitHub/ProjectBBK/Content/ParagonGideon/Characters/Heroes/Gideon/Meshes/Gideon.uasset" 4017
"C:/Users/kimkiyong/Documents/GitHub/ProjectBBK/Content/ParagonGideon/Characters/Heroes/Gideon/Meshes/Gideon.uexp" 4018
"C:/Users/kimkiyong/Documents/GitHub/ProjectBBK/Content/FXVarietyPack/Meshes/SM_ky_tornado07.ubulk" 4019
"C:/Users/kimkiyong/Documents/GitHub/ProjectBBK/Content/FXVarietyPack/Meshes/SM_ky_tornado07.uasset" 4020
"C:/Users/kimkiyong/Documents/GitHub/ProjectBBK/Content/FXVarietyPack/Meshes/SM_ky_tornado07.uexp" 4021
"C:/Users/kimkiyong/Documents/GitHub/ProjectBBK/Content/FXVarietyPack/Meshes/SM_ky_circleDist06.ubulk" 4022
"C:/Users/kimkiyong/Documents/GitHub/ProjectBBK/Content/FXVarietyPack/Meshes/SM_ky_circleDist06.uasset" 4023
"C:/Users/kimkiyong/Documents/GitHub/ProjectBBK/Content/FXVarietyPack/Meshes/SM_ky_circleDist06.uexp" 4024
"C:/Users/kimkiyong/Documents/GitHub/ProjectBBK/Content/FXVarietyPack/Materials/M_ky_empty.uasset" 4025
"C:/Users/kimkiyong/Documents/GitHub/ProjectBBK/Content/FXVarietyPack/Materials/M_ky_empty.uexp" 4026
"C:/Users/kimkiyong/Documents/GitHub/ProjectBBK/Content/FXVarietyPack/Textures/T_ky_smoke_kai.ubulk" 4027
"C:/Users/kimkiyong/Documents/GitHub/ProjectBBK/Content/FXVarietyPack/Textures/T_ky_smoke_kai.uasset" 4028
"C:/Users/kimkiyong/Documents/GitHub/ProjectBBK/Content/FXVarietyPack/Textures/T_ky_smoke_kai.uexp" 4029
"C:/Users/kimkiyong/Documents/GitHub/ProjectBBK/Content/FXVarietyPack/Textures/T_ky_dist_noise.uasset" 4030
"C:/Users/kimkiyong/Documents/GitHub/ProjectBBK/Content/FXVarietyPack/Textures/T_ky_dist_noise.uexp" 4031
"C:/Users/kimkiyong/Documents/GitHub/ProjectBBK/Content/FXVarietyPack/Materials/M_ky_base_turbulence.uasset" 4032
"C:/Users/kimkiyong/Documents/GitHub/ProjectBBK/Content/FXVarietyPack/Materials/M_ky_base_turbulence.uexp" 4033
"C:/Users/kimkiyong/Documents/GitHub/ProjectBBK/Content/FXVarietyPack/Materials/MI_ky_turbulence_smoke2d_trs.uasset" 4034
"C:/Users/kimkiyong/Documents/GitHub/ProjectBBK/Content/FXVarietyPack/Materials/MI_ky_turbulence_smoke2d_trs.uexp" 4035
"../../../Engine/Content/EngineResources/DefaultTexture.ubulk" 4036
"../../../Engine/Content/EngineResources/DefaultTexture.uasset" 4037
"../../../Engine/Content/EngineResources/DefaultTexture.uexp" 4038
"C:/Users/kimkiyong/Documents/GitHub/ProjectBBK/Content/FXVarietyPack/Textures/T_ky_noise6.ubulk" 4039
"C:/Users/kimkiyong/Documents/GitHub/ProjectBBK/Content/FXVarietyPack/Textures/T_ky_noise6.uasset" 4040
"C:/Users/kimkiyong/Documents/GitHub/ProjectBBK/Content/FXVarietyPack/Textures/T_ky_noise6.uexp" 4041
"C:/Users/kimkiyong/Documents/GitHub/ProjectBBK/Content/FXVarietyPack/Textures/T_ky_noise5.ubulk" 4042
"C:/Users/kimkiyong/Documents/GitHub/ProjectBBK/Content/FXVarietyPack/Textures/T_ky_noise5.uasset" 4043
"C:/Users/kimkiyong/Documents/GitHub/ProjectBBK/Content/FXVarietyPack/Textures/T_ky_noise5.uexp" 4044
"C:/Users/kimkiyong/Documents/GitHub/ProjectBBK/Content/FXVarietyPack/Textures/T_ky_noise4.ubulk" 4045
"C:/Users/kimkiyong/Documents/GitHub/ProjectBBK/Content/FXVarietyPack/Textures/T_ky_noise4.uasset" 4046
"C:/Users/kimkiyong/Documents/GitHub/ProjectBBK/Content/FXVarietyPack/Textures/T_ky_noise4.uexp" 4047
"C:/Users/kimkiyong/Documents/GitHub/ProjectBBK/Content/FXVarietyPack/Materials/Mfunction/MF_ky_TexController.uasset" 4048
"C:/Users/kimkiyong/Documents/GitHub/ProjectBBK/Content/FXVarietyPack/Materials/Mfunction/MF_ky_TexController.uexp" 4049
"../../../Engine/Content/Functions/Engine_MaterialFunctions03/Texturing/TwoSidedTexturing.uasset" 4050
"../../../Engine/Content/Functions/Engine_MaterialFunctions03/Texturing/TwoSidedTexturing.uexp" 4051
"C:/Users/kimkiyong/Documents/GitHub/ProjectBBK/Content/FXVarietyPack/Materials/M_ky_stormDeco01.uasset" 4052
"C:/Users/kimkiyong/Documents/GitHub/ProjectBBK/Content/FXVarietyPack/Materials/M_ky_stormDeco01.uexp" 4053
"C:/Users/kimkiyong/Documents/GitHub/ProjectBBK/Content/FXVarietyPack/Materials/MI_ky_stormDeco01_fire.uasset" 4054
"C:/Users/kimkiyong/Documents/GitHub/ProjectBBK/Content/FXVarietyPack/Materials/MI_ky_stormDeco01_fire.uexp" 4055
"C:/Users/kimkiyong/Documents/GitHub/ProjectBBK/Content/FXVarietyPack/Textures/T_ky_noise17.ubulk" 4056
"C:/Users/kimkiyong/Documents/GitHub/ProjectBBK/Content/FXVarietyPack/Textures/T_ky_noise17.uasset" 4057
"C:/Users/kimkiyong/Documents/GitHub/ProjectBBK/Content/FXVarietyPack/Textures/T_ky_noise17.uexp" 4058
"C:/Users/kimkiyong/Documents/GitHub/ProjectBBK/Content/FXVarietyPack/Textures/T_ky_maskRGB3.ubulk" 4059
"C:/Users/kimkiyong/Documents/GitHub/ProjectBBK/Content/FXVarietyPack/Textures/T_ky_maskRGB3.uasset" 4060
"C:/Users/kimkiyong/Documents/GitHub/ProjectBBK/Content/FXVarietyPack/Textures/T_ky_maskRGB3.uexp" 4061
"C:/Users/kimkiyong/Documents/GitHub/ProjectBBK/Content/FXVarietyPack/Materials/Mfunction/MF_ky_TexController_primitive.uasset" 4062
"C:/Users/kimkiyong/Documents/GitHub/ProjectBBK/Content/FXVarietyPack/Materials/Mfunction/MF_ky_TexController_primitive.uexp" 4063
"C:/Users/kimkiyong/Documents/GitHub/ProjectBBK/Content/FXVarietyPack/Materials/Mfunction/MF_ky_MaskToTopUnder.uasset" 4064
"C:/Users/kimkiyong/Documents/GitHub/ProjectBBK/Content/FXVarietyPack/Materials/Mfunction/MF_ky_MaskToTopUnder.uexp" 4065
"C:/Users/kimkiyong/Documents/GitHub/ProjectBBK/Content/FXVarietyPack/Materials/Mfunction/MF_ky_AddHilight.uasset" 4066
"C:/Users/kimkiyong/Documents/GitHub/ProjectBBK/Content/FXVarietyPack/Materials/Mfunction/MF_ky_AddHilight.uexp" 4067
"C:/Users/kimkiyong/Documents/GitHub/ProjectBBK/Content/FXVarietyPack/Materials/M_ky_storm01.uasset" 4068
"C:/Users/kimkiyong/Documents/GitHub/ProjectBBK/Content/FXVarietyPack/Materials/M_ky_storm01.uexp" 4069
"C:/Users/kimkiyong/Documents/GitHub/ProjectBBK/Content/FXVarietyPack/Materials/MI_ky_storm01_fire_nonD1.uasset" 4070
"C:/Users/kimkiyong/Documents/GitHub/ProjectBBK/Content/FXVarietyPack/Materials/MI_ky_storm01_fire_nonD1.uexp" 4071
"C:/Users/kimkiyong/Documents/GitHub/ProjectBBK/Content/FXVarietyPack/Materials/MI_ky_storm01_fire.uasset" 4072
"C:/Users/kimkiyong/Documents/GitHub/ProjectBBK/Content/FXVarietyPack/Materials/MI_ky_storm01_fire.uexp" 4073
"C:/Users/kimkiyong/Documents/GitHub/ProjectBBK/Content/FXVarietyPack/Textures/T_ky_flare_a.ubulk" 4074
"C:/Users/kimkiyong/Documents/GitHub/ProjectBBK/Content/FXVarietyPack/Textures/T_ky_flare_a.uasset" 4075
"C:/Users/kimkiyong/Documents/GitHub/ProjectBBK/Content/FXVarietyPack/Textures/T_ky_flare_a.uexp" 4076
"C:/Users/kimkiyong/Documents/GitHub/ProjectBBK/Content/FXVarietyPack/Materials/M_ky_flare_flash.uasset" 4077
"C:/Users/kimkiyong/Documents/GitHub/ProjectBBK/Content/FXVarietyPack/Materials/M_ky_flare_flash.uexp" 4078
"C:/Users/kimkiyong/Documents/GitHub/ProjectBBK/Content/FXVarietyPack/Materials/MI_ky_flare_flash_trs.uasset" 4079
"C:/Users/kimkiyong/Documents/GitHub/ProjectBBK/Content/FXVarietyPack/Materials/MI_ky_flare_flash_trs.uexp" 4080
"C:/Users/kimkiyong/Documents/GitHub/ProjectBBK/Content/FXVarietyPack/Textures/T_ky_smoke2.ubulk" 4081
"C:/Users/kimkiyong/Documents/GitHub/ProjectBBK/Content/FXVarietyPack/Textures/T_ky_smoke2.uasset" 4082
"C:/Users/kimkiyong/Documents/GitHub/ProjectBBK/Content/FXVarietyPack/Textures/T_ky_smoke2.uexp" 4083
"C:/Users/kimkiyong/Documents/GitHub/ProjectBBK/Content/FXVarietyPack/Textures/T_ky_noise3.ubulk" 4084
"C:/Users/kimkiyong/Documents/GitHub/ProjectBBK/Content/FXVarietyPack/Textures/T_ky_noise3.uasset" 4085
"C:/Users/kimkiyong/Documents/GitHub/ProjectBBK/Content/FXVarietyPack/Textures/T_ky_noise3.uexp" 4086
"C:/Users/kimkiyong/Documents/GitHub/ProjectBBK/Content/FXVarietyPack/Materials/M_ky_dynDust.uasset" 4087
"C:/Users/kimkiyong/Documents/GitHub/ProjectBBK/Content/FXVarietyPack/Materials/M_ky_dynDust.uexp" 4088
"C:/Users/kimkiyong/Documents/GitHub/ProjectBBK/Content/FXVarietyPack/Materials/MI_ky_dynDust.uasset" 4089
"C:/Users/kimkiyong/Documents/GitHub/ProjectBBK/Content/FXVarietyPack/Materials/MI_ky_dynDust.uexp" 4090
"C:/Users/kimkiyong/Documents/GitHub/ProjectBBK/Content/FXVarietyPack/Particles/P_ky_fireStorm.uasset" 4091
"C:/Users/kimkiyong/Documents/GitHub/ProjectBBK/Content/FXVarietyPack/Particles/P_ky_fireStorm.uexp" 4092
"C:/Users/kimkiyong/Documents/GitHub/ProjectBBK/Content/Monster/Object/BPC_BossStorm.uasset" 4093
"C:/Users/kimkiyong/Documents/GitHub/ProjectBBK/Content/Monster/Object/BPC_BossStorm.uexp" 4094
"C:/Users/kimkiyong/Documents/GitHub/ProjectBBK/Content/ParagonRevenant/Characters/Global/Hair/T_Fire_Tiled_D.ubulk" 4095
"C:/Users/kimkiyong/Documents/GitHub/ProjectBBK/Content/ParagonRevenant/Characters/Global/Hair/T_Fire_Tiled_D.uasset" 4096
"C:/Users/kimkiyong/Documents/GitHub/ProjectBBK/Content/ParagonRevenant/Characters/Global/Hair/T_Fire_Tiled_D.uexp" 4097
"C:/Users/kimkiyong/Documents/GitHub/ProjectBBK/Content/Monster/Decal/Material/Decal/MagicCircleFiredecal.uasset" 4098
"C:/Users/kimkiyong/Documents/GitHub/ProjectBBK/Content/Monster/Decal/Material/Decal/MagicCircleFiredecal.uexp" 4099
"C:/Users/kimkiyong/Documents/GitHub/ProjectBBK/Content/Monster/GA/BPC_BossStormPatternGA.uasset" 4100
"C:/Users/kimkiyong/Documents/GitHub/ProjectBBK/Content/Monster/GA/BPC_BossStormPatternGA.uexp" 4101
"C:/Users/kimkiyong/Documents/GitHub/ProjectBBK/Content/FXVarietyPack/Textures/T_ky_smoke1.ubulk" 4102
"C:/Users/kimkiyong/Documents/GitHub/ProjectBBK/Content/FXVarietyPack/Textures/T_ky_smoke1.uasset" 4103
"C:/Users/kimkiyong/Documents/GitHub/ProjectBBK/Content/FXVarietyPack/Textures/T_ky_smoke1.uexp" 4104
"C:/Users/kimkiyong/Documents/GitHub/ProjectBBK/Content/FXVarietyPack/Materials/M_ky_smoke01.uasset" 4105
"C:/Users/kimkiyong/Documents/GitHub/ProjectBBK/Content/FXVarietyPack/Materials/M_ky_smoke01.uexp" 4106
"C:/Users/kimkiyong/Documents/GitHub/ProjectBBK/Content/FXVarietyPack/Particles/P_ky_fireBall.uasset" 4107
"C:/Users/kimkiyong/Documents/GitHub/ProjectBBK/Content/FXVarietyPack/Particles/P_ky_fireBall.uexp" 4108
"C:/Users/kimkiyong/Documents/GitHub/ProjectBBK/Content/Monster/Object/BPC_BossProjectile.uasset" 4109
"C:/Users/kimkiyong/Documents/GitHub/ProjectBBK/Content/Monster/Object/BPC_BossProjectile.uexp" 4110
"C:/Users/kimkiyong/Documents/GitHub/ProjectBBK/Content/ParagonGideon/Characters/Heroes/Gideon/Animations/Idle.uasset" 4111
"C:/Users/kimkiyong/Documents/GitHub/ProjectBBK/Content/ParagonGideon/Characters/Heroes/Gideon/Animations/Idle.uexp" 4112
"C:/Users/kimkiyong/Documents/GitHub/ProjectBBK/Content/ParagonGideon/Characters/Heroes/Gideon/Animations/Primary_Attack_B_Medium_Additive.uasset" 4113
"C:/Users/kimkiyong/Documents/GitHub/ProjectBBK/Content/ParagonGideon/Characters/Heroes/Gideon/Animations/Primary_Attack_B_Medium_Additive.uexp" 4114
"C:/Users/kimkiyong/Documents/GitHub/ProjectBBK/Content/Monster/MonsterBP/Boss/Anim/BossNormalMontage.uasset" 4115
"C:/Users/kimkiyong/Documents/GitHub/ProjectBBK/Content/Monster/MonsterBP/Boss/Anim/BossNormalMontage.uexp" 4116
"C:/Users/kimkiyong/Documents/GitHub/ProjectBBK/Content/Monster/GA/BPC_BossNormalAttackGA.uasset" 4117
"C:/Users/kimkiyong/Documents/GitHub/ProjectBBK/Content/Monster/GA/BPC_BossNormalAttackGA.uexp" 4118
"C:/Users/kimkiyong/Documents/GitHub/ProjectBBK/Content/Monster/Object/BPC_GridLaser.uasset" 4119
"C:/Users/kimkiyong/Documents/GitHub/ProjectBBK/Content/Monster/Object/BPC_GridLaser.uexp" 4120
"../../../Engine/Content/BasicShapes/Plane.ubulk" 4121
"../../../Engine/Content/BasicShapes/Plane.uasset" 4122
"../../../Engine/Content/BasicShapes/Plane.uexp" 4123
"C:/Users/kimkiyong/Documents/GitHub/ProjectBBK/Content/Monster/Decal/Material/Decal/MagicCircleFire.uasset" 4124
"C:/Users/kimkiyong/Documents/GitHub/ProjectBBK/Content/Monster/Decal/Material/Decal/MagicCircleFire.uexp" 4125
"C:/Users/kimkiyong/Documents/GitHub/ProjectBBK/Content/Monster/Object/BPC_BossGhostClone.uasset" 4126
"C:/Users/kimkiyong/Documents/GitHub/ProjectBBK/Content/Monster/Object/BPC_BossGhostClone.uexp" 4127
"C:/Users/kimkiyong/Documents/GitHub/ProjectBBK/Content/Monster/DataTable/DT_LaserPattern.uasset" 4128
"C:/Users/kimkiyong/Documents/GitHub/ProjectBBK/Content/Monster/DataTable/DT_LaserPattern.uexp" 4129
"C:/Users/kimkiyong/Documents/GitHub/ProjectBBK/Content/ParagonGideon/Characters/Heroes/Gideon/Animations/Blackhole_Start.uasset" 4130
"C:/Users/kimkiyong/Documents/GitHub/ProjectBBK/Content/ParagonGideon/Characters/Heroes/Gideon/Animations/Blackhole_Start.uexp" 4131
"C:/Users/kimkiyong/Documents/GitHub/ProjectBBK/Content/Monster/MonsterBP/Boss/Anim/Charge_Montage.uasset" 4132
"C:/Users/kimkiyong/Documents/GitHub/ProjectBBK/Content/Monster/MonsterBP/Boss/Anim/Charge_Montage.uexp" 4133
"C:/Users/kimkiyong/Documents/GitHub/ProjectBBK/Content/ParagonGideon/Characters/Heroes/Gideon/Animations/BlackHole_Loop2.uasset" 4134
"C:/Users/kimkiyong/Documents/GitHub/ProjectBBK/Content/ParagonGideon/Characters/Heroes/Gideon/Animations/BlackHole_Loop2.uexp" 4135
"C:/Users/kimkiyong/Documents/GitHub/ProjectBBK/Content/Monster/MonsterBP/Boss/Anim/Fire_Montage2.uasset" 4136
"C:/Users/kimkiyong/Documents/GitHub/ProjectBBK/Content/Monster/MonsterBP/Boss/Anim/Fire_Montage2.uexp" 4137
"C:/Users/kimkiyong/Documents/GitHub/ProjectBBK/Content/Monster/GA/BPC_BossGridLaserPatternGA.uasset" 4138
"C:/Users/kimkiyong/Documents/GitHub/ProjectBBK/Content/Monster/GA/BPC_BossGridLaserPatternGA.uexp" 4139
"C:/Users/kimkiyong/Documents/GitHub/ProjectBBK/Content/Monster/Object/BPC_BossBeam.uasset" 4140
"C:/Users/kimkiyong/Documents/GitHub/ProjectBBK/Content/Monster/Object/BPC_BossBeam.uexp" 4141
"C:/Users/kimkiyong/Documents/GitHub/ProjectBBK/Content/Monster/MonsterBP/Boss/Anim/BeamFireMontage.uasset" 4142
"C:/Users/kimkiyong/Documents/GitHub/ProjectBBK/Content/Monster/MonsterBP/Boss/Anim/BeamFireMontage.uexp" 4143
"C:/Users/kimkiyong/Documents/GitHub/ProjectBBK/Content/ParagonGideon/Characters/Heroes/Gideon/Animations/BeamStart.uasset" 4144
"C:/Users/kimkiyong/Documents/GitHub/ProjectBBK/Content/ParagonGideon/Characters/Heroes/Gideon/Animations/BeamStart.uexp" 4145
"C:/Users/kimkiyong/Documents/GitHub/ProjectBBK/Content/Monster/MonsterBP/Boss/Anim/BeamStartMontage.uasset" 4146
"C:/Users/kimkiyong/Documents/GitHub/ProjectBBK/Content/Monster/MonsterBP/Boss/Anim/BeamStartMontage.uexp" 4147
"C:/Users/kimkiyong/Documents/GitHub/ProjectBBK/Content/Monster/GA/BPC_BossBeamPatternGA.uasset" 4148
"C:/Users/kimkiyong/Documents/GitHub/ProjectBBK/Content/Monster/GA/BPC_BossBeamPatternGA.uexp" 4149
"C:/Users/kimkiyong/Documents/GitHub/ProjectBBK/Content/Monster/AI/BT_Monter_Boss.uasset" 4150
"C:/Users/kimkiyong/Documents/GitHub/ProjectBBK/Content/Monster/AI/BT_Monter_Boss.uexp" 4151
"C:/Users/kimkiyong/Documents/GitHub/ProjectBBK/Content/ParagonGideon/Characters/Heroes/Gideon/Animations/TravelMode_Hover_Turn_Right.uasset" 4152
"C:/Users/kimkiyong/Documents/GitHub/ProjectBBK/Content/ParagonGideon/Characters/Heroes/Gideon/Animations/TravelMode_Hover_Turn_Right.uexp" 4153
"C:/Users/kimkiyong/Documents/GitHub/ProjectBBK/Content/ParagonGideon/Characters/Heroes/Gideon/Animations/TravelMode_Hover_Turn_Left.uasset" 4154
"C:/Users/kimkiyong/Documents/GitHub/ProjectBBK/Content/ParagonGideon/Characters/Heroes/Gideon/Animations/TravelMode_Hover_Turn_Left.uexp" 4155
"C:/Users/kimkiyong/Documents/GitHub/ProjectBBK/Content/ParagonGideon/Characters/Heroes/Gideon/Animations/TravelMode_Hover_Idle.uasset" 4156
"C:/Users/kimkiyong/Documents/GitHub/ProjectBBK/Content/ParagonGideon/Characters/Heroes/Gideon/Animations/TravelMode_Hover_Idle.uexp" 4157
"C:/Users/kimkiyong/Documents/GitHub/ProjectBBK/Content/Monster/MonsterBP/Boss/Anim/BS_BossMonster.uasset" 4158
"C:/Users/kimkiyong/Documents/GitHub/ProjectBBK/Content/Monster/MonsterBP/Boss/Anim/BS_BossMonster.uexp" 4159
"C:/Users/kimkiyong/Documents/GitHub/ProjectBBK/Content/Monster/MonsterBP/Boss/Anim/ABP_BossMonster.uasset" 4160
"C:/Users/kimkiyong/Documents/GitHub/ProjectBBK/Content/Monster/MonsterBP/Boss/Anim/ABP_BossMonster.uexp" 4161
"C:/Users/kimkiyong/Documents/GitHub/ProjectBBK/Content/ParagonGideon/Characters/Heroes/Gideon/Animations/Stun_Loop.uasset" 4162
"C:/Users/kimkiyong/Documents/GitHub/ProjectBBK/Content/ParagonGideon/Characters/Heroes/Gideon/Animations/Stun_Loop.uexp" 4163
"C:/Users/kimkiyong/Documents/GitHub/ProjectBBK/Content/ParagonGideon/Characters/Heroes/Gideon/Animations/BossStun.uasset" 4164
"C:/Users/kimkiyong/Documents/GitHub/ProjectBBK/Content/ParagonGideon/Characters/Heroes/Gideon/Animations/BossStun.uexp" 4165
"C:/Users/kimkiyong/Documents/GitHub/ProjectBBK/Content/ParagonGideon/Characters/Heroes/Gideon/Animations/Death_Back.uasset" 4166
"C:/Users/kimkiyong/Documents/GitHub/ProjectBBK/Content/ParagonGideon/Characters/Heroes/Gideon/Animations/Death_Back.uexp" 4167
"C:/Users/kimkiyong/Documents/GitHub/ProjectBBK/Content/ParagonGideon/Characters/Heroes/Gideon/Animations/BossDeath.uasset" 4168
"C:/Users/kimkiyong/Documents/GitHub/ProjectBBK/Content/ParagonGideon/Characters/Heroes/Gideon/Animations/BossDeath.uexp" 4169
"C:/Users/kimkiyong/Documents/GitHub/ProjectBBK/Content/Monster/MonsterBP/Boss/BPC_BossMonster.uasset" 4170
"C:/Users/kimkiyong/Documents/GitHub/ProjectBBK/Content/Monster/MonsterBP/Boss/BPC_BossMonster.uexp" 4171
"C:/Users/kimkiyong/Documents/GitHub/ProjectBBK/Content/FantasyBundle/Meshes/SM_MetalGate02.ubulk" 4172
"C:/Users/kimkiyong/Documents/GitHub/ProjectBBK/Content/FantasyBundle/Meshes/SM_MetalGate02.uasset" 4173
"C:/Users/kimkiyong/Documents/GitHub/ProjectBBK/Content/FantasyBundle/Meshes/SM_MetalGate02.uexp" 4174
"C:/Users/kimkiyong/Documents/GitHub/ProjectBBK/Content/Maps/Level/L_PlayBoss1.uexp" 4175
"C:/Users/kimkiyong/Documents/GitHub/ProjectBBK/Content/Maps/Level/L_PlayBoss1.ubulk" 4176
"C:/Users/kimkiyong/Documents/GitHub/ProjectBBK/Content/Maps/Level/L_PlayBoss1.umap" 4177
"../../../Engine/Content/Maps/Templates/OpenWorld/_Generated_/7E8MPC3Z1ENYFQOFU0TO8H1O3.uexp" 4178
"../../../Engine/Content/Maps/Templates/OpenWorld/_Generated_/7E8MPC3Z1ENYFQOFU0TO8H1O3.ubulk" 4179
"../../../Engine/Content/Maps/Templates/OpenWorld/_Generated_/7E8MPC3Z1ENYFQOFU0TO8H1O3.umap" 4180
"../../../Engine/Content/Maps/Templates/OpenWorld/_Generated_/EUV70YALLEKX8DTKFHA9JZCNR.uexp" 4181
"../../../Engine/Content/Maps/Templates/OpenWorld/_Generated_/EUV70YALLEKX8DTKFHA9JZCNR.ubulk" 4182
"../../../Engine/Content/Maps/Templates/OpenWorld/_Generated_/EUV70YALLEKX8DTKFHA9JZCNR.umap" 4183
"../../../Engine/Content/Maps/Templates/OpenWorld/_Generated_/EJQVVAI5ME30NB6FGJ49AXY9F.uexp" 4184
"../../../Engine/Content/Maps/Templates/OpenWorld/_Generated_/EJQVVAI5ME30NB6FGJ49AXY9F.ubulk" 4185
"../../../Engine/Content/Maps/Templates/OpenWorld/_Generated_/EJQVVAI5ME30NB6FGJ49AXY9F.umap" 4186
"../../../Engine/Content/Maps/Templates/OpenWorld/_Generated_/1KA8PENA07S1TLPYUQT1ADWJW.uexp" 4187
"../../../Engine/Content/Maps/Templates/OpenWorld/_Generated_/1KA8PENA07S1TLPYUQT1ADWJW.ubulk" 4188
"../../../Engine/Content/Maps/Templates/OpenWorld/_Generated_/1KA8PENA07S1TLPYUQT1ADWJW.umap" 4189
"../../../Engine/Content/Maps/Templates/OpenWorld/_Generated_/1XRO772MR72DR4NTZXXPNQLCL.uexp" 4190
"../../../Engine/Content/Maps/Templates/OpenWorld/_Generated_/1XRO772MR72DR4NTZXXPNQLCL.ubulk" 4191
"../../../Engine/Content/Maps/Templates/OpenWorld/_Generated_/1XRO772MR72DR4NTZXXPNQLCL.umap" 4192
"../../../Engine/Content/Maps/Templates/OpenWorld/_Generated_/8HTVHG4ZV10ESALAMDOXITR27.uexp" 4193
"../../../Engine/Content/Maps/Templates/OpenWorld/_Generated_/8HTVHG4ZV10ESALAMDOXITR27.ubulk" 4194
"../../../Engine/Content/Maps/Templates/OpenWorld/_Generated_/8HTVHG4ZV10ESALAMDOXITR27.umap" 4195
"../../../Engine/Content/Maps/Templates/OpenWorld/_Generated_/0DKNXQ64G0741WMB1HG25AYNU.uexp" 4196
"../../../Engine/Content/Maps/Templates/OpenWorld/_Generated_/0DKNXQ64G0741WMB1HG25AYNU.ubulk" 4197
"../../../Engine/Content/Maps/Templates/OpenWorld/_Generated_/0DKNXQ64G0741WMB1HG25AYNU.umap" 4198
"../../../Engine/Content/Maps/Templates/OpenWorld/_Generated_/A162FR22SPAI1JX798GP4T1ZY.uexp" 4199
"../../../Engine/Content/Maps/Templates/OpenWorld/_Generated_/A162FR22SPAI1JX798GP4T1ZY.ubulk" 4200
"../../../Engine/Content/Maps/Templates/OpenWorld/_Generated_/A162FR22SPAI1JX798GP4T1ZY.umap" 4201
"../../../Engine/Content/Maps/Templates/OpenWorld/_Generated_/4ZN1OJP2B964Q0681LMOH9CAD.uexp" 4202
"../../../Engine/Content/Maps/Templates/OpenWorld/_Generated_/4ZN1OJP2B964Q0681LMOH9CAD.ubulk" 4203
"../../../Engine/Content/Maps/Templates/OpenWorld/_Generated_/4ZN1OJP2B964Q0681LMOH9CAD.umap" 4204
"../../../Engine/Content/Maps/Templates/OpenWorld/_Generated_/2KZONTR6XMIOC1XIKLEAIDFGK.uexp" 4205
"../../../Engine/Content/Maps/Templates/OpenWorld/_Generated_/2KZONTR6XMIOC1XIKLEAIDFGK.ubulk" 4206
"../../../Engine/Content/Maps/Templates/OpenWorld/_Generated_/2KZONTR6XMIOC1XIKLEAIDFGK.umap" 4207
"../../../Engine/Content/Maps/Templates/OpenWorld/_Generated_/0ULS9JG1EER47G9XYQAP7GS53.uexp" 4208
"../../../Engine/Content/Maps/Templates/OpenWorld/_Generated_/0ULS9JG1EER47G9XYQAP7GS53.ubulk" 4209
"../../../Engine/Content/Maps/Templates/OpenWorld/_Generated_/0ULS9JG1EER47G9XYQAP7GS53.umap" 4210
"../../../Engine/Content/Maps/Templates/OpenWorld/_Generated_/9CG6NSY5SPFUYJH4AIWXX1QD9.uexp" 4211
"../../../Engine/Content/Maps/Templates/OpenWorld/_Generated_/9CG6NSY5SPFUYJH4AIWXX1QD9.ubulk" 4212
"../../../Engine/Content/Maps/Templates/OpenWorld/_Generated_/9CG6NSY5SPFUYJH4AIWXX1QD9.umap" 4213
"../../../Engine/Content/Maps/Templates/OpenWorld/_Generated_/23ZR7LQ5LZ3FS0PMCR1ZKJBX5.uexp" 4214
"../../../Engine/Content/Maps/Templates/OpenWorld/_Generated_/23ZR7LQ5LZ3FS0PMCR1ZKJBX5.ubulk" 4215
"../../../Engine/Content/Maps/Templates/OpenWorld/_Generated_/23ZR7LQ5LZ3FS0PMCR1ZKJBX5.umap" 4216
"../../../Engine/Content/Maps/Templates/OpenWorld/_Generated_/5589EJ3YNAFY0K517GT76Z3EM.uexp" 4217
"../../../Engine/Content/Maps/Templates/OpenWorld/_Generated_/5589EJ3YNAFY0K517GT76Z3EM.ubulk" 4218
"../../../Engine/Content/Maps/Templates/OpenWorld/_Generated_/5589EJ3YNAFY0K517GT76Z3EM.umap" 4219
"../../../Engine/Content/Maps/Templates/OpenWorld/_Generated_/D1DN3JVAKT1IU41G7WQCLQRAM.uexp" 4220
"../../../Engine/Content/Maps/Templates/OpenWorld/_Generated_/D1DN3JVAKT1IU41G7WQCLQRAM.ubulk" 4221
"../../../Engine/Content/Maps/Templates/OpenWorld/_Generated_/D1DN3JVAKT1IU41G7WQCLQRAM.umap" 4222
"../../../Engine/Content/Maps/Templates/OpenWorld/_Generated_/11FM09D4X0P92LN4J15MPZWTO.uexp" 4223
"../../../Engine/Content/Maps/Templates/OpenWorld/_Generated_/11FM09D4X0P92LN4J15MPZWTO.ubulk" 4224
"../../../Engine/Content/Maps/Templates/OpenWorld/_Generated_/11FM09D4X0P92LN4J15MPZWTO.umap" 4225
"../../../Engine/Content/Maps/Templates/OpenWorld/_Generated_/0YRZP86H9BCB7FYAVAQIEYRCY.uexp" 4226
"../../../Engine/Content/Maps/Templates/OpenWorld/_Generated_/0YRZP86H9BCB7FYAVAQIEYRCY.ubulk" 4227
"../../../Engine/Content/Maps/Templates/OpenWorld/_Generated_/0YRZP86H9BCB7FYAVAQIEYRCY.umap" 4228
"../../../Engine/Content/Maps/Templates/OpenWorld/_Generated_/EDEENOWTZDO3K761WYC6F62MH.uexp" 4229
"../../../Engine/Content/Maps/Templates/OpenWorld/_Generated_/EDEENOWTZDO3K761WYC6F62MH.ubulk" 4230
"../../../Engine/Content/Maps/Templates/OpenWorld/_Generated_/EDEENOWTZDO3K761WYC6F62MH.umap" 4231
"../../../Engine/Content/Maps/Templates/OpenWorld/_Generated_/1BX0BGYZ17G0U09675N1KG9F8.uexp" 4232
"../../../Engine/Content/Maps/Templates/OpenWorld/_Generated_/1BX0BGYZ17G0U09675N1KG9F8.ubulk" 4233
"../../../Engine/Content/Maps/Templates/OpenWorld/_Generated_/1BX0BGYZ17G0U09675N1KG9F8.umap" 4234
"../../../Engine/Content/Maps/Templates/OpenWorld/_Generated_/18QM8YK0GSQ018IPR6OT7RJC5.uexp" 4235
"../../../Engine/Content/Maps/Templates/OpenWorld/_Generated_/18QM8YK0GSQ018IPR6OT7RJC5.ubulk" 4236
"../../../Engine/Content/Maps/Templates/OpenWorld/_Generated_/18QM8YK0GSQ018IPR6OT7RJC5.umap" 4237
"../../../Engine/Content/Maps/Templates/OpenWorld/_Generated_/2NGRSF81RI2C7PGU0F4UWZ4QP.uexp" 4238
"../../../Engine/Content/Maps/Templates/OpenWorld/_Generated_/2NGRSF81RI2C7PGU0F4UWZ4QP.ubulk" 4239
"../../../Engine/Content/Maps/Templates/OpenWorld/_Generated_/2NGRSF81RI2C7PGU0F4UWZ4QP.umap" 4240
"../../../Engine/Content/Maps/Templates/OpenWorld/_Generated_/CTLYDDTL70JB2XY8IR8UZ41PX.uexp" 4241
"../../../Engine/Content/Maps/Templates/OpenWorld/_Generated_/CTLYDDTL70JB2XY8IR8UZ41PX.ubulk" 4242
"../../../Engine/Content/Maps/Templates/OpenWorld/_Generated_/CTLYDDTL70JB2XY8IR8UZ41PX.umap" 4243
"../../../Engine/Content/Maps/Templates/OpenWorld/_Generated_/BT99C0BD1H8P4P6YI5OOM83O3.uexp" 4244
"../../../Engine/Content/Maps/Templates/OpenWorld/_Generated_/BT99C0BD1H8P4P6YI5OOM83O3.ubulk" 4245
"../../../Engine/Content/Maps/Templates/OpenWorld/_Generated_/BT99C0BD1H8P4P6YI5OOM83O3.umap" 4246
"../../../Engine/Content/Maps/Templates/OpenWorld/_Generated_/CI21SMK3TPP9F7V768J0FQPFN.uexp" 4247
"../../../Engine/Content/Maps/Templates/OpenWorld/_Generated_/CI21SMK3TPP9F7V768J0FQPFN.ubulk" 4248
"../../../Engine/Content/Maps/Templates/OpenWorld/_Generated_/CI21SMK3TPP9F7V768J0FQPFN.umap" 4249
"../../../Engine/Content/Maps/Templates/OpenWorld/_Generated_/5JAFRUW7M8C40BCVQK2GXFJNJ.uexp" 4250
"../../../Engine/Content/Maps/Templates/OpenWorld/_Generated_/5JAFRUW7M8C40BCVQK2GXFJNJ.ubulk" 4251
"../../../Engine/Content/Maps/Templates/OpenWorld/_Generated_/5JAFRUW7M8C40BCVQK2GXFJNJ.umap" 4252
"../../../Engine/Content/Maps/Templates/OpenWorld/_Generated_/7W0EWM8OGZ345XSTZNS5AQMBI.uexp" 4253
"../../../Engine/Content/Maps/Templates/OpenWorld/_Generated_/7W0EWM8OGZ345XSTZNS5AQMBI.ubulk" 4254
"../../../Engine/Content/Maps/Templates/OpenWorld/_Generated_/7W0EWM8OGZ345XSTZNS5AQMBI.umap" 4255
"../../../Engine/Content/Maps/Templates/OpenWorld/_Generated_/264SVRNDEWW4MGWUIDC4BTIXK.uexp" 4256
"../../../Engine/Content/Maps/Templates/OpenWorld/_Generated_/264SVRNDEWW4MGWUIDC4BTIXK.ubulk" 4257
"../../../Engine/Content/Maps/Templates/OpenWorld/_Generated_/264SVRNDEWW4MGWUIDC4BTIXK.umap" 4258
"../../../Engine/Content/Maps/Templates/OpenWorld/_Generated_/8FBSR6G98CEOTI59LE9GFCH6X.uexp" 4259
"../../../Engine/Content/Maps/Templates/OpenWorld/_Generated_/8FBSR6G98CEOTI59LE9GFCH6X.ubulk" 4260
"../../../Engine/Content/Maps/Templates/OpenWorld/_Generated_/8FBSR6G98CEOTI59LE9GFCH6X.umap" 4261
"../../../Engine/Content/Maps/Templates/OpenWorld/_Generated_/5GC7QNJQ9XVF1C45OZMTCJC0G.uexp" 4262
"../../../Engine/Content/Maps/Templates/OpenWorld/_Generated_/5GC7QNJQ9XVF1C45OZMTCJC0G.ubulk" 4263
"../../../Engine/Content/Maps/Templates/OpenWorld/_Generated_/5GC7QNJQ9XVF1C45OZMTCJC0G.umap" 4264
"../../../Engine/Content/Maps/Templates/OpenWorld/_Generated_/DCTE9CM81UE50WYEPVQYX7F1G.uexp" 4265
"../../../Engine/Content/Maps/Templates/OpenWorld/_Generated_/DCTE9CM81UE50WYEPVQYX7F1G.ubulk" 4266
"../../../Engine/Content/Maps/Templates/OpenWorld/_Generated_/DCTE9CM81UE50WYEPVQYX7F1G.umap" 4267
"../../../Engine/Content/Maps/Templates/OpenWorld/_Generated_/6STUIE5HIVZGCEZANDWW93U27.uexp" 4268
"../../../Engine/Content/Maps/Templates/OpenWorld/_Generated_/6STUIE5HIVZGCEZANDWW93U27.ubulk" 4269
"../../../Engine/Content/Maps/Templates/OpenWorld/_Generated_/6STUIE5HIVZGCEZANDWW93U27.umap" 4270
"../../../Engine/Content/Maps/Templates/OpenWorld/_Generated_/0FO269CJJPT1KWUNPV8I3D7HF.uexp" 4271
"../../../Engine/Content/Maps/Templates/OpenWorld/_Generated_/0FO269CJJPT1KWUNPV8I3D7HF.ubulk" 4272
"../../../Engine/Content/Maps/Templates/OpenWorld/_Generated_/0FO269CJJPT1KWUNPV8I3D7HF.umap" 4273
"../../../Engine/Content/Maps/Templates/OpenWorld/_Generated_/9SC5WUA5JIS0UM415PBWV1RPM.uexp" 4274
"../../../Engine/Content/Maps/Templates/OpenWorld/_Generated_/9SC5WUA5JIS0UM415PBWV1RPM.ubulk" 4275
"../../../Engine/Content/Maps/Templates/OpenWorld/_Generated_/9SC5WUA5JIS0UM415PBWV1RPM.umap" 4276
"../../../Engine/Content/Maps/Templates/OpenWorld/_Generated_/14TWR481M9BR03G9I7NG4KINT.uexp" 4277
"../../../Engine/Content/Maps/Templates/OpenWorld/_Generated_/14TWR481M9BR03G9I7NG4KINT.ubulk" 4278
"../../../Engine/Content/Maps/Templates/OpenWorld/_Generated_/14TWR481M9BR03G9I7NG4KINT.umap" 4279
"../../../Engine/Content/Maps/Templates/OpenWorld/_Generated_/EVZZ44OOC35CBVX4NIVJ6ZF92.uexp" 4280
"../../../Engine/Content/Maps/Templates/OpenWorld/_Generated_/EVZZ44OOC35CBVX4NIVJ6ZF92.ubulk" 4281
"../../../Engine/Content/Maps/Templates/OpenWorld/_Generated_/EVZZ44OOC35CBVX4NIVJ6ZF92.umap" 4282
"../../../Engine/Content/Maps/Templates/OpenWorld/_Generated_/BXVJS9DZO1LTJ87VJXMLNXJ85.uexp" 4283
"../../../Engine/Content/Maps/Templates/OpenWorld/_Generated_/BXVJS9DZO1LTJ87VJXMLNXJ85.ubulk" 4284
"../../../Engine/Content/Maps/Templates/OpenWorld/_Generated_/BXVJS9DZO1LTJ87VJXMLNXJ85.umap" 4285
"../../../Engine/Content/Maps/Templates/OpenWorld/_Generated_/9NTQYTBKVO06SRUD63GKC165Y.uexp" 4286
"../../../Engine/Content/Maps/Templates/OpenWorld/_Generated_/9NTQYTBKVO06SRUD63GKC165Y.ubulk" 4287
"../../../Engine/Content/Maps/Templates/OpenWorld/_Generated_/9NTQYTBKVO06SRUD63GKC165Y.umap" 4288
"../../../Engine/Content/Maps/Templates/OpenWorld/_Generated_/5JYRKCDWVZW8AS85ROYF9H9AR.uexp" 4289
"../../../Engine/Content/Maps/Templates/OpenWorld/_Generated_/5JYRKCDWVZW8AS85ROYF9H9AR.ubulk" 4290
"../../../Engine/Content/Maps/Templates/OpenWorld/_Generated_/5JYRKCDWVZW8AS85ROYF9H9AR.umap" 4291
"../../../Engine/Content/Maps/Templates/OpenWorld/_Generated_/ETTXYQ53RP132MUZA505BMZBV.uexp" 4292
"../../../Engine/Content/Maps/Templates/OpenWorld/_Generated_/ETTXYQ53RP132MUZA505BMZBV.ubulk" 4293
"../../../Engine/Content/Maps/Templates/OpenWorld/_Generated_/ETTXYQ53RP132MUZA505BMZBV.umap" 4294
"../../../Engine/Content/Maps/Templates/OpenWorld/_Generated_/DQ6VH2NBB7RXPEUMYIX9HP52D.uexp" 4295
"../../../Engine/Content/Maps/Templates/OpenWorld/_Generated_/DQ6VH2NBB7RXPEUMYIX9HP52D.ubulk" 4296
"../../../Engine/Content/Maps/Templates/OpenWorld/_Generated_/DQ6VH2NBB7RXPEUMYIX9HP52D.umap" 4297
"../../../Engine/Content/Maps/Templates/OpenWorld/_Generated_/8MWLTTOWQ9MQISB0FTDRBG27N.uexp" 4298
"../../../Engine/Content/Maps/Templates/OpenWorld/_Generated_/8MWLTTOWQ9MQISB0FTDRBG27N.ubulk" 4299
"../../../Engine/Content/Maps/Templates/OpenWorld/_Generated_/8MWLTTOWQ9MQISB0FTDRBG27N.umap" 4300
"../../../Engine/Content/Maps/Templates/OpenWorld/_Generated_/52ROPPDGP6LV1T2TJ05NFM0XY.uexp" 4301
"../../../Engine/Content/Maps/Templates/OpenWorld/_Generated_/52ROPPDGP6LV1T2TJ05NFM0XY.ubulk" 4302
"../../../Engine/Content/Maps/Templates/OpenWorld/_Generated_/52ROPPDGP6LV1T2TJ05NFM0XY.umap" 4303
"../../../Engine/Content/Maps/Templates/OpenWorld/_Generated_/ERDR3X7GTNEIJLJS14Q6QZGUD.uexp" 4304
"../../../Engine/Content/Maps/Templates/OpenWorld/_Generated_/ERDR3X7GTNEIJLJS14Q6QZGUD.ubulk" 4305
"../../../Engine/Content/Maps/Templates/OpenWorld/_Generated_/ERDR3X7GTNEIJLJS14Q6QZGUD.umap" 4306
"../../../Engine/Content/Maps/Templates/OpenWorld/_Generated_/47IZ3J3V5ZG6TMR3GM3VMJ2Y2.uexp" 4307
"../../../Engine/Content/Maps/Templates/OpenWorld/_Generated_/47IZ3J3V5ZG6TMR3GM3VMJ2Y2.ubulk" 4308
"../../../Engine/Content/Maps/Templates/OpenWorld/_Generated_/47IZ3J3V5ZG6TMR3GM3VMJ2Y2.umap" 4309
"../../../Engine/Content/Maps/Templates/OpenWorld/_Generated_/5YLXSWDD6B74X559RZ9RN5K99.uexp" 4310
"../../../Engine/Content/Maps/Templates/OpenWorld/_Generated_/5YLXSWDD6B74X559RZ9RN5K99.ubulk" 4311
"../../../Engine/Content/Maps/Templates/OpenWorld/_Generated_/5YLXSWDD6B74X559RZ9RN5K99.umap" 4312
"../../../Engine/Content/Maps/Templates/OpenWorld/_Generated_/5Y4REHE1GDAJJ90DPEI1VVKT8.uexp" 4313
"../../../Engine/Content/Maps/Templates/OpenWorld/_Generated_/5Y4REHE1GDAJJ90DPEI1VVKT8.ubulk" 4314
"../../../Engine/Content/Maps/Templates/OpenWorld/_Generated_/5Y4REHE1GDAJJ90DPEI1VVKT8.umap" 4315
"../../../Engine/Content/Maps/Templates/OpenWorld/_Generated_/6U1Q6DZVXYENNRFSLB9Q4MBCV.uexp" 4316
"../../../Engine/Content/Maps/Templates/OpenWorld/_Generated_/6U1Q6DZVXYENNRFSLB9Q4MBCV.ubulk" 4317
"../../../Engine/Content/Maps/Templates/OpenWorld/_Generated_/6U1Q6DZVXYENNRFSLB9Q4MBCV.umap" 4318
"../../../Engine/Content/Maps/Templates/OpenWorld/_Generated_/0FBSY5KVOXKO2F95PG60Y9LQ1.uexp" 4319
"../../../Engine/Content/Maps/Templates/OpenWorld/_Generated_/0FBSY5KVOXKO2F95PG60Y9LQ1.ubulk" 4320
"../../../Engine/Content/Maps/Templates/OpenWorld/_Generated_/0FBSY5KVOXKO2F95PG60Y9LQ1.umap" 4321
"../../../Engine/Content/Maps/Templates/OpenWorld/_Generated_/EYFK9JZPSX06MOH3LNAI7SW92.uexp" 4322
"../../../Engine/Content/Maps/Templates/OpenWorld/_Generated_/EYFK9JZPSX06MOH3LNAI7SW92.ubulk" 4323
"../../../Engine/Content/Maps/Templates/OpenWorld/_Generated_/EYFK9JZPSX06MOH3LNAI7SW92.umap" 4324
"../../../Engine/Content/Maps/Templates/OpenWorld/_Generated_/7IZRC9ECG7XKK61Q37LY67KCB.uexp" 4325
"../../../Engine/Content/Maps/Templates/OpenWorld/_Generated_/7IZRC9ECG7XKK61Q37LY67KCB.ubulk" 4326
"../../../Engine/Content/Maps/Templates/OpenWorld/_Generated_/7IZRC9ECG7XKK61Q37LY67KCB.umap" 4327
"../../../Engine/Content/Maps/Templates/OpenWorld/_Generated_/CMII0KWF4DK79CQ7FNE3VYZ0Y.uexp" 4328
"../../../Engine/Content/Maps/Templates/OpenWorld/_Generated_/CMII0KWF4DK79CQ7FNE3VYZ0Y.ubulk" 4329
"../../../Engine/Content/Maps/Templates/OpenWorld/_Generated_/CMII0KWF4DK79CQ7FNE3VYZ0Y.umap" 4330
"../../../Engine/Content/Maps/Templates/OpenWorld/_Generated_/2EXPORCQWFXA0VGPUZFFEH42V.uexp" 4331
"../../../Engine/Content/Maps/Templates/OpenWorld/_Generated_/2EXPORCQWFXA0VGPUZFFEH42V.ubulk" 4332
"../../../Engine/Content/Maps/Templates/OpenWorld/_Generated_/2EXPORCQWFXA0VGPUZFFEH42V.umap" 4333
"../../../Engine/Content/Maps/Templates/OpenWorld/_Generated_/B11KFXDGHHWI998I49YF8OSCV.uexp" 4334
"../../../Engine/Content/Maps/Templates/OpenWorld/_Generated_/B11KFXDGHHWI998I49YF8OSCV.ubulk" 4335
"../../../Engine/Content/Maps/Templates/OpenWorld/_Generated_/B11KFXDGHHWI998I49YF8OSCV.umap" 4336
"../../../Engine/Content/Maps/Templates/OpenWorld/_Generated_/4VMFP9X0E1WZQ30W8JQB6M1YL.uexp" 4337
"../../../Engine/Content/Maps/Templates/OpenWorld/_Generated_/4VMFP9X0E1WZQ30W8JQB6M1YL.ubulk" 4338
"../../../Engine/Content/Maps/Templates/OpenWorld/_Generated_/4VMFP9X0E1WZQ30W8JQB6M1YL.umap" 4339
"../../../Engine/Content/Maps/Templates/OpenWorld/_Generated_/CGX8O6ITCT8PB63Y6Q4CTFLKF.uexp" 4340
"../../../Engine/Content/Maps/Templates/OpenWorld/_Generated_/CGX8O6ITCT8PB63Y6Q4CTFLKF.ubulk" 4341
"../../../Engine/Content/Maps/Templates/OpenWorld/_Generated_/CGX8O6ITCT8PB63Y6Q4CTFLKF.umap" 4342
"../../../Engine/Content/Maps/Templates/OpenWorld/_Generated_/91C65FSOVE5PX3RH3ZE5R7AWP.uexp" 4343
"../../../Engine/Content/Maps/Templates/OpenWorld/_Generated_/91C65FSOVE5PX3RH3ZE5R7AWP.ubulk" 4344
"../../../Engine/Content/Maps/Templates/OpenWorld/_Generated_/91C65FSOVE5PX3RH3ZE5R7AWP.umap" 4345
"../../../Engine/Content/Maps/Templates/OpenWorld/_Generated_/D528WYH177JBF1MVERKEF59XI.uexp" 4346
"../../../Engine/Content/Maps/Templates/OpenWorld/_Generated_/D528WYH177JBF1MVERKEF59XI.ubulk" 4347
"../../../Engine/Content/Maps/Templates/OpenWorld/_Generated_/D528WYH177JBF1MVERKEF59XI.umap" 4348
"../../../Engine/Content/Maps/Templates/OpenWorld/_Generated_/90YKWZXGBC5Q8M7RFK49P371F.uexp" 4349
"../../../Engine/Content/Maps/Templates/OpenWorld/_Generated_/90YKWZXGBC5Q8M7RFK49P371F.ubulk" 4350
"../../../Engine/Content/Maps/Templates/OpenWorld/_Generated_/90YKWZXGBC5Q8M7RFK49P371F.umap" 4351
"../../../Engine/Content/Maps/Templates/OpenWorld/_Generated_/560Q2YQDUSHN6VRUZ0LHOWU97.uexp" 4352
"../../../Engine/Content/Maps/Templates/OpenWorld/_Generated_/560Q2YQDUSHN6VRUZ0LHOWU97.ubulk" 4353
"../../../Engine/Content/Maps/Templates/OpenWorld/_Generated_/560Q2YQDUSHN6VRUZ0LHOWU97.umap" 4354
"../../../Engine/Content/Maps/Templates/OpenWorld/_Generated_/9DWYO4CR8ZRKRYVNPHDVJTYH4.uexp" 4355
"../../../Engine/Content/Maps/Templates/OpenWorld/_Generated_/9DWYO4CR8ZRKRYVNPHDVJTYH4.ubulk" 4356
"../../../Engine/Content/Maps/Templates/OpenWorld/_Generated_/9DWYO4CR8ZRKRYVNPHDVJTYH4.umap" 4357
"../../../Engine/Content/Maps/Templates/OpenWorld/_Generated_/3VF47RGRS9W4BJX2S86EFTVJD.uexp" 4358
"../../../Engine/Content/Maps/Templates/OpenWorld/_Generated_/3VF47RGRS9W4BJX2S86EFTVJD.ubulk" 4359
"../../../Engine/Content/Maps/Templates/OpenWorld/_Generated_/3VF47RGRS9W4BJX2S86EFTVJD.umap" 4360
"../../../Engine/Content/Maps/Templates/OpenWorld/_Generated_/062VPHY2A664O1BFN6K10ZTFC.uexp" 4361
"../../../Engine/Content/Maps/Templates/OpenWorld/_Generated_/062VPHY2A664O1BFN6K10ZTFC.ubulk" 4362
"../../../Engine/Content/Maps/Templates/OpenWorld/_Generated_/062VPHY2A664O1BFN6K10ZTFC.umap" 4363
"../../../Engine/Content/Maps/Templates/OpenWorld/_Generated_/7QAN0CUPH7L6XIAXVC415BO3H.uexp" 4364
"../../../Engine/Content/Maps/Templates/OpenWorld/_Generated_/7QAN0CUPH7L6XIAXVC415BO3H.ubulk" 4365
"../../../Engine/Content/Maps/Templates/OpenWorld/_Generated_/7QAN0CUPH7L6XIAXVC415BO3H.umap" 4366
"../../../Engine/Content/Maps/Templates/OpenWorld/_Generated_/A7UZ852D2ZZOKJMRIHDRWHDZ8.uexp" 4367
"../../../Engine/Content/Maps/Templates/OpenWorld/_Generated_/A7UZ852D2ZZOKJMRIHDRWHDZ8.ubulk" 4368
"../../../Engine/Content/Maps/Templates/OpenWorld/_Generated_/A7UZ852D2ZZOKJMRIHDRWHDZ8.umap" 4369
